Command line invocation:
    /Applications/Xcode_26.3.app/Contents/Developer/usr/bin/xcodebuild archive -workspace /Users/runner/work/Album_Clean/Album_Clean/PhoneCleaner.xcworkspace -scheme PhoneCleaner -configuration Release -destination generic/platform=iOS -skipMacroValidation -skipPackagePluginValidation -archivePath /Users/runner/work/Album_Clean/Album_Clean/build.xcarchive

2026-07-24 01:40:16.791 xcodebuild[6490:23622] [MT] IDERunDestination: Supported platforms for the buildables in the current scheme is empty.
ComputePackagePrebuildTargetDependencyGraph

Prepare packages

CreateBuildRequest

SendProjectDescription

CreateBuildOperation

ComputeTargetDependencyGraph
note: Building targets in dependency order
note: Target dependency graph (5 targets)
    Target 'PhoneCleaner' in project 'PhoneCleaner'
        ➜ Implicit dependency on target 'Pods-PhoneCleaner' in project 'Pods' via file 'Pods_PhoneCleaner.framework' in build phase 'Link Binary'
        ➜ Implicit dependency on target 'PlusKit' in project 'Pods' via options '-framework PlusKit' in build setting 'OTHER_LDFLAGS'
    Target 'Pods-PhoneCleaner' in project 'Pods'
        ➜ Explicit dependency on target 'PlusKit' in project 'Pods'
        ➜ Explicit dependency on target 'UMCommon' in project 'Pods'
        ➜ Explicit dependency on target 'UMDevice' in project 'Pods'
    Target 'PlusKit' in project 'Pods'
        ➜ Explicit dependency on target 'UMCommon' in project 'Pods'
        ➜ Explicit dependency on target 'UMDevice' in project 'Pods'
    Target 'UMCommon' in project 'Pods'
        ➜ Explicit dependency on target 'UMDevice' in project 'Pods'
    Target 'UMDevice' in project 'Pods' (no dependencies)

GatherProvisioningInputs

CreateBuildDescription

ExecuteExternalTool /Applications/Xcode_26.3.app/Contents/Developer/Toolchains/XcodeDefault.xctoolchain/usr/bin/clang -v -E -dM -isysroot /Applications/Xcode_26.3.app/Contents/Developer/Platforms/iPhoneOS.platform/Developer/SDKs/iPhoneOS26.2.sdk -x c -c /dev/null

ExecuteExternalTool /Applications/Xcode_26.3.app/Contents/Developer/Toolchains/XcodeDefault.xctoolchain/usr/bin/clang -v -E -dM -arch arm64 -isysroot /Applications/Xcode_26.3.app/Contents/Developer/Platforms/iPhoneOS.platform/Developer/SDKs/iPhoneOS26.2.sdk -x c -c /dev/null

ExecuteExternalTool /Applications/Xcode_26.3.app/Contents/Developer/Toolchains/XcodeDefault.xctoolchain/usr/bin/clang -v -E -dM -arch arm64 -isysroot /Applications/Xcode_26.3.app/Contents/Developer/Platforms/iPhoneOS.platform/Developer/SDKs/iPhoneOS26.2.sdk -x objective-c -c /dev/null

ExecuteExternalTool /Applications/Xcode_26.3.app/Contents/Developer/usr/bin/actool --print-asset-tag-combinations --output-format xml1 /Users/runner/work/Album_Clean/Album_Clean/Sources/Resources/Assets.xcassets

ExecuteExternalTool /Applications/Xcode_26.3.app/Contents/Developer/Toolchains/XcodeDefault.xctoolchain/usr/bin/swiftc --version

ExecuteExternalTool /Applications/Xcode_26.3.app/Contents/Developer/Toolchains/XcodeDefault.xctoolchain/usr/bin/libtool -V

ExecuteExternalTool /Applications/Xcode_26.3.app/Contents/Developer/usr/bin/actool --version --output-format xml1

ExecuteExternalTool /Applications/Xcode_26.3.app/Contents/Developer/Toolchains/XcodeDefault.xctoolchain/usr/bin/ld -version_details

Build description signature: d4a054a7eea350098950a7807c76ec47
Build description path: /Users/runner/Library/Developer/Xcode/DerivedData/PhoneCleaner-dcdzrjknxopvksduvixuduaydjkh/Build/Intermediates.noindex/ArchiveIntermediates/PhoneCleaner/IntermediateBuildFilesPath/XCBuildData/d4a054a7eea350098950a7807c76ec47.xcbuilddata
CreateBuildDirectory /Users/runner/Library/Developer/Xcode/DerivedData/PhoneCleaner-dcdzrjknxopvksduvixuduaydjkh/Build/Intermediates.noindex/ArchiveIntermediates/PhoneCleaner/InstallationBuildProductsLocation
    cd /Users/runner/work/Album_Clean/Album_Clean
    builtin-create-build-directory /Users/runner/Library/Developer/Xcode/DerivedData/PhoneCleaner-dcdzrjknxopvksduvixuduaydjkh/Build/Intermediates.noindex/ArchiveIntermediates/PhoneCleaner/InstallationBuildProductsLocation

ClangStatCache /Applications/Xcode_26.3.app/Contents/Developer/Toolchains/XcodeDefault.xctoolchain/usr/bin/clang-stat-cache /Applications/Xcode_26.3.app/Contents/Developer/Platforms/iPhoneOS.platform/Developer/SDKs/iPhoneOS26.2.sdk /Users/runner/Library/Developer/Xcode/DerivedData/SDKStatCaches.noindex/iphoneos26.2-23C57-dc75598d0054f22ec865fa860f139d722dd23b4ebda140f7210d155ff1243552.sdkstatcache
    cd /Users/runner/work/Album_Clean/Album_Clean
    /Applications/Xcode_26.3.app/Contents/Developer/Toolchains/XcodeDefault.xctoolchain/usr/bin/clang-stat-cache /Applications/Xcode_26.3.app/Contents/Developer/Platforms/iPhoneOS.platform/Developer/SDKs/iPhoneOS26.2.sdk -o /Users/runner/Library/Developer/Xcode/DerivedData/SDKStatCaches.noindex/iphoneos26.2-23C57-dc75598d0054f22ec865fa860f139d722dd23b4ebda140f7210d155ff1243552.sdkstatcache

CreateBuildDirectory /Users/runner/Library/Developer/Xcode/DerivedData/PhoneCleaner-dcdzrjknxopvksduvixuduaydjkh/Build/Intermediates.noindex/ArchiveIntermediates/PhoneCleaner/IntermediateBuildFilesPath
    cd /Users/runner/work/Album_Clean/Album_Clean
    builtin-create-build-directory /Users/runner/Library/Developer/Xcode/DerivedData/PhoneCleaner-dcdzrjknxopvksduvixuduaydjkh/Build/Intermediates.noindex/ArchiveIntermediates/PhoneCleaner/IntermediateBuildFilesPath

CreateBuildDirectory /Users/runner/Library/Developer/Xcode/DerivedData/PhoneCleaner-dcdzrjknxopvksduvixuduaydjkh/Build/Intermediates.noindex/ArchiveIntermediates/PhoneCleaner/BuildProductsPath
    cd /Users/runner/work/Album_Clean/Album_Clean
    builtin-create-build-directory /Users/runner/Library/Developer/Xcode/DerivedData/PhoneCleaner-dcdzrjknxopvksduvixuduaydjkh/Build/Intermediates.noindex/ArchiveIntermediates/PhoneCleaner/BuildProductsPath

WriteAuxiliaryFile /Users/runner/Library/Developer/Xcode/DerivedData/PhoneCleaner-dcdzrjknxopvksduvixuduaydjkh/Build/Intermediates.noindex/ArchiveIntermediates/PhoneCleaner/IntermediateBuildFilesPath/Pods.build/Release-iphoneos/Pods-8699adb1dd336b26511df848a716bd42-VFS-iphoneos/all-product-headers.yaml
    cd /Users/runner/work/Album_Clean/Album_Clean
    write-file /Users/runner/Library/Developer/Xcode/DerivedData/PhoneCleaner-dcdzrjknxopvksduvixuduaydjkh/Build/Intermediates.noindex/ArchiveIntermediates/PhoneCleaner/IntermediateBuildFilesPath/Pods.build/Release-iphoneos/Pods-8699adb1dd336b26511df848a716bd42-VFS-iphoneos/all-product-headers.yaml

WriteAuxiliaryFile /Users/runner/Library/Developer/Xcode/DerivedData/PhoneCleaner-dcdzrjknxopvksduvixuduaydjkh/Build/Intermediates.noindex/ArchiveIntermediates/PhoneCleaner/IntermediateBuildFilesPath/PhoneCleaner.build/Release-iphoneos/PhoneCleaner-9143eb50b9da544b35b9d1ee6b1f2f0c-VFS-iphoneos/all-product-headers.yaml
    cd /Users/runner/work/Album_Clean/Album_Clean
    write-file /Users/runner/Library/Developer/Xcode/DerivedData/PhoneCleaner-dcdzrjknxopvksduvixuduaydjkh/Build/Intermediates.noindex/ArchiveIntermediates/PhoneCleaner/IntermediateBuildFilesPath/PhoneCleaner.build/Release-iphoneos/PhoneCleaner-9143eb50b9da544b35b9d1ee6b1f2f0c-VFS-iphoneos/all-product-headers.yaml

WriteAuxiliaryFile /Users/runner/Library/Developer/Xcode/DerivedData/PhoneCleaner-dcdzrjknxopvksduvixuduaydjkh/Build/Intermediates.noindex/ArchiveIntermediates/PhoneCleaner/IntermediateBuildFilesPath/Pods.build/Release-iphoneos/UMDevice.build/Script-7B13831D9CF964C4EA9B9F8771413E5A.sh (in target 'UMDevice' from project 'Pods')
    cd /Users/runner/work/Album_Clean/Album_Clean/Pods
    write-file /Users/runner/Library/Developer/Xcode/DerivedData/PhoneCleaner-dcdzrjknxopvksduvixuduaydjkh/Build/Intermediates.noindex/ArchiveIntermediates/PhoneCleaner/IntermediateBuildFilesPath/Pods.build/Release-iphoneos/UMDevice.build/Script-7B13831D9CF964C4EA9B9F8771413E5A.sh

WriteAuxiliaryFile /Users/runner/Library/Developer/Xcode/DerivedData/PhoneCleaner-dcdzrjknxopvksduvixuduaydjkh/Build/Intermediates.noindex/ArchiveIntermediates/PhoneCleaner/IntermediateBuildFilesPath/Pods.build/Release-iphoneos/UMDevice.build/OutputFileList-7B13831D9CF964C4EA9B9F8771413E5A-UMDevice-xcframeworks-output-files-57c806d0f0335c510033a6fdf14de8fe-resolved.xcfilelist (in target 'UMDevice' from project 'Pods')
    cd /Users/runner/work/Album_Clean/Album_Clean/Pods
    write-file /Users/runner/Library/Developer/Xcode/DerivedData/PhoneCleaner-dcdzrjknxopvksduvixuduaydjkh/Build/Intermediates.noindex/ArchiveIntermediates/PhoneCleaner/IntermediateBuildFilesPath/Pods.build/Release-iphoneos/UMDevice.build/OutputFileList-7B13831D9CF964C4EA9B9F8771413E5A-UMDevice-xcframeworks-output-files-57c806d0f0335c510033a6fdf14de8fe-resolved.xcfilelist

WriteAuxiliaryFile /Users/runner/Library/Developer/Xcode/DerivedData/PhoneCleaner-dcdzrjknxopvksduvixuduaydjkh/Build/Intermediates.noindex/ArchiveIntermediates/PhoneCleaner/IntermediateBuildFilesPath/Pods.build/Release-iphoneos/UMDevice.build/InputFileList-7B13831D9CF964C4EA9B9F8771413E5A-UMDevice-xcframeworks-input-files-257b1aa357e052874cd66e9cf9109abf-resolved.xcfilelist (in target 'UMDevice' from project 'Pods')
    cd /Users/runner/work/Album_Clean/Album_Clean/Pods
    write-file /Users/runner/Library/Developer/Xcode/DerivedData/PhoneCleaner-dcdzrjknxopvksduvixuduaydjkh/Build/Intermediates.noindex/ArchiveIntermediates/PhoneCleaner/IntermediateBuildFilesPath/Pods.build/Release-iphoneos/UMDevice.build/InputFileList-7B13831D9CF964C4EA9B9F8771413E5A-UMDevice-xcframeworks-input-files-257b1aa357e052874cd66e9cf9109abf-resolved.xcfilelist

PhaseScriptExecution [CP]\ Copy\ XCFrameworks /Users/runner/Library/Developer/Xcode/DerivedData/PhoneCleaner-dcdzrjknxopvksduvixuduaydjkh/Build/Intermediates.noindex/ArchiveIntermediates/PhoneCleaner/IntermediateBuildFilesPath/Pods.build/Release-iphoneos/UMDevice.build/Script-7B13831D9CF964C4EA9B9F8771413E5A.sh (in target 'UMDevice' from project 'Pods')
    cd /Users/runner/work/Album_Clean/Album_Clean/Pods
    /bin/sh -c /Users/runner/Library/Developer/Xcode/DerivedData/PhoneCleaner-dcdzrjknxopvksduvixuduaydjkh/Build/Intermediates.noindex/ArchiveIntermediates/PhoneCleaner/IntermediateBuildFilesPath/Pods.build/Release-iphoneos/UMDevice.build/Script-7B13831D9CF964C4EA9B9F8771413E5A.sh
Selected xcframework slice ios-arm64
rsync --delete -av --filter P .*.?????? --links --filter "- CVS/" --filter "- .svn/" --filter "- .git/" --filter "- .hg/" "/Users/runner/work/Album_Clean/Album_Clean/Pods/UMDevice/UMDevice_3.6.0/UMDevice.xcframework/ios-arm64/*" "/Users/runner/Library/Developer/Xcode/DerivedData/PhoneCleaner-dcdzrjknxopvksduvixuduaydjkh/Build/Intermediates.noindex/ArchiveIntermediates/PhoneCleaner/BuildProductsPath/Release-iphoneos/XCFrameworkIntermediates/UMDevice"
Transfer starting: 14 files
UMDevice.framework/
UMDevice.framework/Info.plist
UMDevice.framework/PrivacyInfo.xcprivacy
UMDevice.framework/UMDevice
UMDevice.framework/Headers/
UMDevice.framework/Headers/UMZid.h
UMDevice.framework/Modules/
UMDevice.framework/Modules/module.modulemap
UMDevice.framework/_CodeSignature/
UMDevice.framework/_CodeSignature/CodeDirectory
UMDevice.framework/_CodeSignature/CodeRequirements
UMDevice.framework/_CodeSignature/CodeRequirements-1
UMDevice.framework/_CodeSignature/CodeResources
UMDevice.framework/_CodeSignature/CodeSignature

sent 158825 bytes  received 264 bytes  19640617 bytes/sec
total size is 157345  speedup is 0.99
Copied /Users/runner/work/Album_Clean/Album_Clean/Pods/UMDevice/UMDevice_3.6.0/UMDevice.xcframework/ios-arm64 to /Users/runner/Library/Developer/Xcode/DerivedData/PhoneCleaner-dcdzrjknxopvksduvixuduaydjkh/Build/Intermediates.noindex/ArchiveIntermediates/PhoneCleaner/BuildProductsPath/Release-iphoneos/XCFrameworkIntermediates/UMDevice

WriteAuxiliaryFile /Users/runner/Library/Developer/Xcode/DerivedData/PhoneCleaner-dcdzrjknxopvksduvixuduaydjkh/Build/Intermediates.noindex/ArchiveIntermediates/PhoneCleaner/IntermediateBuildFilesPath/Pods.build/Release-iphoneos/UMCommon.build/Script-08662676B1EF35D82E36D376541DE1B6.sh (in target 'UMCommon' from project 'Pods')
    cd /Users/runner/work/Album_Clean/Album_Clean/Pods
    write-file /Users/runner/Library/Developer/Xcode/DerivedData/PhoneCleaner-dcdzrjknxopvksduvixuduaydjkh/Build/Intermediates.noindex/ArchiveIntermediates/PhoneCleaner/IntermediateBuildFilesPath/Pods.build/Release-iphoneos/UMCommon.build/Script-08662676B1EF35D82E36D376541DE1B6.sh

WriteAuxiliaryFile /Users/runner/Library/Developer/Xcode/DerivedData/PhoneCleaner-dcdzrjknxopvksduvixuduaydjkh/Build/Intermediates.noindex/ArchiveIntermediates/PhoneCleaner/IntermediateBuildFilesPath/Pods.build/Release-iphoneos/UMCommon.build/OutputFileList-08662676B1EF35D82E36D376541DE1B6-UMCommon-xcframeworks-output-files-99e1b1eef30fea633d69887d7b3a6b8d-resolved.xcfilelist (in target 'UMCommon' from project 'Pods')
    cd /Users/runner/work/Album_Clean/Album_Clean/Pods
    write-file /Users/runner/Library/Developer/Xcode/DerivedData/PhoneCleaner-dcdzrjknxopvksduvixuduaydjkh/Build/Intermediates.noindex/ArchiveIntermediates/PhoneCleaner/IntermediateBuildFilesPath/Pods.build/Release-iphoneos/UMCommon.build/OutputFileList-08662676B1EF35D82E36D376541DE1B6-UMCommon-xcframeworks-output-files-99e1b1eef30fea633d69887d7b3a6b8d-resolved.xcfilelist

WriteAuxiliaryFile /Users/runner/Library/Developer/Xcode/DerivedData/PhoneCleaner-dcdzrjknxopvksduvixuduaydjkh/Build/Intermediates.noindex/ArchiveIntermediates/PhoneCleaner/IntermediateBuildFilesPath/Pods.build/Release-iphoneos/UMCommon.build/InputFileList-08662676B1EF35D82E36D376541DE1B6-UMCommon-xcframeworks-input-files-073b743cc3107ee57d1fe584797a89a1-resolved.xcfilelist (in target 'UMCommon' from project 'Pods')
    cd /Users/runner/work/Album_Clean/Album_Clean/Pods
    write-file /Users/runner/Library/Developer/Xcode/DerivedData/PhoneCleaner-dcdzrjknxopvksduvixuduaydjkh/Build/Intermediates.noindex/ArchiveIntermediates/PhoneCleaner/IntermediateBuildFilesPath/Pods.build/Release-iphoneos/UMCommon.build/InputFileList-08662676B1EF35D82E36D376541DE1B6-UMCommon-xcframeworks-input-files-073b743cc3107ee57d1fe584797a89a1-resolved.xcfilelist

CreateBuildDirectory /Users/runner/Library/Developer/Xcode/DerivedData/PhoneCleaner-dcdzrjknxopvksduvixuduaydjkh/Build/Intermediates.noindex/ArchiveIntermediates/PhoneCleaner/IntermediateBuildFilesPath/SwiftExplicitPrecompiledModules
    cd /Users/runner/work/Album_Clean/Album_Clean
    builtin-create-build-directory /Users/runner/Library/Developer/Xcode/DerivedData/PhoneCleaner-dcdzrjknxopvksduvixuduaydjkh/Build/Intermediates.noindex/ArchiveIntermediates/PhoneCleaner/IntermediateBuildFilesPath/SwiftExplicitPrecompiledModules

CreateBuildDirectory /Users/runner/Library/Developer/Xcode/DerivedData/PhoneCleaner-dcdzrjknxopvksduvixuduaydjkh/Build/Intermediates.noindex/ArchiveIntermediates/PhoneCleaner/IntermediateBuildFilesPath/ExplicitPrecompiledModules
    cd /Users/runner/work/Album_Clean/Album_Clean
    builtin-create-build-directory /Users/runner/Library/Developer/Xcode/DerivedData/PhoneCleaner-dcdzrjknxopvksduvixuduaydjkh/Build/Intermediates.noindex/ArchiveIntermediates/PhoneCleaner/IntermediateBuildFilesPath/ExplicitPrecompiledModules

CreateBuildDirectory /Users/runner/Library/Developer/Xcode/DerivedData/PhoneCleaner-dcdzrjknxopvksduvixuduaydjkh/Build/Intermediates.noindex/ArchiveIntermediates/PhoneCleaner/IntermediateBuildFilesPath/EagerLinkingTBDs/Release-iphoneos
    cd /Users/runner/work/Album_Clean/Album_Clean
    builtin-create-build-directory /Users/runner/Library/Developer/Xcode/DerivedData/PhoneCleaner-dcdzrjknxopvksduvixuduaydjkh/Build/Intermediates.noindex/ArchiveIntermediates/PhoneCleaner/IntermediateBuildFilesPath/EagerLinkingTBDs/Release-iphoneos

CreateBuildDirectory /Users/runner/Library/Developer/Xcode/DerivedData/PhoneCleaner-dcdzrjknxopvksduvixuduaydjkh/Build/Intermediates.noindex/ArchiveIntermediates/PhoneCleaner/BuildProductsPath/Release-iphoneos
    cd /Users/runner/work/Album_Clean/Album_Clean
    builtin-create-build-directory /Users/runner/Library/Developer/Xcode/DerivedData/PhoneCleaner-dcdzrjknxopvksduvixuduaydjkh/Build/Intermediates.noindex/ArchiveIntermediates/PhoneCleaner/BuildProductsPath/Release-iphoneos

WriteAuxiliaryFile /Users/runner/Library/Developer/Xcode/DerivedData/PhoneCleaner-dcdzrjknxopvksduvixuduaydjkh/Build/Intermediates.noindex/ArchiveIntermediates/PhoneCleaner/IntermediateBuildFilesPath/Pods.build/Release-iphoneos/Pods-PhoneCleaner.build/Pods_PhoneCleaner.hmap (in target 'Pods-PhoneCleaner' from project 'Pods')
    cd /Users/runner/work/Album_Clean/Album_Clean/Pods
    write-file /Users/runner/Library/Developer/Xcode/DerivedData/PhoneCleaner-dcdzrjknxopvksduvixuduaydjkh/Build/Intermediates.noindex/ArchiveIntermediates/PhoneCleaner/IntermediateBuildFilesPath/Pods.build/Release-iphoneos/Pods-PhoneCleaner.build/Pods_PhoneCleaner.hmap

WriteAuxiliaryFile /Users/runner/Library/Developer/Xcode/DerivedData/PhoneCleaner-dcdzrjknxopvksduvixuduaydjkh/Build/Intermediates.noindex/ArchiveIntermediates/PhoneCleaner/IntermediateBuildFilesPath/Pods.build/Release-iphoneos/Pods-PhoneCleaner.build/Pods_PhoneCleaner.DependencyStaticMetadataFileList (in target 'Pods-PhoneCleaner' from project 'Pods')
    cd /Users/runner/work/Album_Clean/Album_Clean/Pods
    write-file /Users/runner/Library/Developer/Xcode/DerivedData/PhoneCleaner-dcdzrjknxopvksduvixuduaydjkh/Build/Intermediates.noindex/ArchiveIntermediates/PhoneCleaner/IntermediateBuildFilesPath/Pods.build/Release-iphoneos/Pods-PhoneCleaner.build/Pods_PhoneCleaner.DependencyStaticMetadataFileList

WriteAuxiliaryFile /Users/runner/Library/Developer/Xcode/DerivedData/PhoneCleaner-dcdzrjknxopvksduvixuduaydjkh/Build/Intermediates.noindex/ArchiveIntermediates/PhoneCleaner/IntermediateBuildFilesPath/Pods.build/Release-iphoneos/Pods-PhoneCleaner.build/Pods_PhoneCleaner.DependencyMetadataFileList (in target 'Pods-PhoneCleaner' from project 'Pods')
    cd /Users/runner/work/Album_Clean/Album_Clean/Pods
    write-file /Users/runner/Library/Developer/Xcode/DerivedData/PhoneCleaner-dcdzrjknxopvksduvixuduaydjkh/Build/Intermediates.noindex/ArchiveIntermediates/PhoneCleaner/IntermediateBuildFilesPath/Pods.build/Release-iphoneos/Pods-PhoneCleaner.build/Pods_PhoneCleaner.DependencyMetadataFileList

WriteAuxiliaryFile /Users/runner/Library/Developer/Xcode/DerivedData/PhoneCleaner-dcdzrjknxopvksduvixuduaydjkh/Build/Intermediates.noindex/ArchiveIntermediates/PhoneCleaner/IntermediateBuildFilesPath/Pods.build/Release-iphoneos/Pods-PhoneCleaner.build/Pods_PhoneCleaner-project-headers.hmap (in target 'Pods-PhoneCleaner' from project 'Pods')
    cd /Users/runner/work/Album_Clean/Album_Clean/Pods
    write-file /Users/runner/Library/Developer/Xcode/DerivedData/PhoneCleaner-dcdzrjknxopvksduvixuduaydjkh/Build/Intermediates.noindex/ArchiveIntermediates/PhoneCleaner/IntermediateBuildFilesPath/Pods.build/Release-iphoneos/Pods-PhoneCleaner.build/Pods_PhoneCleaner-project-headers.hmap

WriteAuxiliaryFile /Users/runner/Library/Developer/Xcode/DerivedData/PhoneCleaner-dcdzrjknxopvksduvixuduaydjkh/Build/Intermediates.noindex/ArchiveIntermediates/PhoneCleaner/IntermediateBuildFilesPath/Pods.build/Release-iphoneos/Pods-PhoneCleaner.build/Pods_PhoneCleaner-own-target-headers.hmap (in target 'Pods-PhoneCleaner' from project 'Pods')
    cd /Users/runner/work/Album_Clean/Album_Clean/Pods
    write-file /Users/runner/Library/Developer/Xcode/DerivedData/PhoneCleaner-dcdzrjknxopvksduvixuduaydjkh/Build/Intermediates.noindex/ArchiveIntermediates/PhoneCleaner/IntermediateBuildFilesPath/Pods.build/Release-iphoneos/Pods-PhoneCleaner.build/Pods_PhoneCleaner-own-target-headers.hmap

WriteAuxiliaryFile /Users/runner/Library/Developer/Xcode/DerivedData/PhoneCleaner-dcdzrjknxopvksduvixuduaydjkh/Build/Intermediates.noindex/ArchiveIntermediates/PhoneCleaner/IntermediateBuildFilesPath/Pods.build/Release-iphoneos/Pods-PhoneCleaner.build/Pods_PhoneCleaner-generated-files.hmap (in target 'Pods-PhoneCleaner' from project 'Pods')
    cd /Users/runner/work/Album_Clean/Album_Clean/Pods
    write-file /Users/runner/Library/Developer/Xcode/DerivedData/PhoneCleaner-dcdzrjknxopvksduvixuduaydjkh/Build/Intermediates.noindex/ArchiveIntermediates/PhoneCleaner/IntermediateBuildFilesPath/Pods.build/Release-iphoneos/Pods-PhoneCleaner.build/Pods_PhoneCleaner-generated-files.hmap

WriteAuxiliaryFile /Users/runner/Library/Developer/Xcode/DerivedData/PhoneCleaner-dcdzrjknxopvksduvixuduaydjkh/Build/Intermediates.noindex/ArchiveIntermediates/PhoneCleaner/IntermediateBuildFilesPath/Pods.build/Release-iphoneos/Pods-PhoneCleaner.build/Pods_PhoneCleaner-all-target-headers.hmap (in target 'Pods-PhoneCleaner' from project 'Pods')
    cd /Users/runner/work/Album_Clean/Album_Clean/Pods
    write-file /Users/runner/Library/Developer/Xcode/DerivedData/PhoneCleaner-dcdzrjknxopvksduvixuduaydjkh/Build/Intermediates.noindex/ArchiveIntermediates/PhoneCleaner/IntermediateBuildFilesPath/Pods.build/Release-iphoneos/Pods-PhoneCleaner.build/Pods_PhoneCleaner-all-target-headers.hmap

WriteAuxiliaryFile /Users/runner/Library/Developer/Xcode/DerivedData/PhoneCleaner-dcdzrjknxopvksduvixuduaydjkh/Build/Intermediates.noindex/ArchiveIntermediates/PhoneCleaner/IntermediateBuildFilesPath/Pods.build/Release-iphoneos/Pods-PhoneCleaner.build/Pods_PhoneCleaner-all-non-framework-target-headers.hmap (in target 'Pods-PhoneCleaner' from project 'Pods')
    cd /Users/runner/work/Album_Clean/Album_Clean/Pods
    write-file /Users/runner/Library/Developer/Xcode/DerivedData/PhoneCleaner-dcdzrjknxopvksduvixuduaydjkh/Build/Intermediates.noindex/ArchiveIntermediates/PhoneCleaner/IntermediateBuildFilesPath/Pods.build/Release-iphoneos/Pods-PhoneCleaner.build/Pods_PhoneCleaner-all-non-framework-target-headers.hmap

WriteAuxiliaryFile /Users/runner/Library/Developer/Xcode/DerivedData/PhoneCleaner-dcdzrjknxopvksduvixuduaydjkh/Build/Intermediates.noindex/ArchiveIntermediates/PhoneCleaner/IntermediateBuildFilesPath/Pods.build/Release-iphoneos/Pods-PhoneCleaner.build/Objects-normal/arm64/e6072d4f65d7061329687fe24e3d63a7-common-args.resp (in target 'Pods-PhoneCleaner' from project 'Pods')
    cd /Users/runner/work/Album_Clean/Album_Clean/Pods
    write-file /Users/runner/Library/Developer/Xcode/DerivedData/PhoneCleaner-dcdzrjknxopvksduvixuduaydjkh/Build/Intermediates.noindex/ArchiveIntermediates/PhoneCleaner/IntermediateBuildFilesPath/Pods.build/Release-iphoneos/Pods-PhoneCleaner.build/Objects-normal/arm64/e6072d4f65d7061329687fe24e3d63a7-common-args.resp
-target arm64-apple-ios16.0 '-std=gnu11' -fobjc-arc -fmodules -gmodules '-fmodules-cache-path=/Users/runner/Library/Developer/Xcode/DerivedData/ModuleCache.noindex' '-fmodule-name=Pods_PhoneCleaner' -fpascal-strings -Os -fno-common '-DPOD_CONFIGURATION_RELEASE=1' '-DCOCOAPODS=1' '-DNS_BLOCK_ASSERTIONS=1' '-DOBJC_OLD_DISPATCH_PROTOTYPES=0' -isysroot /Applications/Xcode_26.3.app/Contents/Developer/Platforms/iPhoneOS.platform/Developer/SDKs/iPhoneOS26.2.sdk -g -iquote /Users/runner/Library/Developer/Xcode/DerivedData/PhoneCleaner-dcdzrjknxopvksduvixuduaydjkh/Build/Intermediates.noindex/ArchiveIntermediates/PhoneCleaner/IntermediateBuildFilesPath/Pods.build/Release-iphoneos/Pods-PhoneCleaner.build/Pods_PhoneCleaner-generated-files.hmap -I/Users/runner/Library/Developer/Xcode/DerivedData/PhoneCleaner-dcdzrjknxopvksduvixuduaydjkh/Build/Intermediates.noindex/ArchiveIntermediates/PhoneCleaner/IntermediateBuildFilesPath/Pods.build/Release-iphoneos/Pods-PhoneCleaner.build/Pods_PhoneCleaner-own-target-headers.hmap -I/Users/runner/Library/Developer/Xcode/DerivedData/PhoneCleaner-dcdzrjknxopvksduvixuduaydjkh/Build/Intermediates.noindex/ArchiveIntermediates/PhoneCleaner/IntermediateBuildFilesPath/Pods.build/Release-iphoneos/Pods-PhoneCleaner.build/Pods_PhoneCleaner-all-non-framework-target-headers.hmap -ivfsoverlay /Users/runner/Library/Developer/Xcode/DerivedData/PhoneCleaner-dcdzrjknxopvksduvixuduaydjkh/Build/Intermediates.noindex/ArchiveIntermediates/PhoneCleaner/IntermediateBuildFilesPath/Pods.build/Release-iphoneos/Pods-8699adb1dd336b26511df848a716bd42-VFS-iphoneos/all-product-headers.yaml -iquote /Users/runner/Library/Developer/Xcode/DerivedData/PhoneCleaner-dcdzrjknxopvksduvixuduaydjkh/Build/Intermediates.noindex/ArchiveIntermediates/PhoneCleaner/IntermediateBuildFilesPath/Pods.build/Release-iphoneos/Pods-PhoneCleaner.build/Pods_PhoneCleaner-project-headers.hmap -I/Users/runner/Library/Developer/Xcode/DerivedData/PhoneCleaner-dcdzrjknxopvksduvixuduaydjkh/Build/Intermediates.noindex/ArchiveIntermediates/PhoneCleaner/BuildProductsPath/Release-iphoneos/include -I/Users/runner/Library/Developer/Xcode/DerivedData/PhoneCleaner-dcdzrjknxopvksduvixuduaydjkh/Build/Intermediates.noindex/ArchiveIntermediates/PhoneCleaner/BuildProductsPath/Release-iphoneos/PlusKit/PlusKit.framework/Headers -I/Users/runner/Library/Developer/Xcode/DerivedData/PhoneCleaner-dcdzrjknxopvksduvixuduaydjkh/Build/Intermediates.noindex/ArchiveIntermediates/PhoneCleaner/IntermediateBuildFilesPath/Pods.build/Release-iphoneos/Pods-PhoneCleaner.build/DerivedSources-normal/arm64 -I/Users/runner/Library/Developer/Xcode/DerivedData/PhoneCleaner-dcdzrjknxopvksduvixuduaydjkh/Build/Intermediates.noindex/ArchiveIntermediates/PhoneCleaner/IntermediateBuildFilesPath/Pods.build/Release-iphoneos/Pods-PhoneCleaner.build/DerivedSources/arm64 -I/Users/runner/Library/Developer/Xcode/DerivedData/PhoneCleaner-dcdzrjknxopvksduvixuduaydjkh/Build/Intermediates.noindex/ArchiveIntermediates/PhoneCleaner/IntermediateBuildFilesPath/Pods.build/Release-iphoneos/Pods-PhoneCleaner.build/DerivedSources -F/Users/runner/Library/Developer/Xcode/DerivedData/PhoneCleaner-dcdzrjknxopvksduvixuduaydjkh/Build/Intermediates.noindex/ArchiveIntermediates/PhoneCleaner/BuildProductsPath/Release-iphoneos -F/Users/runner/Library/Developer/Xcode/DerivedData/PhoneCleaner-dcdzrjknxopvksduvixuduaydjkh/Build/Intermediates.noindex/ArchiveIntermediates/PhoneCleaner/BuildProductsPath/Release-iphoneos/PlusKit -F/Users/runner/work/Album_Clean/Album_Clean/Pods/UMCommon/UMCommon_7.6.4 -F/Users/runner/work/Album_Clean/Album_Clean/Pods/UMDevice/UMDevice_3.6.0 -F/Users/runner/Library/Developer/Xcode/DerivedData/PhoneCleaner-dcdzrjknxopvksduvixuduaydjkh/Build/Intermediates.noindex/ArchiveIntermediates/PhoneCleaner/BuildProductsPath/Release-iphoneos/XCFrameworkIntermediates/UMCommon -F/Users/runner/Library/Developer/Xcode/DerivedData/PhoneCleaner-dcdzrjknxopvksduvixuduaydjkh/Build/Intermediates.noindex/ArchiveIntermediates/PhoneCleaner/BuildProductsPath/Release-iphoneos/XCFrameworkIntermediates/UMDevice

WriteAuxiliaryFile /Users/runner/Library/Developer/Xcode/DerivedData/PhoneCleaner-dcdzrjknxopvksduvixuduaydjkh/Build/Intermediates.noindex/ArchiveIntermediates/PhoneCleaner/IntermediateBuildFilesPath/Pods.build/Release-iphoneos/Pods-PhoneCleaner.build/Objects-normal/arm64/Pods_PhoneCleaner.LinkFileList (in target 'Pods-PhoneCleaner' from project 'Pods')
    cd /Users/runner/work/Album_Clean/Album_Clean/Pods
    write-file /Users/runner/Library/Developer/Xcode/DerivedData/PhoneCleaner-dcdzrjknxopvksduvixuduaydjkh/Build/Intermediates.noindex/ArchiveIntermediates/PhoneCleaner/IntermediateBuildFilesPath/Pods.build/Release-iphoneos/Pods-PhoneCleaner.build/Objects-normal/arm64/Pods_PhoneCleaner.LinkFileList

WriteAuxiliaryFile /Users/runner/Library/Developer/Xcode/DerivedData/PhoneCleaner-dcdzrjknxopvksduvixuduaydjkh/Build/Intermediates.noindex/ArchiveIntermediates/PhoneCleaner/IntermediateBuildFilesPath/Pods.build/Release-iphoneos/Pods-PhoneCleaner.build/Objects-normal/arm64/7187679823f38a2a940e0043cdf9d637-common-args.resp (in target 'Pods-PhoneCleaner' from project 'Pods')
    cd /Users/runner/work/Album_Clean/Album_Clean/Pods
    write-file /Users/runner/Library/Developer/Xcode/DerivedData/PhoneCleaner-dcdzrjknxopvksduvixuduaydjkh/Build/Intermediates.noindex/ArchiveIntermediates/PhoneCleaner/IntermediateBuildFilesPath/Pods.build/Release-iphoneos/Pods-PhoneCleaner.build/Objects-normal/arm64/7187679823f38a2a940e0043cdf9d637-common-args.resp
-target arm64-apple-ios16.0 '-std=gnu11' -fmodules -gmodules '-fmodules-cache-path=/Users/runner/Library/Developer/Xcode/DerivedData/ModuleCache.noindex' '-fmodule-name=Pods_PhoneCleaner' -fpascal-strings -Os -fno-common '-DPOD_CONFIGURATION_RELEASE=1' '-DCOCOAPODS=1' -isysroot /Applications/Xcode_26.3.app/Contents/Developer/Platforms/iPhoneOS.platform/Developer/SDKs/iPhoneOS26.2.sdk -g -iquote /Users/runner/Library/Developer/Xcode/DerivedData/PhoneCleaner-dcdzrjknxopvksduvixuduaydjkh/Build/Intermediates.noindex/ArchiveIntermediates/PhoneCleaner/IntermediateBuildFilesPath/Pods.build/Release-iphoneos/Pods-PhoneCleaner.build/Pods_PhoneCleaner-generated-files.hmap -I/Users/runner/Library/Developer/Xcode/DerivedData/PhoneCleaner-dcdzrjknxopvksduvixuduaydjkh/Build/Intermediates.noindex/ArchiveIntermediates/PhoneCleaner/IntermediateBuildFilesPath/Pods.build/Release-iphoneos/Pods-PhoneCleaner.build/Pods_PhoneCleaner-own-target-headers.hmap -I/Users/runner/Library/Developer/Xcode/DerivedData/PhoneCleaner-dcdzrjknxopvksduvixuduaydjkh/Build/Intermediates.noindex/ArchiveIntermediates/PhoneCleaner/IntermediateBuildFilesPath/Pods.build/Release-iphoneos/Pods-PhoneCleaner.build/Pods_PhoneCleaner-all-non-framework-target-headers.hmap -ivfsoverlay /Users/runner/Library/Developer/Xcode/DerivedData/PhoneCleaner-dcdzrjknxopvksduvixuduaydjkh/Build/Intermediates.noindex/ArchiveIntermediates/PhoneCleaner/IntermediateBuildFilesPath/Pods.build/Release-iphoneos/Pods-8699adb1dd336b26511df848a716bd42-VFS-iphoneos/all-product-headers.yaml -iquote /Users/runner/Library/Developer/Xcode/DerivedData/PhoneCleaner-dcdzrjknxopvksduvixuduaydjkh/Build/Intermediates.noindex/ArchiveIntermediates/PhoneCleaner/IntermediateBuildFilesPath/Pods.build/Release-iphoneos/Pods-PhoneCleaner.build/Pods_PhoneCleaner-project-headers.hmap -I/Users/runner/Library/Developer/Xcode/DerivedData/PhoneCleaner-dcdzrjknxopvksduvixuduaydjkh/Build/Intermediates.noindex/ArchiveIntermediates/PhoneCleaner/BuildProductsPath/Release-iphoneos/include -I/Users/runner/Library/Developer/Xcode/DerivedData/PhoneCleaner-dcdzrjknxopvksduvixuduaydjkh/Build/Intermediates.noindex/ArchiveIntermediates/PhoneCleaner/BuildProductsPath/Release-iphoneos/PlusKit/PlusKit.framework/Headers -I/Users/runner/Library/Developer/Xcode/DerivedData/PhoneCleaner-dcdzrjknxopvksduvixuduaydjkh/Build/Intermediates.noindex/ArchiveIntermediates/PhoneCleaner/IntermediateBuildFilesPath/Pods.build/Release-iphoneos/Pods-PhoneCleaner.build/DerivedSources-normal/arm64 -I/Users/runner/Library/Developer/Xcode/DerivedData/PhoneCleaner-dcdzrjknxopvksduvixuduaydjkh/Build/Intermediates.noindex/ArchiveIntermediates/PhoneCleaner/IntermediateBuildFilesPath/Pods.build/Release-iphoneos/Pods-PhoneCleaner.build/DerivedSources/arm64 -I/Users/runner/Library/Developer/Xcode/DerivedData/PhoneCleaner-dcdzrjknxopvksduvixuduaydjkh/Build/Intermediates.noindex/ArchiveIntermediates/PhoneCleaner/IntermediateBuildFilesPath/Pods.build/Release-iphoneos/Pods-PhoneCleaner.build/DerivedSources -F/Users/runner/Library/Developer/Xcode/DerivedData/PhoneCleaner-dcdzrjknxopvksduvixuduaydjkh/Build/Intermediates.noindex/ArchiveIntermediates/PhoneCleaner/BuildProductsPath/Release-iphoneos -F/Users/runner/Library/Developer/Xcode/DerivedData/PhoneCleaner-dcdzrjknxopvksduvixuduaydjkh/Build/Intermediates.noindex/ArchiveIntermediates/PhoneCleaner/BuildProductsPath/Release-iphoneos/PlusKit -F/Users/runner/work/Album_Clean/Album_Clean/Pods/UMCommon/UMCommon_7.6.4 -F/Users/runner/work/Album_Clean/Album_Clean/Pods/UMDevice/UMDevice_3.6.0 -F/Users/runner/Library/Developer/Xcode/DerivedData/PhoneCleaner-dcdzrjknxopvksduvixuduaydjkh/Build/Intermediates.noindex/ArchiveIntermediates/PhoneCleaner/BuildProductsPath/Release-iphoneos/XCFrameworkIntermediates/UMCommon -F/Users/runner/Library/Developer/Xcode/DerivedData/PhoneCleaner-dcdzrjknxopvksduvixuduaydjkh/Build/Intermediates.noindex/ArchiveIntermediates/PhoneCleaner/BuildProductsPath/Release-iphoneos/XCFrameworkIntermediates/UMDevice

WriteAuxiliaryFile /Users/runner/Library/Developer/Xcode/DerivedData/PhoneCleaner-dcdzrjknxopvksduvixuduaydjkh/Build/Intermediates.noindex/ArchiveIntermediates/PhoneCleaner/IntermediateBuildFilesPath/Pods.build/Release-iphoneos/Pods-PhoneCleaner.build/DerivedSources/Pods_PhoneCleaner_vers.c (in target 'Pods-PhoneCleaner' from project 'Pods')
    cd /Users/runner/work/Album_Clean/Album_Clean/Pods
    write-file /Users/runner/Library/Developer/Xcode/DerivedData/PhoneCleaner-dcdzrjknxopvksduvixuduaydjkh/Build/Intermediates.noindex/ArchiveIntermediates/PhoneCleaner/IntermediateBuildFilesPath/Pods.build/Release-iphoneos/Pods-PhoneCleaner.build/DerivedSources/Pods_PhoneCleaner_vers.c

CpHeader /Users/runner/Library/Developer/Xcode/DerivedData/PhoneCleaner-dcdzrjknxopvksduvixuduaydjkh/Build/Intermediates.noindex/ArchiveIntermediates/PhoneCleaner/IntermediateBuildFilesPath/UninstalledProducts/iphoneos/Pods_PhoneCleaner.framework/Headers/Pods-PhoneCleaner-umbrella.h /Users/runner/work/Album_Clean/Album_Clean/Pods/Target\ Support\ Files/Pods-PhoneCleaner/Pods-PhoneCleaner-umbrella.h (in target 'Pods-PhoneCleaner' from project 'Pods')
    cd /Users/runner/work/Album_Clean/Album_Clean/Pods
    builtin-copy -exclude .DS_Store -exclude CVS -exclude .svn -exclude .git -exclude .hg -resolve-src-symlinks /Users/runner/work/Album_Clean/Album_Clean/Pods/Target\ Support\ Files/Pods-PhoneCleaner/Pods-PhoneCleaner-umbrella.h /Users/runner/Library/Developer/Xcode/DerivedData/PhoneCleaner-dcdzrjknxopvksduvixuduaydjkh/Build/Intermediates.noindex/ArchiveIntermediates/PhoneCleaner/IntermediateBuildFilesPath/UninstalledProducts/iphoneos/Pods_PhoneCleaner.framework/Headers

Copy /Users/runner/Library/Developer/Xcode/DerivedData/PhoneCleaner-dcdzrjknxopvksduvixuduaydjkh/Build/Intermediates.noindex/ArchiveIntermediates/PhoneCleaner/IntermediateBuildFilesPath/Pods.build/Release-iphoneos/Pods-PhoneCleaner.build/module.modulemap /Users/runner/work/Album_Clean/Album_Clean/Pods/Target\ Support\ Files/Pods-PhoneCleaner/Pods-PhoneCleaner.modulemap (in target 'Pods-PhoneCleaner' from project 'Pods')
    cd /Users/runner/work/Album_Clean/Album_Clean/Pods
    builtin-copy -exclude .DS_Store -exclude CVS -exclude .svn -exclude .git -exclude .hg -resolve-src-symlinks -rename /Users/runner/work/Album_Clean/Album_Clean/Pods/Target\ Support\ Files/Pods-PhoneCleaner/Pods-PhoneCleaner.modulemap /Users/runner/Library/Developer/Xcode/DerivedData/PhoneCleaner-dcdzrjknxopvksduvixuduaydjkh/Build/Intermediates.noindex/ArchiveIntermediates/PhoneCleaner/IntermediateBuildFilesPath/Pods.build/Release-iphoneos/Pods-PhoneCleaner.build/module.modulemap

WriteAuxiliaryFile /Users/runner/Library/Developer/Xcode/DerivedData/PhoneCleaner-dcdzrjknxopvksduvixuduaydjkh/Build/Intermediates.noindex/ArchiveIntermediates/PhoneCleaner/IntermediateBuildFilesPath/PhoneCleaner.build/Release-iphoneos/PhoneCleaner.build/Script-1FF9FC9275A7B87450967B89.sh (in target 'PhoneCleaner' from project 'PhoneCleaner')
    cd /Users/runner/work/Album_Clean/Album_Clean
    write-file /Users/runner/Library/Developer/Xcode/DerivedData/PhoneCleaner-dcdzrjknxopvksduvixuduaydjkh/Build/Intermediates.noindex/ArchiveIntermediates/PhoneCleaner/IntermediateBuildFilesPath/PhoneCleaner.build/Release-iphoneos/PhoneCleaner.build/Script-1FF9FC9275A7B87450967B89.sh

Copy /Users/runner/Library/Developer/Xcode/DerivedData/PhoneCleaner-dcdzrjknxopvksduvixuduaydjkh/Build/Intermediates.noindex/ArchiveIntermediates/PhoneCleaner/IntermediateBuildFilesPath/UninstalledProducts/iphoneos/Pods_PhoneCleaner.framework/Modules/module.modulemap /Users/runner/Library/Developer/Xcode/DerivedData/PhoneCleaner-dcdzrjknxopvksduvixuduaydjkh/Build/Intermediates.noindex/ArchiveIntermediates/PhoneCleaner/IntermediateBuildFilesPath/Pods.build/Release-iphoneos/Pods-PhoneCleaner.build/module.modulemap (in target 'Pods-PhoneCleaner' from project 'Pods')
    cd /Users/runner/work/Album_Clean/Album_Clean/Pods
    builtin-copy -exclude .DS_Store -exclude CVS -exclude .svn -exclude .git -exclude .hg -resolve-src-symlinks /Users/runner/Library/Developer/Xcode/DerivedData/PhoneCleaner-dcdzrjknxopvksduvixuduaydjkh/Build/Intermediates.noindex/ArchiveIntermediates/PhoneCleaner/IntermediateBuildFilesPath/Pods.build/Release-iphoneos/Pods-PhoneCleaner.build/module.modulemap /Users/runner/Library/Developer/Xcode/DerivedData/PhoneCleaner-dcdzrjknxopvksduvixuduaydjkh/Build/Intermediates.noindex/ArchiveIntermediates/PhoneCleaner/IntermediateBuildFilesPath/UninstalledProducts/iphoneos/Pods_PhoneCleaner.framework/Modules

WriteAuxiliaryFile /Users/runner/Library/Developer/Xcode/DerivedData/PhoneCleaner-dcdzrjknxopvksduvixuduaydjkh/Build/Intermediates.noindex/ArchiveIntermediates/PhoneCleaner/IntermediateBuildFilesPath/PhoneCleaner.build/Release-iphoneos/PhoneCleaner.build/PhoneCleaner.hmap (in target 'PhoneCleaner' from project 'PhoneCleaner')
    cd /Users/runner/work/Album_Clean/Album_Clean
    write-file /Users/runner/Library/Developer/Xcode/DerivedData/PhoneCleaner-dcdzrjknxopvksduvixuduaydjkh/Build/Intermediates.noindex/ArchiveIntermediates/PhoneCleaner/IntermediateBuildFilesPath/PhoneCleaner.build/Release-iphoneos/PhoneCleaner.build/PhoneCleaner.hmap

WriteAuxiliaryFile /Users/runner/Library/Developer/Xcode/DerivedData/PhoneCleaner-dcdzrjknxopvksduvixuduaydjkh/Build/Intermediates.noindex/ArchiveIntermediates/PhoneCleaner/IntermediateBuildFilesPath/PhoneCleaner.build/Release-iphoneos/PhoneCleaner.build/PhoneCleaner.DependencyStaticMetadataFileList (in target 'PhoneCleaner' from project 'PhoneCleaner')
    cd /Users/runner/work/Album_Clean/Album_Clean
    write-file /Users/runner/Library/Developer/Xcode/DerivedData/PhoneCleaner-dcdzrjknxopvksduvixuduaydjkh/Build/Intermediates.noindex/ArchiveIntermediates/PhoneCleaner/IntermediateBuildFilesPath/PhoneCleaner.build/Release-iphoneos/PhoneCleaner.build/PhoneCleaner.DependencyStaticMetadataFileList

WriteAuxiliaryFile /Users/runner/Library/Developer/Xcode/DerivedData/PhoneCleaner-dcdzrjknxopvksduvixuduaydjkh/Build/Intermediates.noindex/ArchiveIntermediates/PhoneCleaner/IntermediateBuildFilesPath/PhoneCleaner.build/Release-iphoneos/PhoneCleaner.build/PhoneCleaner.DependencyMetadataFileList (in target 'PhoneCleaner' from project 'PhoneCleaner')
    cd /Users/runner/work/Album_Clean/Album_Clean
    write-file /Users/runner/Library/Developer/Xcode/DerivedData/PhoneCleaner-dcdzrjknxopvksduvixuduaydjkh/Build/Intermediates.noindex/ArchiveIntermediates/PhoneCleaner/IntermediateBuildFilesPath/PhoneCleaner.build/Release-iphoneos/PhoneCleaner.build/PhoneCleaner.DependencyMetadataFileList

WriteAuxiliaryFile /Users/runner/Library/Developer/Xcode/DerivedData/PhoneCleaner-dcdzrjknxopvksduvixuduaydjkh/Build/Intermediates.noindex/ArchiveIntermediates/PhoneCleaner/IntermediateBuildFilesPath/PhoneCleaner.build/Release-iphoneos/PhoneCleaner.build/PhoneCleaner-project-headers.hmap (in target 'PhoneCleaner' from project 'PhoneCleaner')
    cd /Users/runner/work/Album_Clean/Album_Clean
    write-file /Users/runner/Library/Developer/Xcode/DerivedData/PhoneCleaner-dcdzrjknxopvksduvixuduaydjkh/Build/Intermediates.noindex/ArchiveIntermediates/PhoneCleaner/IntermediateBuildFilesPath/PhoneCleaner.build/Release-iphoneos/PhoneCleaner.build/PhoneCleaner-project-headers.hmap

WriteAuxiliaryFile /Users/runner/Library/Developer/Xcode/DerivedData/PhoneCleaner-dcdzrjknxopvksduvixuduaydjkh/Build/Intermediates.noindex/ArchiveIntermediates/PhoneCleaner/IntermediateBuildFilesPath/PhoneCleaner.build/Release-iphoneos/PhoneCleaner.build/PhoneCleaner-own-target-headers.hmap (in target 'PhoneCleaner' from project 'PhoneCleaner')
    cd /Users/runner/work/Album_Clean/Album_Clean
    write-file /Users/runner/Library/Developer/Xcode/DerivedData/PhoneCleaner-dcdzrjknxopvksduvixuduaydjkh/Build/Intermediates.noindex/ArchiveIntermediates/PhoneCleaner/IntermediateBuildFilesPath/PhoneCleaner.build/Release-iphoneos/PhoneCleaner.build/PhoneCleaner-own-target-headers.hmap

WriteAuxiliaryFile /Users/runner/Library/Developer/Xcode/DerivedData/PhoneCleaner-dcdzrjknxopvksduvixuduaydjkh/Build/Intermediates.noindex/ArchiveIntermediates/PhoneCleaner/IntermediateBuildFilesPath/PhoneCleaner.build/Release-iphoneos/PhoneCleaner.build/PhoneCleaner-generated-files.hmap (in target 'PhoneCleaner' from project 'PhoneCleaner')
    cd /Users/runner/work/Album_Clean/Album_Clean
    write-file /Users/runner/Library/Developer/Xcode/DerivedData/PhoneCleaner-dcdzrjknxopvksduvixuduaydjkh/Build/Intermediates.noindex/ArchiveIntermediates/PhoneCleaner/IntermediateBuildFilesPath/PhoneCleaner.build/Release-iphoneos/PhoneCleaner.build/PhoneCleaner-generated-files.hmap

WriteAuxiliaryFile /Users/runner/Library/Developer/Xcode/DerivedData/PhoneCleaner-dcdzrjknxopvksduvixuduaydjkh/Build/Intermediates.noindex/ArchiveIntermediates/PhoneCleaner/IntermediateBuildFilesPath/PhoneCleaner.build/Release-iphoneos/PhoneCleaner.build/PhoneCleaner-all-target-headers.hmap (in target 'PhoneCleaner' from project 'PhoneCleaner')
    cd /Users/runner/work/Album_Clean/Album_Clean
    write-file /Users/runner/Library/Developer/Xcode/DerivedData/PhoneCleaner-dcdzrjknxopvksduvixuduaydjkh/Build/Intermediates.noindex/ArchiveIntermediates/PhoneCleaner/IntermediateBuildFilesPath/PhoneCleaner.build/Release-iphoneos/PhoneCleaner.build/PhoneCleaner-all-target-headers.hmap

WriteAuxiliaryFile /Users/runner/Library/Developer/Xcode/DerivedData/PhoneCleaner-dcdzrjknxopvksduvixuduaydjkh/Build/Intermediates.noindex/ArchiveIntermediates/PhoneCleaner/IntermediateBuildFilesPath/PhoneCleaner.build/Release-iphoneos/PhoneCleaner.build/PhoneCleaner-all-non-framework-target-headers.hmap (in target 'PhoneCleaner' from project 'PhoneCleaner')
    cd /Users/runner/work/Album_Clean/Album_Clean
    write-file /Users/runner/Library/Developer/Xcode/DerivedData/PhoneCleaner-dcdzrjknxopvksduvixuduaydjkh/Build/Intermediates.noindex/ArchiveIntermediates/PhoneCleaner/IntermediateBuildFilesPath/PhoneCleaner.build/Release-iphoneos/PhoneCleaner.build/PhoneCleaner-all-non-framework-target-headers.hmap

WriteAuxiliaryFile /Users/runner/Library/Developer/Xcode/DerivedData/PhoneCleaner-dcdzrjknxopvksduvixuduaydjkh/Build/Intermediates.noindex/ArchiveIntermediates/PhoneCleaner/IntermediateBuildFilesPath/PhoneCleaner.build/Release-iphoneos/PhoneCleaner.build/Objects-normal/arm64/PhoneCleaner_const_extract_protocols.json (in target 'PhoneCleaner' from project 'PhoneCleaner')
    cd /Users/runner/work/Album_Clean/Album_Clean
    write-file /Users/runner/Library/Developer/Xcode/DerivedData/PhoneCleaner-dcdzrjknxopvksduvixuduaydjkh/Build/Intermediates.noindex/ArchiveIntermediates/PhoneCleaner/IntermediateBuildFilesPath/PhoneCleaner.build/Release-iphoneos/PhoneCleaner.build/Objects-normal/arm64/PhoneCleaner_const_extract_protocols.json

WriteAuxiliaryFile /Users/runner/Library/Developer/Xcode/DerivedData/PhoneCleaner-dcdzrjknxopvksduvixuduaydjkh/Build/Intermediates.noindex/ArchiveIntermediates/PhoneCleaner/IntermediateBuildFilesPath/PhoneCleaner.build/Release-iphoneos/PhoneCleaner.build/Objects-normal/arm64/PhoneCleaner.SwiftFileList (in target 'PhoneCleaner' from project 'PhoneCleaner')
    cd /Users/runner/work/Album_Clean/Album_Clean
    write-file /Users/runner/Library/Developer/Xcode/DerivedData/PhoneCleaner-dcdzrjknxopvksduvixuduaydjkh/Build/Intermediates.noindex/ArchiveIntermediates/PhoneCleaner/IntermediateBuildFilesPath/PhoneCleaner.build/Release-iphoneos/PhoneCleaner.build/Objects-normal/arm64/PhoneCleaner.SwiftFileList

WriteAuxiliaryFile /Users/runner/Library/Developer/Xcode/DerivedData/PhoneCleaner-dcdzrjknxopvksduvixuduaydjkh/Build/Intermediates.noindex/ArchiveIntermediates/PhoneCleaner/IntermediateBuildFilesPath/PhoneCleaner.build/Release-iphoneos/PhoneCleaner.build/Objects-normal/arm64/PhoneCleaner.SwiftConstValuesFileList (in target 'PhoneCleaner' from project 'PhoneCleaner')
    cd /Users/runner/work/Album_Clean/Album_Clean
    write-file /Users/runner/Library/Developer/Xcode/DerivedData/PhoneCleaner-dcdzrjknxopvksduvixuduaydjkh/Build/Intermediates.noindex/ArchiveIntermediates/PhoneCleaner/IntermediateBuildFilesPath/PhoneCleaner.build/Release-iphoneos/PhoneCleaner.build/Objects-normal/arm64/PhoneCleaner.SwiftConstValuesFileList

WriteAuxiliaryFile /Users/runner/Library/Developer/Xcode/DerivedData/PhoneCleaner-dcdzrjknxopvksduvixuduaydjkh/Build/Intermediates.noindex/ArchiveIntermediates/PhoneCleaner/IntermediateBuildFilesPath/PhoneCleaner.build/Release-iphoneos/PhoneCleaner.build/Objects-normal/arm64/PhoneCleaner.LinkFileList (in target 'PhoneCleaner' from project 'PhoneCleaner')
    cd /Users/runner/work/Album_Clean/Album_Clean
    write-file /Users/runner/Library/Developer/Xcode/DerivedData/PhoneCleaner-dcdzrjknxopvksduvixuduaydjkh/Build/Intermediates.noindex/ArchiveIntermediates/PhoneCleaner/IntermediateBuildFilesPath/PhoneCleaner.build/Release-iphoneos/PhoneCleaner.build/Objects-normal/arm64/PhoneCleaner.LinkFileList

WriteAuxiliaryFile /Users/runner/Library/Developer/Xcode/DerivedData/PhoneCleaner-dcdzrjknxopvksduvixuduaydjkh/Build/Intermediates.noindex/ArchiveIntermediates/PhoneCleaner/IntermediateBuildFilesPath/PhoneCleaner.build/Release-iphoneos/PhoneCleaner.build/Objects-normal/arm64/PhoneCleaner-OutputFileMap.json (in target 'PhoneCleaner' from project 'PhoneCleaner')
    cd /Users/runner/work/Album_Clean/Album_Clean
    write-file /Users/runner/Library/Developer/Xcode/DerivedData/PhoneCleaner-dcdzrjknxopvksduvixuduaydjkh/Build/Intermediates.noindex/ArchiveIntermediates/PhoneCleaner/IntermediateBuildFilesPath/PhoneCleaner.build/Release-iphoneos/PhoneCleaner.build/Objects-normal/arm64/PhoneCleaner-OutputFileMap.json

WriteAuxiliaryFile /Users/runner/Library/Developer/Xcode/DerivedData/PhoneCleaner-dcdzrjknxopvksduvixuduaydjkh/Build/Intermediates.noindex/ArchiveIntermediates/PhoneCleaner/IntermediateBuildFilesPath/PhoneCleaner.build/Release-iphoneos/PhoneCleaner.build/Objects-normal/arm64/7187679823f38a2a940e0043cdf9d637-common-args.resp (in target 'PhoneCleaner' from project 'PhoneCleaner')
    cd /Users/runner/work/Album_Clean/Album_Clean
    write-file /Users/runner/Library/Developer/Xcode/DerivedData/PhoneCleaner-dcdzrjknxopvksduvixuduaydjkh/Build/Intermediates.noindex/ArchiveIntermediates/PhoneCleaner/IntermediateBuildFilesPath/PhoneCleaner.build/Release-iphoneos/PhoneCleaner.build/Objects-normal/arm64/7187679823f38a2a940e0043cdf9d637-common-args.resp
-target arm64-apple-ios16.0 '-std=gnu11' -fmodules -gmodules '-fmodules-cache-path=/Users/runner/Library/Developer/Xcode/DerivedData/ModuleCache.noindex' -fpascal-strings -Os -fno-common '-DCOCOAPODS=1' -isysroot /Applications/Xcode_26.3.app/Contents/Developer/Platforms/iPhoneOS.platform/Developer/SDKs/iPhoneOS26.2.sdk -g '-fvisibility=hidden' -iquote /Users/runner/Library/Developer/Xcode/DerivedData/PhoneCleaner-dcdzrjknxopvksduvixuduaydjkh/Build/Intermediates.noindex/ArchiveIntermediates/PhoneCleaner/IntermediateBuildFilesPath/PhoneCleaner.build/Release-iphoneos/PhoneCleaner.build/PhoneCleaner-generated-files.hmap -I/Users/runner/Library/Developer/Xcode/DerivedData/PhoneCleaner-dcdzrjknxopvksduvixuduaydjkh/Build/Intermediates.noindex/ArchiveIntermediates/PhoneCleaner/IntermediateBuildFilesPath/PhoneCleaner.build/Release-iphoneos/PhoneCleaner.build/PhoneCleaner-own-target-headers.hmap -I/Users/runner/Library/Developer/Xcode/DerivedData/PhoneCleaner-dcdzrjknxopvksduvixuduaydjkh/Build/Intermediates.noindex/ArchiveIntermediates/PhoneCleaner/IntermediateBuildFilesPath/PhoneCleaner.build/Release-iphoneos/PhoneCleaner.build/PhoneCleaner-all-non-framework-target-headers.hmap -ivfsoverlay /Users/runner/Library/Developer/Xcode/DerivedData/PhoneCleaner-dcdzrjknxopvksduvixuduaydjkh/Build/Intermediates.noindex/ArchiveIntermediates/PhoneCleaner/IntermediateBuildFilesPath/PhoneCleaner.build/Release-iphoneos/PhoneCleaner-9143eb50b9da544b35b9d1ee6b1f2f0c-VFS-iphoneos/all-product-headers.yaml -iquote /Users/runner/Library/Developer/Xcode/DerivedData/PhoneCleaner-dcdzrjknxopvksduvixuduaydjkh/Build/Intermediates.noindex/ArchiveIntermediates/PhoneCleaner/IntermediateBuildFilesPath/PhoneCleaner.build/Release-iphoneos/PhoneCleaner.build/PhoneCleaner-project-headers.hmap -I/Users/runner/Library/Developer/Xcode/DerivedData/PhoneCleaner-dcdzrjknxopvksduvixuduaydjkh/Build/Intermediates.noindex/ArchiveIntermediates/PhoneCleaner/BuildProductsPath/Release-iphoneos/include -I/Users/runner/Library/Developer/Xcode/DerivedData/PhoneCleaner-dcdzrjknxopvksduvixuduaydjkh/Build/Intermediates.noindex/ArchiveIntermediates/PhoneCleaner/BuildProductsPath/Release-iphoneos/PlusKit/PlusKit.framework/Headers -I/Users/runner/Library/Developer/Xcode/DerivedData/PhoneCleaner-dcdzrjknxopvksduvixuduaydjkh/Build/Intermediates.noindex/ArchiveIntermediates/PhoneCleaner/IntermediateBuildFilesPath/PhoneCleaner.build/Release-iphoneos/PhoneCleaner.build/DerivedSources-normal/arm64 -I/Users/runner/Library/Developer/Xcode/DerivedData/PhoneCleaner-dcdzrjknxopvksduvixuduaydjkh/Build/Intermediates.noindex/ArchiveIntermediates/PhoneCleaner/IntermediateBuildFilesPath/PhoneCleaner.build/Release-iphoneos/PhoneCleaner.build/DerivedSources/arm64 -I/Users/runner/Library/Developer/Xcode/DerivedData/PhoneCleaner-dcdzrjknxopvksduvixuduaydjkh/Build/Intermediates.noindex/ArchiveIntermediates/PhoneCleaner/IntermediateBuildFilesPath/PhoneCleaner.build/Release-iphoneos/PhoneCleaner.build/DerivedSources -F/Users/runner/Library/Developer/Xcode/DerivedData/PhoneCleaner-dcdzrjknxopvksduvixuduaydjkh/Build/Intermediates.noindex/ArchiveIntermediates/PhoneCleaner/BuildProductsPath/Release-iphoneos -F/Users/runner/Library/Developer/Xcode/DerivedData/PhoneCleaner-dcdzrjknxopvksduvixuduaydjkh/Build/Intermediates.noindex/ArchiveIntermediates/PhoneCleaner/BuildProductsPath/Release-iphoneos/PlusKit -F/Users/runner/work/Album_Clean/Album_Clean/Pods/UMCommon/UMCommon_7.6.4 -F/Users/runner/work/Album_Clean/Album_Clean/Pods/UMDevice/UMDevice_3.6.0 -F/Users/runner/Library/Developer/Xcode/DerivedData/PhoneCleaner-dcdzrjknxopvksduvixuduaydjkh/Build/Intermediates.noindex/ArchiveIntermediates/PhoneCleaner/BuildProductsPath/Release-iphoneos/XCFrameworkIntermediates/UMCommon -F/Users/runner/Library/Developer/Xcode/DerivedData/PhoneCleaner-dcdzrjknxopvksduvixuduaydjkh/Build/Intermediates.noindex/ArchiveIntermediates/PhoneCleaner/BuildProductsPath/Release-iphoneos/XCFrameworkIntermediates/UMDevice

WriteAuxiliaryFile /Users/runner/Library/Developer/Xcode/DerivedData/PhoneCleaner-dcdzrjknxopvksduvixuduaydjkh/Build/Intermediates.noindex/ArchiveIntermediates/PhoneCleaner/IntermediateBuildFilesPath/PhoneCleaner.build/Release-iphoneos/PhoneCleaner.build/DerivedSources/PhoneCleaner_vers.c (in target 'PhoneCleaner' from project 'PhoneCleaner')
    cd /Users/runner/work/Album_Clean/Album_Clean
    write-file /Users/runner/Library/Developer/Xcode/DerivedData/PhoneCleaner-dcdzrjknxopvksduvixuduaydjkh/Build/Intermediates.noindex/ArchiveIntermediates/PhoneCleaner/IntermediateBuildFilesPath/PhoneCleaner.build/Release-iphoneos/PhoneCleaner.build/DerivedSources/PhoneCleaner_vers.c

WriteAuxiliaryFile /Users/runner/Library/Developer/Xcode/DerivedData/PhoneCleaner-dcdzrjknxopvksduvixuduaydjkh/Build/Intermediates.noindex/ArchiveIntermediates/PhoneCleaner/IntermediateBuildFilesPath/PhoneCleaner.build/Release-iphoneos/PhoneCleaner.build/DerivedSources/Entitlements.plist (in target 'PhoneCleaner' from project 'PhoneCleaner')
    cd /Users/runner/work/Album_Clean/Album_Clean
    write-file /Users/runner/Library/Developer/Xcode/DerivedData/PhoneCleaner-dcdzrjknxopvksduvixuduaydjkh/Build/Intermediates.noindex/ArchiveIntermediates/PhoneCleaner/IntermediateBuildFilesPath/PhoneCleaner.build/Release-iphoneos/PhoneCleaner.build/DerivedSources/Entitlements.plist

SymLink /Users/runner/Library/Developer/Xcode/DerivedData/PhoneCleaner-dcdzrjknxopvksduvixuduaydjkh/Build/Intermediates.noindex/ArchiveIntermediates/PhoneCleaner/BuildProductsPath/Release-iphoneos/Pods_PhoneCleaner.framework ../../IntermediateBuildFilesPath/UninstalledProducts/iphoneos/Pods_PhoneCleaner.framework (in target 'Pods-PhoneCleaner' from project 'Pods')
    cd /Users/runner/work/Album_Clean/Album_Clean/Pods
    /bin/ln -sfh ../../IntermediateBuildFilesPath/UninstalledProducts/iphoneos/Pods_PhoneCleaner.framework /Users/runner/Library/Developer/Xcode/DerivedData/PhoneCleaner-dcdzrjknxopvksduvixuduaydjkh/Build/Intermediates.noindex/ArchiveIntermediates/PhoneCleaner/BuildProductsPath/Release-iphoneos/Pods_PhoneCleaner.framework

MkDir /Users/runner/Library/Developer/Xcode/DerivedData/PhoneCleaner-dcdzrjknxopvksduvixuduaydjkh/Build/Intermediates.noindex/ArchiveIntermediates/PhoneCleaner/IntermediateBuildFilesPath/UninstalledProducts/iphoneos/Pods_PhoneCleaner.framework/Headers (in target 'Pods-PhoneCleaner' from project 'Pods')
    cd /Users/runner/work/Album_Clean/Album_Clean/Pods
    /bin/mkdir -p /Users/runner/Library/Developer/Xcode/DerivedData/PhoneCleaner-dcdzrjknxopvksduvixuduaydjkh/Build/Intermediates.noindex/ArchiveIntermediates/PhoneCleaner/IntermediateBuildFilesPath/UninstalledProducts/iphoneos/Pods_PhoneCleaner.framework/Headers

MkDir /Users/runner/Library/Developer/Xcode/DerivedData/PhoneCleaner-dcdzrjknxopvksduvixuduaydjkh/Build/Intermediates.noindex/ArchiveIntermediates/PhoneCleaner/IntermediateBuildFilesPath/UninstalledProducts/iphoneos/Pods_PhoneCleaner.framework (in target 'Pods-PhoneCleaner' from project 'Pods')
    cd /Users/runner/work/Album_Clean/Album_Clean/Pods
    /bin/mkdir -p /Users/runner/Library/Developer/Xcode/DerivedData/PhoneCleaner-dcdzrjknxopvksduvixuduaydjkh/Build/Intermediates.noindex/ArchiveIntermediates/PhoneCleaner/IntermediateBuildFilesPath/UninstalledProducts/iphoneos/Pods_PhoneCleaner.framework

SymLink /Users/runner/Library/Developer/Xcode/DerivedData/PhoneCleaner-dcdzrjknxopvksduvixuduaydjkh/Build/Intermediates.noindex/ArchiveIntermediates/PhoneCleaner/BuildProductsPath/Release-iphoneos/PhoneCleaner.app ../../InstallationBuildProductsLocation/Applications/PhoneCleaner.app (in target 'PhoneCleaner' from project 'PhoneCleaner')
    cd /Users/runner/work/Album_Clean/Album_Clean
    /bin/ln -sfh ../../InstallationBuildProductsLocation/Applications/PhoneCleaner.app /Users/runner/Library/Developer/Xcode/DerivedData/PhoneCleaner-dcdzrjknxopvksduvixuduaydjkh/Build/Intermediates.noindex/ArchiveIntermediates/PhoneCleaner/BuildProductsPath/Release-iphoneos/PhoneCleaner.app

MkDir /Users/runner/Library/Developer/Xcode/DerivedData/PhoneCleaner-dcdzrjknxopvksduvixuduaydjkh/Build/Intermediates.noindex/ArchiveIntermediates/PhoneCleaner/InstallationBuildProductsLocation/Applications/PhoneCleaner.app (in target 'PhoneCleaner' from project 'PhoneCleaner')
    cd /Users/runner/work/Album_Clean/Album_Clean
    /bin/mkdir -p /Users/runner/Library/Developer/Xcode/DerivedData/PhoneCleaner-dcdzrjknxopvksduvixuduaydjkh/Build/Intermediates.noindex/ArchiveIntermediates/PhoneCleaner/InstallationBuildProductsLocation/Applications/PhoneCleaner.app

CreateBuildDirectory /Users/runner/Library/Developer/Xcode/DerivedData/PhoneCleaner-dcdzrjknxopvksduvixuduaydjkh/Build/Intermediates.noindex/ArchiveIntermediates/PhoneCleaner/BuildProductsPath/Release-iphoneos/UMDevice
    cd /Users/runner/work/Album_Clean/Album_Clean
    builtin-create-build-directory /Users/runner/Library/Developer/Xcode/DerivedData/PhoneCleaner-dcdzrjknxopvksduvixuduaydjkh/Build/Intermediates.noindex/ArchiveIntermediates/PhoneCleaner/BuildProductsPath/Release-iphoneos/UMDevice

CreateBuildDirectory /Users/runner/Library/Developer/Xcode/DerivedData/PhoneCleaner-dcdzrjknxopvksduvixuduaydjkh/Build/Intermediates.noindex/ArchiveIntermediates/PhoneCleaner/BuildProductsPath/Release-iphoneos/UMCommon
    cd /Users/runner/work/Album_Clean/Album_Clean
    builtin-create-build-directory /Users/runner/Library/Developer/Xcode/DerivedData/PhoneCleaner-dcdzrjknxopvksduvixuduaydjkh/Build/Intermediates.noindex/ArchiveIntermediates/PhoneCleaner/BuildProductsPath/Release-iphoneos/UMCommon

CreateBuildDirectory /Users/runner/Library/Developer/Xcode/DerivedData/PhoneCleaner-dcdzrjknxopvksduvixuduaydjkh/Build/Intermediates.noindex/ArchiveIntermediates/PhoneCleaner/BuildProductsPath/Release-iphoneos/PlusKit
    cd /Users/runner/work/Album_Clean/Album_Clean
    builtin-create-build-directory /Users/runner/Library/Developer/Xcode/DerivedData/PhoneCleaner-dcdzrjknxopvksduvixuduaydjkh/Build/Intermediates.noindex/ArchiveIntermediates/PhoneCleaner/BuildProductsPath/Release-iphoneos/PlusKit

WriteAuxiliaryFile /Users/runner/Library/Developer/Xcode/DerivedData/PhoneCleaner-dcdzrjknxopvksduvixuduaydjkh/Build/Intermediates.noindex/ArchiveIntermediates/PhoneCleaner/IntermediateBuildFilesPath/Pods.build/Release-iphoneos/PlusKit.build/unextended-module-swiftunextension.modulemap (in target 'PlusKit' from project 'Pods')
    cd /Users/runner/work/Album_Clean/Album_Clean/Pods
    write-file /Users/runner/Library/Developer/Xcode/DerivedData/PhoneCleaner-dcdzrjknxopvksduvixuduaydjkh/Build/Intermediates.noindex/ArchiveIntermediates/PhoneCleaner/IntermediateBuildFilesPath/Pods.build/Release-iphoneos/PlusKit.build/unextended-module-swiftunextension.modulemap

WriteAuxiliaryFile /Users/runner/Library/Developer/Xcode/DerivedData/PhoneCleaner-dcdzrjknxopvksduvixuduaydjkh/Build/Intermediates.noindex/ArchiveIntermediates/PhoneCleaner/IntermediateBuildFilesPath/Pods.build/Release-iphoneos/PlusKit.build/unextended-module-overlay.yaml (in target 'PlusKit' from project 'Pods')
    cd /Users/runner/work/Album_Clean/Album_Clean/Pods
    write-file /Users/runner/Library/Developer/Xcode/DerivedData/PhoneCleaner-dcdzrjknxopvksduvixuduaydjkh/Build/Intermediates.noindex/ArchiveIntermediates/PhoneCleaner/IntermediateBuildFilesPath/Pods.build/Release-iphoneos/PlusKit.build/unextended-module-overlay.yaml

WriteAuxiliaryFile /Users/runner/Library/Developer/Xcode/DerivedData/PhoneCleaner-dcdzrjknxopvksduvixuduaydjkh/Build/Intermediates.noindex/ArchiveIntermediates/PhoneCleaner/IntermediateBuildFilesPath/Pods.build/Release-iphoneos/PlusKit.build/module-swiftextension.modulemap (in target 'PlusKit' from project 'Pods')
    cd /Users/runner/work/Album_Clean/Album_Clean/Pods
    write-file /Users/runner/Library/Developer/Xcode/DerivedData/PhoneCleaner-dcdzrjknxopvksduvixuduaydjkh/Build/Intermediates.noindex/ArchiveIntermediates/PhoneCleaner/IntermediateBuildFilesPath/Pods.build/Release-iphoneos/PlusKit.build/module-swiftextension.modulemap

WriteAuxiliaryFile /Users/runner/Library/Developer/Xcode/DerivedData/PhoneCleaner-dcdzrjknxopvksduvixuduaydjkh/Build/Intermediates.noindex/ArchiveIntermediates/PhoneCleaner/IntermediateBuildFilesPath/Pods.build/Release-iphoneos/PlusKit.build/PlusKit.hmap (in target 'PlusKit' from project 'Pods')
    cd /Users/runner/work/Album_Clean/Album_Clean/Pods
    write-file /Users/runner/Library/Developer/Xcode/DerivedData/PhoneCleaner-dcdzrjknxopvksduvixuduaydjkh/Build/Intermediates.noindex/ArchiveIntermediates/PhoneCleaner/IntermediateBuildFilesPath/Pods.build/Release-iphoneos/PlusKit.build/PlusKit.hmap

WriteAuxiliaryFile /Users/runner/Library/Developer/Xcode/DerivedData/PhoneCleaner-dcdzrjknxopvksduvixuduaydjkh/Build/Intermediates.noindex/ArchiveIntermediates/PhoneCleaner/IntermediateBuildFilesPath/Pods.build/Release-iphoneos/PlusKit.build/PlusKit.DependencyStaticMetadataFileList (in target 'PlusKit' from project 'Pods')
    cd /Users/runner/work/Album_Clean/Album_Clean/Pods
    write-file /Users/runner/Library/Developer/Xcode/DerivedData/PhoneCleaner-dcdzrjknxopvksduvixuduaydjkh/Build/Intermediates.noindex/ArchiveIntermediates/PhoneCleaner/IntermediateBuildFilesPath/Pods.build/Release-iphoneos/PlusKit.build/PlusKit.DependencyStaticMetadataFileList

WriteAuxiliaryFile /Users/runner/Library/Developer/Xcode/DerivedData/PhoneCleaner-dcdzrjknxopvksduvixuduaydjkh/Build/Intermediates.noindex/ArchiveIntermediates/PhoneCleaner/IntermediateBuildFilesPath/Pods.build/Release-iphoneos/PlusKit.build/PlusKit.DependencyMetadataFileList (in target 'PlusKit' from project 'Pods')
    cd /Users/runner/work/Album_Clean/Album_Clean/Pods
    write-file /Users/runner/Library/Developer/Xcode/DerivedData/PhoneCleaner-dcdzrjknxopvksduvixuduaydjkh/Build/Intermediates.noindex/ArchiveIntermediates/PhoneCleaner/IntermediateBuildFilesPath/Pods.build/Release-iphoneos/PlusKit.build/PlusKit.DependencyMetadataFileList

WriteAuxiliaryFile /Users/runner/Library/Developer/Xcode/DerivedData/PhoneCleaner-dcdzrjknxopvksduvixuduaydjkh/Build/Intermediates.noindex/ArchiveIntermediates/PhoneCleaner/IntermediateBuildFilesPath/Pods.build/Release-iphoneos/PlusKit.build/PlusKit-project-headers.hmap (in target 'PlusKit' from project 'Pods')
    cd /Users/runner/work/Album_Clean/Album_Clean/Pods
    write-file /Users/runner/Library/Developer/Xcode/DerivedData/PhoneCleaner-dcdzrjknxopvksduvixuduaydjkh/Build/Intermediates.noindex/ArchiveIntermediates/PhoneCleaner/IntermediateBuildFilesPath/Pods.build/Release-iphoneos/PlusKit.build/PlusKit-project-headers.hmap

WriteAuxiliaryFile /Users/runner/Library/Developer/Xcode/DerivedData/PhoneCleaner-dcdzrjknxopvksduvixuduaydjkh/Build/Intermediates.noindex/ArchiveIntermediates/PhoneCleaner/IntermediateBuildFilesPath/Pods.build/Release-iphoneos/PlusKit.build/PlusKit-own-target-headers.hmap (in target 'PlusKit' from project 'Pods')
    cd /Users/runner/work/Album_Clean/Album_Clean/Pods
    write-file /Users/runner/Library/Developer/Xcode/DerivedData/PhoneCleaner-dcdzrjknxopvksduvixuduaydjkh/Build/Intermediates.noindex/ArchiveIntermediates/PhoneCleaner/IntermediateBuildFilesPath/Pods.build/Release-iphoneos/PlusKit.build/PlusKit-own-target-headers.hmap

WriteAuxiliaryFile /Users/runner/Library/Developer/Xcode/DerivedData/PhoneCleaner-dcdzrjknxopvksduvixuduaydjkh/Build/Intermediates.noindex/ArchiveIntermediates/PhoneCleaner/IntermediateBuildFilesPath/Pods.build/Release-iphoneos/PlusKit.build/PlusKit-generated-files.hmap (in target 'PlusKit' from project 'Pods')
    cd /Users/runner/work/Album_Clean/Album_Clean/Pods
    write-file /Users/runner/Library/Developer/Xcode/DerivedData/PhoneCleaner-dcdzrjknxopvksduvixuduaydjkh/Build/Intermediates.noindex/ArchiveIntermediates/PhoneCleaner/IntermediateBuildFilesPath/Pods.build/Release-iphoneos/PlusKit.build/PlusKit-generated-files.hmap

WriteAuxiliaryFile /Users/runner/Library/Developer/Xcode/DerivedData/PhoneCleaner-dcdzrjknxopvksduvixuduaydjkh/Build/Intermediates.noindex/ArchiveIntermediates/PhoneCleaner/IntermediateBuildFilesPath/Pods.build/Release-iphoneos/PlusKit.build/PlusKit-all-target-headers.hmap (in target 'PlusKit' from project 'Pods')
    cd /Users/runner/work/Album_Clean/Album_Clean/Pods
    write-file /Users/runner/Library/Developer/Xcode/DerivedData/PhoneCleaner-dcdzrjknxopvksduvixuduaydjkh/Build/Intermediates.noindex/ArchiveIntermediates/PhoneCleaner/IntermediateBuildFilesPath/Pods.build/Release-iphoneos/PlusKit.build/PlusKit-all-target-headers.hmap

WriteAuxiliaryFile /Users/runner/Library/Developer/Xcode/DerivedData/PhoneCleaner-dcdzrjknxopvksduvixuduaydjkh/Build/Intermediates.noindex/ArchiveIntermediates/PhoneCleaner/IntermediateBuildFilesPath/Pods.build/Release-iphoneos/PlusKit.build/PlusKit-all-non-framework-target-headers.hmap (in target 'PlusKit' from project 'Pods')
    cd /Users/runner/work/Album_Clean/Album_Clean/Pods
    write-file /Users/runner/Library/Developer/Xcode/DerivedData/PhoneCleaner-dcdzrjknxopvksduvixuduaydjkh/Build/Intermediates.noindex/ArchiveIntermediates/PhoneCleaner/IntermediateBuildFilesPath/Pods.build/Release-iphoneos/PlusKit.build/PlusKit-all-non-framework-target-headers.hmap

WriteAuxiliaryFile /Users/runner/Library/Developer/Xcode/DerivedData/PhoneCleaner-dcdzrjknxopvksduvixuduaydjkh/Build/Intermediates.noindex/ArchiveIntermediates/PhoneCleaner/IntermediateBuildFilesPath/Pods.build/Release-iphoneos/PlusKit.build/Objects-normal/arm64/e6072d4f65d7061329687fe24e3d63a7-common-args.resp (in target 'PlusKit' from project 'Pods')
    cd /Users/runner/work/Album_Clean/Album_Clean/Pods
    write-file /Users/runner/Library/Developer/Xcode/DerivedData/PhoneCleaner-dcdzrjknxopvksduvixuduaydjkh/Build/Intermediates.noindex/ArchiveIntermediates/PhoneCleaner/IntermediateBuildFilesPath/Pods.build/Release-iphoneos/PlusKit.build/Objects-normal/arm64/e6072d4f65d7061329687fe24e3d63a7-common-args.resp
-target arm64-apple-ios15.0 '-std=gnu11' -fobjc-arc -fmodules -gmodules '-fmodules-cache-path=/Users/runner/Library/Developer/Xcode/DerivedData/ModuleCache.noindex' '-fmodule-name=PlusKit' -fpascal-strings -Os -fno-common '-DPOD_CONFIGURATION_RELEASE=1' '-DCOCOAPODS=1' '-DNS_BLOCK_ASSERTIONS=1' '-DOBJC_OLD_DISPATCH_PROTOTYPES=0' -isysroot /Applications/Xcode_26.3.app/Contents/Developer/Platforms/iPhoneOS.platform/Developer/SDKs/iPhoneOS26.2.sdk -g -iquote /Users/runner/Library/Developer/Xcode/DerivedData/PhoneCleaner-dcdzrjknxopvksduvixuduaydjkh/Build/Intermediates.noindex/ArchiveIntermediates/PhoneCleaner/IntermediateBuildFilesPath/Pods.build/Release-iphoneos/PlusKit.build/PlusKit-generated-files.hmap -I/Users/runner/Library/Developer/Xcode/DerivedData/PhoneCleaner-dcdzrjknxopvksduvixuduaydjkh/Build/Intermediates.noindex/ArchiveIntermediates/PhoneCleaner/IntermediateBuildFilesPath/Pods.build/Release-iphoneos/PlusKit.build/PlusKit-own-target-headers.hmap -I/Users/runner/Library/Developer/Xcode/DerivedData/PhoneCleaner-dcdzrjknxopvksduvixuduaydjkh/Build/Intermediates.noindex/ArchiveIntermediates/PhoneCleaner/IntermediateBuildFilesPath/Pods.build/Release-iphoneos/PlusKit.build/PlusKit-all-non-framework-target-headers.hmap -ivfsoverlay /Users/runner/Library/Developer/Xcode/DerivedData/PhoneCleaner-dcdzrjknxopvksduvixuduaydjkh/Build/Intermediates.noindex/ArchiveIntermediates/PhoneCleaner/IntermediateBuildFilesPath/Pods.build/Release-iphoneos/Pods-8699adb1dd336b26511df848a716bd42-VFS-iphoneos/all-product-headers.yaml -iquote /Users/runner/Library/Developer/Xcode/DerivedData/PhoneCleaner-dcdzrjknxopvksduvixuduaydjkh/Build/Intermediates.noindex/ArchiveIntermediates/PhoneCleaner/IntermediateBuildFilesPath/Pods.build/Release-iphoneos/PlusKit.build/PlusKit-project-headers.hmap -I/Users/runner/Library/Developer/Xcode/DerivedData/PhoneCleaner-dcdzrjknxopvksduvixuduaydjkh/Build/Intermediates.noindex/ArchiveIntermediates/PhoneCleaner/BuildProductsPath/Release-iphoneos/PlusKit/include -I/Users/runner/Library/Developer/Xcode/DerivedData/PhoneCleaner-dcdzrjknxopvksduvixuduaydjkh/Build/Intermediates.noindex/ArchiveIntermediates/PhoneCleaner/IntermediateBuildFilesPath/Pods.build/Release-iphoneos/PlusKit.build/DerivedSources-normal/arm64 -I/Users/runner/Library/Developer/Xcode/DerivedData/PhoneCleaner-dcdzrjknxopvksduvixuduaydjkh/Build/Intermediates.noindex/ArchiveIntermediates/PhoneCleaner/IntermediateBuildFilesPath/Pods.build/Release-iphoneos/PlusKit.build/DerivedSources/arm64 -I/Users/runner/Library/Developer/Xcode/DerivedData/PhoneCleaner-dcdzrjknxopvksduvixuduaydjkh/Build/Intermediates.noindex/ArchiveIntermediates/PhoneCleaner/IntermediateBuildFilesPath/Pods.build/Release-iphoneos/PlusKit.build/DerivedSources -F/Users/runner/Library/Developer/Xcode/DerivedData/PhoneCleaner-dcdzrjknxopvksduvixuduaydjkh/Build/Intermediates.noindex/ArchiveIntermediates/PhoneCleaner/BuildProductsPath/Release-iphoneos/PlusKit -F/Users/runner/work/Album_Clean/Album_Clean/Pods/UMCommon/UMCommon_7.6.4 -F/Users/runner/work/Album_Clean/Album_Clean/Pods/UMDevice/UMDevice_3.6.0 -F/Users/runner/Library/Developer/Xcode/DerivedData/PhoneCleaner-dcdzrjknxopvksduvixuduaydjkh/Build/Intermediates.noindex/ArchiveIntermediates/PhoneCleaner/BuildProductsPath/Release-iphoneos/XCFrameworkIntermediates/UMCommon -F/Users/runner/Library/Developer/Xcode/DerivedData/PhoneCleaner-dcdzrjknxopvksduvixuduaydjkh/Build/Intermediates.noindex/ArchiveIntermediates/PhoneCleaner/BuildProductsPath/Release-iphoneos/XCFrameworkIntermediates/UMDevice

WriteAuxiliaryFile /Users/runner/Library/Developer/Xcode/DerivedData/PhoneCleaner-dcdzrjknxopvksduvixuduaydjkh/Build/Intermediates.noindex/ArchiveIntermediates/PhoneCleaner/IntermediateBuildFilesPath/Pods.build/Release-iphoneos/PlusKit.build/Objects-normal/arm64/PlusKit_const_extract_protocols.json (in target 'PlusKit' from project 'Pods')
    cd /Users/runner/work/Album_Clean/Album_Clean/Pods
    write-file /Users/runner/Library/Developer/Xcode/DerivedData/PhoneCleaner-dcdzrjknxopvksduvixuduaydjkh/Build/Intermediates.noindex/ArchiveIntermediates/PhoneCleaner/IntermediateBuildFilesPath/Pods.build/Release-iphoneos/PlusKit.build/Objects-normal/arm64/PlusKit_const_extract_protocols.json

WriteAuxiliaryFile /Users/runner/Library/Developer/Xcode/DerivedData/PhoneCleaner-dcdzrjknxopvksduvixuduaydjkh/Build/Intermediates.noindex/ArchiveIntermediates/PhoneCleaner/IntermediateBuildFilesPath/Pods.build/Release-iphoneos/PlusKit.build/Objects-normal/arm64/PlusKit.SwiftFileList (in target 'PlusKit' from project 'Pods')
    cd /Users/runner/work/Album_Clean/Album_Clean/Pods
    write-file /Users/runner/Library/Developer/Xcode/DerivedData/PhoneCleaner-dcdzrjknxopvksduvixuduaydjkh/Build/Intermediates.noindex/ArchiveIntermediates/PhoneCleaner/IntermediateBuildFilesPath/Pods.build/Release-iphoneos/PlusKit.build/Objects-normal/arm64/PlusKit.SwiftFileList

WriteAuxiliaryFile /Users/runner/Library/Developer/Xcode/DerivedData/PhoneCleaner-dcdzrjknxopvksduvixuduaydjkh/Build/Intermediates.noindex/ArchiveIntermediates/PhoneCleaner/IntermediateBuildFilesPath/Pods.build/Release-iphoneos/PlusKit.build/Objects-normal/arm64/PlusKit.SwiftConstValuesFileList (in target 'PlusKit' from project 'Pods')
    cd /Users/runner/work/Album_Clean/Album_Clean/Pods
    write-file /Users/runner/Library/Developer/Xcode/DerivedData/PhoneCleaner-dcdzrjknxopvksduvixuduaydjkh/Build/Intermediates.noindex/ArchiveIntermediates/PhoneCleaner/IntermediateBuildFilesPath/Pods.build/Release-iphoneos/PlusKit.build/Objects-normal/arm64/PlusKit.SwiftConstValuesFileList

WriteAuxiliaryFile /Users/runner/Library/Developer/Xcode/DerivedData/PhoneCleaner-dcdzrjknxopvksduvixuduaydjkh/Build/Intermediates.noindex/ArchiveIntermediates/PhoneCleaner/IntermediateBuildFilesPath/Pods.build/Release-iphoneos/PlusKit.build/Objects-normal/arm64/PlusKit.LinkFileList (in target 'PlusKit' from project 'Pods')
    cd /Users/runner/work/Album_Clean/Album_Clean/Pods
    write-file /Users/runner/Library/Developer/Xcode/DerivedData/PhoneCleaner-dcdzrjknxopvksduvixuduaydjkh/Build/Intermediates.noindex/ArchiveIntermediates/PhoneCleaner/IntermediateBuildFilesPath/Pods.build/Release-iphoneos/PlusKit.build/Objects-normal/arm64/PlusKit.LinkFileList

WriteAuxiliaryFile /Users/runner/Library/Developer/Xcode/DerivedData/PhoneCleaner-dcdzrjknxopvksduvixuduaydjkh/Build/Intermediates.noindex/ArchiveIntermediates/PhoneCleaner/IntermediateBuildFilesPath/Pods.build/Release-iphoneos/PlusKit.build/Objects-normal/arm64/PlusKit-OutputFileMap.json (in target 'PlusKit' from project 'Pods')
    cd /Users/runner/work/Album_Clean/Album_Clean/Pods
    write-file /Users/runner/Library/Developer/Xcode/DerivedData/PhoneCleaner-dcdzrjknxopvksduvixuduaydjkh/Build/Intermediates.noindex/ArchiveIntermediates/PhoneCleaner/IntermediateBuildFilesPath/Pods.build/Release-iphoneos/PlusKit.build/Objects-normal/arm64/PlusKit-OutputFileMap.json

WriteAuxiliaryFile /Users/runner/Library/Developer/Xcode/DerivedData/PhoneCleaner-dcdzrjknxopvksduvixuduaydjkh/Build/Intermediates.noindex/ArchiveIntermediates/PhoneCleaner/IntermediateBuildFilesPath/Pods.build/Release-iphoneos/PlusKit.build/Objects-normal/arm64/7187679823f38a2a940e0043cdf9d637-common-args.resp (in target 'PlusKit' from project 'Pods')
    cd /Users/runner/work/Album_Clean/Album_Clean/Pods
    write-file /Users/runner/Library/Developer/Xcode/DerivedData/PhoneCleaner-dcdzrjknxopvksduvixuduaydjkh/Build/Intermediates.noindex/ArchiveIntermediates/PhoneCleaner/IntermediateBuildFilesPath/Pods.build/Release-iphoneos/PlusKit.build/Objects-normal/arm64/7187679823f38a2a940e0043cdf9d637-common-args.resp
-target arm64-apple-ios15.0 '-std=gnu11' -fmodules -gmodules '-fmodules-cache-path=/Users/runner/Library/Developer/Xcode/DerivedData/ModuleCache.noindex' '-fmodule-name=PlusKit' -fpascal-strings -Os -fno-common '-DPOD_CONFIGURATION_RELEASE=1' '-DCOCOAPODS=1' -isysroot /Applications/Xcode_26.3.app/Contents/Developer/Platforms/iPhoneOS.platform/Developer/SDKs/iPhoneOS26.2.sdk -g -iquote /Users/runner/Library/Developer/Xcode/DerivedData/PhoneCleaner-dcdzrjknxopvksduvixuduaydjkh/Build/Intermediates.noindex/ArchiveIntermediates/PhoneCleaner/IntermediateBuildFilesPath/Pods.build/Release-iphoneos/PlusKit.build/PlusKit-generated-files.hmap -I/Users/runner/Library/Developer/Xcode/DerivedData/PhoneCleaner-dcdzrjknxopvksduvixuduaydjkh/Build/Intermediates.noindex/ArchiveIntermediates/PhoneCleaner/IntermediateBuildFilesPath/Pods.build/Release-iphoneos/PlusKit.build/PlusKit-own-target-headers.hmap -I/Users/runner/Library/Developer/Xcode/DerivedData/PhoneCleaner-dcdzrjknxopvksduvixuduaydjkh/Build/Intermediates.noindex/ArchiveIntermediates/PhoneCleaner/IntermediateBuildFilesPath/Pods.build/Release-iphoneos/PlusKit.build/PlusKit-all-non-framework-target-headers.hmap -ivfsoverlay /Users/runner/Library/Developer/Xcode/DerivedData/PhoneCleaner-dcdzrjknxopvksduvixuduaydjkh/Build/Intermediates.noindex/ArchiveIntermediates/PhoneCleaner/IntermediateBuildFilesPath/Pods.build/Release-iphoneos/Pods-8699adb1dd336b26511df848a716bd42-VFS-iphoneos/all-product-headers.yaml -iquote /Users/runner/Library/Developer/Xcode/DerivedData/PhoneCleaner-dcdzrjknxopvksduvixuduaydjkh/Build/Intermediates.noindex/ArchiveIntermediates/PhoneCleaner/IntermediateBuildFilesPath/Pods.build/Release-iphoneos/PlusKit.build/PlusKit-project-headers.hmap -I/Users/runner/Library/Developer/Xcode/DerivedData/PhoneCleaner-dcdzrjknxopvksduvixuduaydjkh/Build/Intermediates.noindex/ArchiveIntermediates/PhoneCleaner/BuildProductsPath/Release-iphoneos/PlusKit/include -I/Users/runner/Library/Developer/Xcode/DerivedData/PhoneCleaner-dcdzrjknxopvksduvixuduaydjkh/Build/Intermediates.noindex/ArchiveIntermediates/PhoneCleaner/IntermediateBuildFilesPath/Pods.build/Release-iphoneos/PlusKit.build/DerivedSources-normal/arm64 -I/Users/runner/Library/Developer/Xcode/DerivedData/PhoneCleaner-dcdzrjknxopvksduvixuduaydjkh/Build/Intermediates.noindex/ArchiveIntermediates/PhoneCleaner/IntermediateBuildFilesPath/Pods.build/Release-iphoneos/PlusKit.build/DerivedSources/arm64 -I/Users/runner/Library/Developer/Xcode/DerivedData/PhoneCleaner-dcdzrjknxopvksduvixuduaydjkh/Build/Intermediates.noindex/ArchiveIntermediates/PhoneCleaner/IntermediateBuildFilesPath/Pods.build/Release-iphoneos/PlusKit.build/DerivedSources -F/Users/runner/Library/Developer/Xcode/DerivedData/PhoneCleaner-dcdzrjknxopvksduvixuduaydjkh/Build/Intermediates.noindex/ArchiveIntermediates/PhoneCleaner/BuildProductsPath/Release-iphoneos/PlusKit -F/Users/runner/work/Album_Clean/Album_Clean/Pods/UMCommon/UMCommon_7.6.4 -F/Users/runner/work/Album_Clean/Album_Clean/Pods/UMDevice/UMDevice_3.6.0 -F/Users/runner/Library/Developer/Xcode/DerivedData/PhoneCleaner-dcdzrjknxopvksduvixuduaydjkh/Build/Intermediates.noindex/ArchiveIntermediates/PhoneCleaner/BuildProductsPath/Release-iphoneos/XCFrameworkIntermediates/UMCommon -F/Users/runner/Library/Developer/Xcode/DerivedData/PhoneCleaner-dcdzrjknxopvksduvixuduaydjkh/Build/Intermediates.noindex/ArchiveIntermediates/PhoneCleaner/BuildProductsPath/Release-iphoneos/XCFrameworkIntermediates/UMDevice

WriteAuxiliaryFile /Users/runner/Library/Developer/Xcode/DerivedData/PhoneCleaner-dcdzrjknxopvksduvixuduaydjkh/Build/Intermediates.noindex/ArchiveIntermediates/PhoneCleaner/IntermediateBuildFilesPath/Pods.build/Release-iphoneos/PlusKit.build/DerivedSources/PlusKit_vers.c (in target 'PlusKit' from project 'Pods')
    cd /Users/runner/work/Album_Clean/Album_Clean/Pods
    write-file /Users/runner/Library/Developer/Xcode/DerivedData/PhoneCleaner-dcdzrjknxopvksduvixuduaydjkh/Build/Intermediates.noindex/ArchiveIntermediates/PhoneCleaner/IntermediateBuildFilesPath/Pods.build/Release-iphoneos/PlusKit.build/DerivedSources/PlusKit_vers.c

CpHeader /Users/runner/Library/Developer/Xcode/DerivedData/PhoneCleaner-dcdzrjknxopvksduvixuduaydjkh/Build/Intermediates.noindex/ArchiveIntermediates/PhoneCleaner/IntermediateBuildFilesPath/UninstalledProducts/iphoneos/PlusKit.framework/Headers/PlusKit-umbrella.h /Users/runner/work/Album_Clean/Album_Clean/Pods/Target\ Support\ Files/PlusKit/PlusKit-umbrella.h (in target 'PlusKit' from project 'Pods')
    cd /Users/runner/work/Album_Clean/Album_Clean/Pods
    builtin-copy -exclude .DS_Store -exclude CVS -exclude .svn -exclude .git -exclude .hg -resolve-src-symlinks /Users/runner/work/Album_Clean/Album_Clean/Pods/Target\ Support\ Files/PlusKit/PlusKit-umbrella.h /Users/runner/Library/Developer/Xcode/DerivedData/PhoneCleaner-dcdzrjknxopvksduvixuduaydjkh/Build/Intermediates.noindex/ArchiveIntermediates/PhoneCleaner/IntermediateBuildFilesPath/UninstalledProducts/iphoneos/PlusKit.framework/Headers

Concatenate /Users/runner/Library/Developer/Xcode/DerivedData/PhoneCleaner-dcdzrjknxopvksduvixuduaydjkh/Build/Intermediates.noindex/ArchiveIntermediates/PhoneCleaner/IntermediateBuildFilesPath/Pods.build/Release-iphoneos/PlusKit.build/unextended-module.modulemap /Users/runner/work/Album_Clean/Album_Clean/Pods/Target\ Support\ Files/PlusKit/PlusKit.modulemap /Users/runner/Library/Developer/Xcode/DerivedData/PhoneCleaner-dcdzrjknxopvksduvixuduaydjkh/Build/Intermediates.noindex/ArchiveIntermediates/PhoneCleaner/IntermediateBuildFilesPath/Pods.build/Release-iphoneos/PlusKit.build/unextended-module-swiftunextension.modulemap (in target 'PlusKit' from project 'Pods')
    cd /Users/runner/work/Album_Clean/Album_Clean/Pods
    builtin-concatenate /Users/runner/Library/Developer/Xcode/DerivedData/PhoneCleaner-dcdzrjknxopvksduvixuduaydjkh/Build/Intermediates.noindex/ArchiveIntermediates/PhoneCleaner/IntermediateBuildFilesPath/Pods.build/Release-iphoneos/PlusKit.build/unextended-module.modulemap /Users/runner/work/Album_Clean/Album_Clean/Pods/Target\ Support\ Files/PlusKit/PlusKit.modulemap /Users/runner/Library/Developer/Xcode/DerivedData/PhoneCleaner-dcdzrjknxopvksduvixuduaydjkh/Build/Intermediates.noindex/ArchiveIntermediates/PhoneCleaner/IntermediateBuildFilesPath/Pods.build/Release-iphoneos/PlusKit.build/unextended-module-swiftunextension.modulemap

Concatenate /Users/runner/Library/Developer/Xcode/DerivedData/PhoneCleaner-dcdzrjknxopvksduvixuduaydjkh/Build/Intermediates.noindex/ArchiveIntermediates/PhoneCleaner/IntermediateBuildFilesPath/Pods.build/Release-iphoneos/PlusKit.build/module.modulemap /Users/runner/work/Album_Clean/Album_Clean/Pods/Target\ Support\ Files/PlusKit/PlusKit.modulemap /Users/runner/Library/Developer/Xcode/DerivedData/PhoneCleaner-dcdzrjknxopvksduvixuduaydjkh/Build/Intermediates.noindex/ArchiveIntermediates/PhoneCleaner/IntermediateBuildFilesPath/Pods.build/Release-iphoneos/PlusKit.build/module-swiftextension.modulemap (in target 'PlusKit' from project 'Pods')
    cd /Users/runner/work/Album_Clean/Album_Clean/Pods
    builtin-concatenate /Users/runner/Library/Developer/Xcode/DerivedData/PhoneCleaner-dcdzrjknxopvksduvixuduaydjkh/Build/Intermediates.noindex/ArchiveIntermediates/PhoneCleaner/IntermediateBuildFilesPath/Pods.build/Release-iphoneos/PlusKit.build/module.modulemap /Users/runner/work/Album_Clean/Album_Clean/Pods/Target\ Support\ Files/PlusKit/PlusKit.modulemap /Users/runner/Library/Developer/Xcode/DerivedData/PhoneCleaner-dcdzrjknxopvksduvixuduaydjkh/Build/Intermediates.noindex/ArchiveIntermediates/PhoneCleaner/IntermediateBuildFilesPath/Pods.build/Release-iphoneos/PlusKit.build/module-swiftextension.modulemap

SymLink /Users/runner/Library/Developer/Xcode/DerivedData/PhoneCleaner-dcdzrjknxopvksduvixuduaydjkh/Build/Intermediates.noindex/ArchiveIntermediates/PhoneCleaner/BuildProductsPath/Release-iphoneos/PlusKit/PlusKit.framework ../../../IntermediateBuildFilesPath/UninstalledProducts/iphoneos/PlusKit.framework (in target 'PlusKit' from project 'Pods')
    cd /Users/runner/work/Album_Clean/Album_Clean/Pods
    /bin/ln -sfh ../../../IntermediateBuildFilesPath/UninstalledProducts/iphoneos/PlusKit.framework /Users/runner/Library/Developer/Xcode/DerivedData/PhoneCleaner-dcdzrjknxopvksduvixuduaydjkh/Build/Intermediates.noindex/ArchiveIntermediates/PhoneCleaner/BuildProductsPath/Release-iphoneos/PlusKit/PlusKit.framework

Copy /Users/runner/Library/Developer/Xcode/DerivedData/PhoneCleaner-dcdzrjknxopvksduvixuduaydjkh/Build/Intermediates.noindex/ArchiveIntermediates/PhoneCleaner/IntermediateBuildFilesPath/UninstalledProducts/iphoneos/PlusKit.framework/Modules/module.modulemap /Users/runner/Library/Developer/Xcode/DerivedData/PhoneCleaner-dcdzrjknxopvksduvixuduaydjkh/Build/Intermediates.noindex/ArchiveIntermediates/PhoneCleaner/IntermediateBuildFilesPath/Pods.build/Release-iphoneos/PlusKit.build/module.modulemap (in target 'PlusKit' from project 'Pods')
    cd /Users/runner/work/Album_Clean/Album_Clean/Pods
    builtin-copy -exclude .DS_Store -exclude CVS -exclude .svn -exclude .git -exclude .hg -resolve-src-symlinks /Users/runner/Library/Developer/Xcode/DerivedData/PhoneCleaner-dcdzrjknxopvksduvixuduaydjkh/Build/Intermediates.noindex/ArchiveIntermediates/PhoneCleaner/IntermediateBuildFilesPath/Pods.build/Release-iphoneos/PlusKit.build/module.modulemap /Users/runner/Library/Developer/Xcode/DerivedData/PhoneCleaner-dcdzrjknxopvksduvixuduaydjkh/Build/Intermediates.noindex/ArchiveIntermediates/PhoneCleaner/IntermediateBuildFilesPath/UninstalledProducts/iphoneos/PlusKit.framework/Modules

MkDir /Users/runner/Library/Developer/Xcode/DerivedData/PhoneCleaner-dcdzrjknxopvksduvixuduaydjkh/Build/Intermediates.noindex/ArchiveIntermediates/PhoneCleaner/IntermediateBuildFilesPath/UninstalledProducts/iphoneos/PlusKit.framework/Headers (in target 'PlusKit' from project 'Pods')
    cd /Users/runner/work/Album_Clean/Album_Clean/Pods
    /bin/mkdir -p /Users/runner/Library/Developer/Xcode/DerivedData/PhoneCleaner-dcdzrjknxopvksduvixuduaydjkh/Build/Intermediates.noindex/ArchiveIntermediates/PhoneCleaner/IntermediateBuildFilesPath/UninstalledProducts/iphoneos/PlusKit.framework/Headers

MkDir /Users/runner/Library/Developer/Xcode/DerivedData/PhoneCleaner-dcdzrjknxopvksduvixuduaydjkh/Build/Intermediates.noindex/ArchiveIntermediates/PhoneCleaner/IntermediateBuildFilesPath/UninstalledProducts/iphoneos/PlusKit.framework (in target 'PlusKit' from project 'Pods')
    cd /Users/runner/work/Album_Clean/Album_Clean/Pods
    /bin/mkdir -p /Users/runner/Library/Developer/Xcode/DerivedData/PhoneCleaner-dcdzrjknxopvksduvixuduaydjkh/Build/Intermediates.noindex/ArchiveIntermediates/PhoneCleaner/IntermediateBuildFilesPath/UninstalledProducts/iphoneos/PlusKit.framework

PhaseScriptExecution [CP]\ Copy\ XCFrameworks /Users/runner/Library/Developer/Xcode/DerivedData/PhoneCleaner-dcdzrjknxopvksduvixuduaydjkh/Build/Intermediates.noindex/ArchiveIntermediates/PhoneCleaner/IntermediateBuildFilesPath/Pods.build/Release-iphoneos/UMCommon.build/Script-08662676B1EF35D82E36D376541DE1B6.sh (in target 'UMCommon' from project 'Pods')
    cd /Users/runner/work/Album_Clean/Album_Clean/Pods
    /bin/sh -c /Users/runner/Library/Developer/Xcode/DerivedData/PhoneCleaner-dcdzrjknxopvksduvixuduaydjkh/Build/Intermediates.noindex/ArchiveIntermediates/PhoneCleaner/IntermediateBuildFilesPath/Pods.build/Release-iphoneos/UMCommon.build/Script-08662676B1EF35D82E36D376541DE1B6.sh
Selected xcframework slice ios-arm64
rsync --delete -av --filter P .*.?????? --links --filter "- CVS/" --filter "- .svn/" --filter "- .git/" --filter "- .hg/" "/Users/runner/work/Album_Clean/Album_Clean/Pods/UMCommon/UMCommon_7.6.4/UMCommon.xcframework/ios-arm64/*" "/Users/runner/Library/Developer/Xcode/DerivedData/PhoneCleaner-dcdzrjknxopvksduvixuduaydjkh/Build/Intermediates.noindex/ArchiveIntermediates/PhoneCleaner/BuildProductsPath/Release-iphoneos/XCFrameworkIntermediates/UMCommon"
Transfer starting: 17 files
UMCommon.framework/
UMCommon.framework/Info.plist
UMCommon.framework/PrivacyInfo.xcprivacy
UMCommon.framework/UMCommon
UMCommon.framework/Headers/
UMCommon.framework/Headers/MobClick.h
UMCommon.framework/Headers/UMCommon.h
UMCommon.framework/Headers/UMCommonDeepLink.h
UMCommon.framework/Headers/UMConfigure.h
UMCommon.framework/Modules/
UMCommon.framework/Modules/module.modulemap
UMCommon.framework/_CodeSignature/
UMCommon.framework/_CodeSignature/CodeDirectory
UMCommon.framework/_CodeSignature/CodeRequirements
UMCommon.framework/_CodeSignature/CodeRequirements-1
UMCommon.framework/_CodeSignature/CodeResources
UMCommon.framework/_CodeSignature/CodeSignature

sent 1807535 bytes  received 330 bytes  85680805 bytes/sec
total size is 1805517  speedup is 1.00
Copied /Users/runner/work/Album_Clean/Album_Clean/Pods/UMCommon/UMCommon_7.6.4/UMCommon.xcframework/ios-arm64 to /Users/runner/Library/Developer/Xcode/DerivedData/PhoneCleaner-dcdzrjknxopvksduvixuduaydjkh/Build/Intermediates.noindex/ArchiveIntermediates/PhoneCleaner/BuildProductsPath/Release-iphoneos/XCFrameworkIntermediates/UMCommon

ProcessInfoPlistFile /Users/runner/Library/Developer/Xcode/DerivedData/PhoneCleaner-dcdzrjknxopvksduvixuduaydjkh/Build/Intermediates.noindex/ArchiveIntermediates/PhoneCleaner/IntermediateBuildFilesPath/UninstalledProducts/iphoneos/PlusKit.framework/Info.plist /Users/runner/work/Album_Clean/Album_Clean/Pods/Target\ Support\ Files/PlusKit/PlusKit-Info.plist (in target 'PlusKit' from project 'Pods')
    cd /Users/runner/work/Album_Clean/Album_Clean/Pods
    builtin-infoPlistUtility /Users/runner/work/Album_Clean/Album_Clean/Pods/Target\ Support\ Files/PlusKit/PlusKit-Info.plist -producttype com.apple.product-type.framework -expandbuildsettings -format binary -platform iphoneos -requiredArchitecture arm64 -o /Users/runner/Library/Developer/Xcode/DerivedData/PhoneCleaner-dcdzrjknxopvksduvixuduaydjkh/Build/Intermediates.noindex/ArchiveIntermediates/PhoneCleaner/IntermediateBuildFilesPath/UninstalledProducts/iphoneos/PlusKit.framework/Info.plist

SwiftDriver PlusKit normal arm64 com.apple.xcode.tools.swift.compiler (in target 'PlusKit' from project 'Pods')
    cd /Users/runner/work/Album_Clean/Album_Clean/Pods
    builtin-SwiftDriver -- /Applications/Xcode_26.3.app/Contents/Developer/Toolchains/XcodeDefault.xctoolchain/usr/bin/swiftc -module-name PlusKit -O -whole-module-optimization -enforce-exclusivity\=checked @/Users/runner/Library/Developer/Xcode/DerivedData/PhoneCleaner-dcdzrjknxopvksduvixuduaydjkh/Build/Intermediates.noindex/ArchiveIntermediates/PhoneCleaner/IntermediateBuildFilesPath/Pods.build/Release-iphoneos/PlusKit.build/Objects-normal/arm64/PlusKit.SwiftFileList -D COCOAPODS -enable-bare-slash-regex -enable-experimental-feature DebugDescriptionMacro -sdk /Applications/Xcode_26.3.app/Contents/Developer/Platforms/iPhoneOS.platform/Developer/SDKs/iPhoneOS26.2.sdk -target arm64-apple-ios15.0 -g -module-cache-path /Users/runner/Library/Developer/Xcode/DerivedData/ModuleCache.noindex -Xfrontend -serialize-debugging-options -swift-version 5 -I /Users/runner/Library/Developer/Xcode/DerivedData/PhoneCleaner-dcdzrjknxopvksduvixuduaydjkh/Build/Intermediates.noindex/ArchiveIntermediates/PhoneCleaner/BuildProductsPath/Release-iphoneos/PlusKit -F /Users/runner/Library/Developer/Xcode/DerivedData/PhoneCleaner-dcdzrjknxopvksduvixuduaydjkh/Build/Intermediates.noindex/ArchiveIntermediates/PhoneCleaner/BuildProductsPath/Release-iphoneos/PlusKit -F /Users/runner/work/Album_Clean/Album_Clean/Pods/UMCommon/UMCommon_7.6.4 -F /Users/runner/work/Album_Clean/Album_Clean/Pods/UMDevice/UMDevice_3.6.0 -F /Users/runner/Library/Developer/Xcode/DerivedData/PhoneCleaner-dcdzrjknxopvksduvixuduaydjkh/Build/Intermediates.noindex/ArchiveIntermediates/PhoneCleaner/BuildProductsPath/Release-iphoneos/XCFrameworkIntermediates/UMCommon -F /Users/runner/Library/Developer/Xcode/DerivedData/PhoneCleaner-dcdzrjknxopvksduvixuduaydjkh/Build/Intermediates.noindex/ArchiveIntermediates/PhoneCleaner/BuildProductsPath/Release-iphoneos/XCFrameworkIntermediates/UMDevice -c -num-threads 3 -Xcc -ivfsstatcache -Xcc /Users/runner/Library/Developer/Xcode/DerivedData/SDKStatCaches.noindex/iphoneos26.2-23C57-dc75598d0054f22ec865fa860f139d722dd23b4ebda140f7210d155ff1243552.sdkstatcache -output-file-map /Users/runner/Library/Developer/Xcode/DerivedData/PhoneCleaner-dcdzrjknxopvksduvixuduaydjkh/Build/Intermediates.noindex/ArchiveIntermediates/PhoneCleaner/IntermediateBuildFilesPath/Pods.build/Release-iphoneos/PlusKit.build/Objects-normal/arm64/PlusKit-OutputFileMap.json -use-frontend-parseable-output -save-temps -no-color-diagnostics -explicit-module-build -module-cache-path /Users/runner/Library/Developer/Xcode/DerivedData/PhoneCleaner-dcdzrjknxopvksduvixuduaydjkh/Build/Intermediates.noindex/ArchiveIntermediates/PhoneCleaner/IntermediateBuildFilesPath/SwiftExplicitPrecompiledModules -clang-scanner-module-cache-path /Users/runner/Library/Developer/Xcode/DerivedData/ModuleCache.noindex -sdk-module-cache-path /Users/runner/Library/Developer/Xcode/DerivedData/ModuleCache.noindex -serialize-diagnostics -emit-dependencies -emit-module -emit-module-path /Users/runner/Library/Developer/Xcode/DerivedData/PhoneCleaner-dcdzrjknxopvksduvixuduaydjkh/Build/Intermediates.noindex/ArchiveIntermediates/PhoneCleaner/IntermediateBuildFilesPath/Pods.build/Release-iphoneos/PlusKit.build/Objects-normal/arm64/PlusKit.swiftmodule -validate-clang-modules-once -clang-build-session-file /Users/runner/Library/Developer/Xcode/DerivedData/ModuleCache.noindex/Session.modulevalidation -Xcc -I/Users/runner/Library/Developer/Xcode/DerivedData/PhoneCleaner-dcdzrjknxopvksduvixuduaydjkh/Build/Intermediates.noindex/ArchiveIntermediates/PhoneCleaner/IntermediateBuildFilesPath/Pods.build/Release-iphoneos/PlusKit.build/swift-overrides.hmap -emit-const-values -Xfrontend -const-gather-protocols-file -Xfrontend /Users/runner/Library/Developer/Xcode/DerivedData/PhoneCleaner-dcdzrjknxopvksduvixuduaydjkh/Build/Intermediates.noindex/ArchiveIntermediates/PhoneCleaner/IntermediateBuildFilesPath/Pods.build/Release-iphoneos/PlusKit.build/Objects-normal/arm64/PlusKit_const_extract_protocols.json -Xcc -iquote -Xcc /Users/runner/Library/Developer/Xcode/DerivedData/PhoneCleaner-dcdzrjknxopvksduvixuduaydjkh/Build/Intermediates.noindex/ArchiveIntermediates/PhoneCleaner/IntermediateBuildFilesPath/Pods.build/Release-iphoneos/PlusKit.build/PlusKit-generated-files.hmap -Xcc -I/Users/runner/Library/Developer/Xcode/DerivedData/PhoneCleaner-dcdzrjknxopvksduvixuduaydjkh/Build/Intermediates.noindex/ArchiveIntermediates/PhoneCleaner/IntermediateBuildFilesPath/Pods.build/Release-iphoneos/PlusKit.build/PlusKit-own-target-headers.hmap -Xcc -I/Users/runner/Library/Developer/Xcode/DerivedData/PhoneCleaner-dcdzrjknxopvksduvixuduaydjkh/Build/Intermediates.noindex/ArchiveIntermediates/PhoneCleaner/IntermediateBuildFilesPath/Pods.build/Release-iphoneos/PlusKit.build/PlusKit-all-non-framework-target-headers.hmap -Xcc -ivfsoverlay -Xcc /Users/runner/Library/Developer/Xcode/DerivedData/PhoneCleaner-dcdzrjknxopvksduvixuduaydjkh/Build/Intermediates.noindex/ArchiveIntermediates/PhoneCleaner/IntermediateBuildFilesPath/Pods.build/Release-iphoneos/Pods-8699adb1dd336b26511df848a716bd42-VFS-iphoneos/all-product-headers.yaml -Xcc -iquote -Xcc /Users/runner/Library/Developer/Xcode/DerivedData/PhoneCleaner-dcdzrjknxopvksduvixuduaydjkh/Build/Intermediates.noindex/ArchiveIntermediates/PhoneCleaner/IntermediateBuildFilesPath/Pods.build/Release-iphoneos/PlusKit.build/PlusKit-project-headers.hmap -Xcc -I/Users/runner/Library/Developer/Xcode/DerivedData/PhoneCleaner-dcdzrjknxopvksduvixuduaydjkh/Build/Intermediates.noindex/ArchiveIntermediates/PhoneCleaner/BuildProductsPath/Release-iphoneos/PlusKit/include -Xcc -I/Users/runner/Library/Developer/Xcode/DerivedData/PhoneCleaner-dcdzrjknxopvksduvixuduaydjkh/Build/Intermediates.noindex/ArchiveIntermediates/PhoneCleaner/IntermediateBuildFilesPath/Pods.build/Release-iphoneos/PlusKit.build/DerivedSources-normal/arm64 -Xcc -I/Users/runner/Library/Developer/Xcode/DerivedData/PhoneCleaner-dcdzrjknxopvksduvixuduaydjkh/Build/Intermediates.noindex/ArchiveIntermediates/PhoneCleaner/IntermediateBuildFilesPath/Pods.build/Release-iphoneos/PlusKit.build/DerivedSources/arm64 -Xcc -I/Users/runner/Library/Developer/Xcode/DerivedData/PhoneCleaner-dcdzrjknxopvksduvixuduaydjkh/Build/Intermediates.noindex/ArchiveIntermediates/PhoneCleaner/IntermediateBuildFilesPath/Pods.build/Release-iphoneos/PlusKit.build/DerivedSources -Xcc -DPOD_CONFIGURATION_RELEASE\=1 -Xcc -DCOCOAPODS\=1 -emit-objc-header -emit-objc-header-path /Users/runner/Library/Developer/Xcode/DerivedData/PhoneCleaner-dcdzrjknxopvksduvixuduaydjkh/Build/Intermediates.noindex/ArchiveIntermediates/PhoneCleaner/IntermediateBuildFilesPath/Pods.build/Release-iphoneos/PlusKit.build/Objects-normal/arm64/PlusKit-Swift.h -import-underlying-module -Xcc -ivfsoverlay -Xcc /Users/runner/Library/Developer/Xcode/DerivedData/PhoneCleaner-dcdzrjknxopvksduvixuduaydjkh/Build/Intermediates.noindex/ArchiveIntermediates/PhoneCleaner/IntermediateBuildFilesPath/Pods.build/Release-iphoneos/PlusKit.build/unextended-module-overlay.yaml -working-directory /Users/runner/work/Album_Clean/Album_Clean/Pods -no-emit-module-separately-wmo

SwiftDriver\ Compilation PlusKit normal arm64 com.apple.xcode.tools.swift.compiler (in target 'PlusKit' from project 'Pods')
    cd /Users/runner/work/Album_Clean/Album_Clean/Pods
    builtin-Swift-Compilation -- /Applications/Xcode_26.3.app/Contents/Developer/Toolchains/XcodeDefault.xctoolchain/usr/bin/swiftc -module-name PlusKit -O -whole-module-optimization -enforce-exclusivity\=checked @/Users/runner/Library/Developer/Xcode/DerivedData/PhoneCleaner-dcdzrjknxopvksduvixuduaydjkh/Build/Intermediates.noindex/ArchiveIntermediates/PhoneCleaner/IntermediateBuildFilesPath/Pods.build/Release-iphoneos/PlusKit.build/Objects-normal/arm64/PlusKit.SwiftFileList -D COCOAPODS -enable-bare-slash-regex -enable-experimental-feature DebugDescriptionMacro -sdk /Applications/Xcode_26.3.app/Contents/Developer/Platforms/iPhoneOS.platform/Developer/SDKs/iPhoneOS26.2.sdk -target arm64-apple-ios15.0 -g -module-cache-path /Users/runner/Library/Developer/Xcode/DerivedData/ModuleCache.noindex -Xfrontend -serialize-debugging-options -swift-version 5 -I /Users/runner/Library/Developer/Xcode/DerivedData/PhoneCleaner-dcdzrjknxopvksduvixuduaydjkh/Build/Intermediates.noindex/ArchiveIntermediates/PhoneCleaner/BuildProductsPath/Release-iphoneos/PlusKit -F /Users/runner/Library/Developer/Xcode/DerivedData/PhoneCleaner-dcdzrjknxopvksduvixuduaydjkh/Build/Intermediates.noindex/ArchiveIntermediates/PhoneCleaner/BuildProductsPath/Release-iphoneos/PlusKit -F /Users/runner/work/Album_Clean/Album_Clean/Pods/UMCommon/UMCommon_7.6.4 -F /Users/runner/work/Album_Clean/Album_Clean/Pods/UMDevice/UMDevice_3.6.0 -F /Users/runner/Library/Developer/Xcode/DerivedData/PhoneCleaner-dcdzrjknxopvksduvixuduaydjkh/Build/Intermediates.noindex/ArchiveIntermediates/PhoneCleaner/BuildProductsPath/Release-iphoneos/XCFrameworkIntermediates/UMCommon -F /Users/runner/Library/Developer/Xcode/DerivedData/PhoneCleaner-dcdzrjknxopvksduvixuduaydjkh/Build/Intermediates.noindex/ArchiveIntermediates/PhoneCleaner/BuildProductsPath/Release-iphoneos/XCFrameworkIntermediates/UMDevice -c -num-threads 3 -Xcc -ivfsstatcache -Xcc /Users/runner/Library/Developer/Xcode/DerivedData/SDKStatCaches.noindex/iphoneos26.2-23C57-dc75598d0054f22ec865fa860f139d722dd23b4ebda140f7210d155ff1243552.sdkstatcache -output-file-map /Users/runner/Library/Developer/Xcode/DerivedData/PhoneCleaner-dcdzrjknxopvksduvixuduaydjkh/Build/Intermediates.noindex/ArchiveIntermediates/PhoneCleaner/IntermediateBuildFilesPath/Pods.build/Release-iphoneos/PlusKit.build/Objects-normal/arm64/PlusKit-OutputFileMap.json -use-frontend-parseable-output -save-temps -no-color-diagnostics -explicit-module-build -module-cache-path /Users/runner/Library/Developer/Xcode/DerivedData/PhoneCleaner-dcdzrjknxopvksduvixuduaydjkh/Build/Intermediates.noindex/ArchiveIntermediates/PhoneCleaner/IntermediateBuildFilesPath/SwiftExplicitPrecompiledModules -clang-scanner-module-cache-path /Users/runner/Library/Developer/Xcode/DerivedData/ModuleCache.noindex -sdk-module-cache-path /Users/runner/Library/Developer/Xcode/DerivedData/ModuleCache.noindex -serialize-diagnostics -emit-dependencies -emit-module -emit-module-path /Users/runner/Library/Developer/Xcode/DerivedData/PhoneCleaner-dcdzrjknxopvksduvixuduaydjkh/Build/Intermediates.noindex/ArchiveIntermediates/PhoneCleaner/IntermediateBuildFilesPath/Pods.build/Release-iphoneos/PlusKit.build/Objects-normal/arm64/PlusKit.swiftmodule -validate-clang-modules-once -clang-build-session-file /Users/runner/Library/Developer/Xcode/DerivedData/ModuleCache.noindex/Session.modulevalidation -Xcc -I/Users/runner/Library/Developer/Xcode/DerivedData/PhoneCleaner-dcdzrjknxopvksduvixuduaydjkh/Build/Intermediates.noindex/ArchiveIntermediates/PhoneCleaner/IntermediateBuildFilesPath/Pods.build/Release-iphoneos/PlusKit.build/swift-overrides.hmap -emit-const-values -Xfrontend -const-gather-protocols-file -Xfrontend /Users/runner/Library/Developer/Xcode/DerivedData/PhoneCleaner-dcdzrjknxopvksduvixuduaydjkh/Build/Intermediates.noindex/ArchiveIntermediates/PhoneCleaner/IntermediateBuildFilesPath/Pods.build/Release-iphoneos/PlusKit.build/Objects-normal/arm64/PlusKit_const_extract_protocols.json -Xcc -iquote -Xcc /Users/runner/Library/Developer/Xcode/DerivedData/PhoneCleaner-dcdzrjknxopvksduvixuduaydjkh/Build/Intermediates.noindex/ArchiveIntermediates/PhoneCleaner/IntermediateBuildFilesPath/Pods.build/Release-iphoneos/PlusKit.build/PlusKit-generated-files.hmap -Xcc -I/Users/runner/Library/Developer/Xcode/DerivedData/PhoneCleaner-dcdzrjknxopvksduvixuduaydjkh/Build/Intermediates.noindex/ArchiveIntermediates/PhoneCleaner/IntermediateBuildFilesPath/Pods.build/Release-iphoneos/PlusKit.build/PlusKit-own-target-headers.hmap -Xcc -I/Users/runner/Library/Developer/Xcode/DerivedData/PhoneCleaner-dcdzrjknxopvksduvixuduaydjkh/Build/Intermediates.noindex/ArchiveIntermediates/PhoneCleaner/IntermediateBuildFilesPath/Pods.build/Release-iphoneos/PlusKit.build/PlusKit-all-non-framework-target-headers.hmap -Xcc -ivfsoverlay -Xcc /Users/runner/Library/Developer/Xcode/DerivedData/PhoneCleaner-dcdzrjknxopvksduvixuduaydjkh/Build/Intermediates.noindex/ArchiveIntermediates/PhoneCleaner/IntermediateBuildFilesPath/Pods.build/Release-iphoneos/Pods-8699adb1dd336b26511df848a716bd42-VFS-iphoneos/all-product-headers.yaml -Xcc -iquote -Xcc /Users/runner/Library/Developer/Xcode/DerivedData/PhoneCleaner-dcdzrjknxopvksduvixuduaydjkh/Build/Intermediates.noindex/ArchiveIntermediates/PhoneCleaner/IntermediateBuildFilesPath/Pods.build/Release-iphoneos/PlusKit.build/PlusKit-project-headers.hmap -Xcc -I/Users/runner/Library/Developer/Xcode/DerivedData/PhoneCleaner-dcdzrjknxopvksduvixuduaydjkh/Build/Intermediates.noindex/ArchiveIntermediates/PhoneCleaner/BuildProductsPath/Release-iphoneos/PlusKit/include -Xcc -I/Users/runner/Library/Developer/Xcode/DerivedData/PhoneCleaner-dcdzrjknxopvksduvixuduaydjkh/Build/Intermediates.noindex/ArchiveIntermediates/PhoneCleaner/IntermediateBuildFilesPath/Pods.build/Release-iphoneos/PlusKit.build/DerivedSources-normal/arm64 -Xcc -I/Users/runner/Library/Developer/Xcode/DerivedData/PhoneCleaner-dcdzrjknxopvksduvixuduaydjkh/Build/Intermediates.noindex/ArchiveIntermediates/PhoneCleaner/IntermediateBuildFilesPath/Pods.build/Release-iphoneos/PlusKit.build/DerivedSources/arm64 -Xcc -I/Users/runner/Library/Developer/Xcode/DerivedData/PhoneCleaner-dcdzrjknxopvksduvixuduaydjkh/Build/Intermediates.noindex/ArchiveIntermediates/PhoneCleaner/IntermediateBuildFilesPath/Pods.build/Release-iphoneos/PlusKit.build/DerivedSources -Xcc -DPOD_CONFIGURATION_RELEASE\=1 -Xcc -DCOCOAPODS\=1 -emit-objc-header -emit-objc-header-path /Users/runner/Library/Developer/Xcode/DerivedData/PhoneCleaner-dcdzrjknxopvksduvixuduaydjkh/Build/Intermediates.noindex/ArchiveIntermediates/PhoneCleaner/IntermediateBuildFilesPath/Pods.build/Release-iphoneos/PlusKit.build/Objects-normal/arm64/PlusKit-Swift.h -import-underlying-module -Xcc -ivfsoverlay -Xcc /Users/runner/Library/Developer/Xcode/DerivedData/PhoneCleaner-dcdzrjknxopvksduvixuduaydjkh/Build/Intermediates.noindex/ArchiveIntermediates/PhoneCleaner/IntermediateBuildFilesPath/Pods.build/Release-iphoneos/PlusKit.build/unextended-module-overlay.yaml -working-directory /Users/runner/work/Album_Clean/Album_Clean/Pods -no-emit-module-separately-wmo

SwiftExplicitDependencyGeneratePcm arm64 /Users/runner/Library/Developer/Xcode/DerivedData/ModuleCache.noindex/_SwiftConcurrencyShims-39H4MYIONVMNULZUDLIS42DCD.pcm

SwiftExplicitDependencyGeneratePcm arm64 /Users/runner/Library/Developer/Xcode/DerivedData/ModuleCache.noindex/ptrcheck-33FG5PDOCYRR3L736CNG6XQW9.pcm

SwiftExplicitDependencyGeneratePcm arm64 /Users/runner/Library/Developer/Xcode/DerivedData/ModuleCache.noindex/_Builtin_stdbool-BGMEK4M079WK80BJQAM92RKI5.pcm

SwiftExplicitDependencyGeneratePcm arm64 /Users/runner/Library/Developer/Xcode/DerivedData/ModuleCache.noindex/_Builtin_stdarg-EDLOZHOX1KIFA7V1RM8XK31ZD.pcm

SwiftExplicitDependencyGeneratePcm arm64 /Users/runner/Library/Developer/Xcode/DerivedData/ModuleCache.noindex/DeveloperToolsSupport-ED9Z3FLSATL8Q5V0PU1K6IANB.pcm

SwiftExplicitDependencyGeneratePcm arm64 /Users/runner/Library/Developer/Xcode/DerivedData/ModuleCache.noindex/_Builtin_stddef-8UE7IOOQG7TV7H43ZUUD8GK8A.pcm

SwiftExplicitDependencyGeneratePcm arm64 /Users/runner/Library/Developer/Xcode/DerivedData/ModuleCache.noindex/SwiftShims-20449Z80VJ81TEPUGCZ2BPK28.pcm

SwiftExplicitDependencyGeneratePcm arm64 /Users/runner/Library/Developer/Xcode/DerivedData/ModuleCache.noindex/_Builtin_float-2AJTXFLH7UIA5W4QO5PEZJ067.pcm

SwiftExplicitDependencyGeneratePcm arm64 /Users/runner/Library/Developer/Xcode/DerivedData/ModuleCache.noindex/ptrauth-86XI3RI4Y6OV8TLD3O1D9X956.pcm

SwiftExplicitDependencyGeneratePcm arm64 /Users/runner/Library/Developer/Xcode/DerivedData/ModuleCache.noindex/_AvailabilityInternal-4ZSQ3YOKJ8FIZ9DE3N2N2155Z.pcm

SwiftExplicitDependencyGeneratePcm arm64 /Users/runner/Library/Developer/Xcode/DerivedData/ModuleCache.noindex/_DarwinFoundation1-AMJ7P60XIICL2VTFWIYGS8CF9.pcm

SwiftExplicitDependencyGeneratePcm arm64 /Users/runner/Library/Developer/Xcode/DerivedData/ModuleCache.noindex/_Builtin_limits-BJTWRD4AU42QKMKA01HY9L3TT.pcm

SwiftExplicitDependencyGeneratePcm arm64 /Users/runner/Library/Developer/Xcode/DerivedData/ModuleCache.noindex/ExtensionFoundation-A0S3OPW198NGUDFO95T120PT8.pcm

SwiftExplicitDependencyGeneratePcm arm64 /Users/runner/Library/Developer/Xcode/DerivedData/ModuleCache.noindex/_DarwinFoundation2-EDY9TGJJ7VQW6W3MZ6ZHJSDEA.pcm

SwiftExplicitDependencyGeneratePcm arm64 /Users/runner/Library/Developer/Xcode/DerivedData/ModuleCache.noindex/sys_types-4PRH99LU2I59L83OSQHIOT0F4.pcm

SwiftExplicitDependencyGeneratePcm arm64 /Users/runner/Library/Developer/Xcode/DerivedData/ModuleCache.noindex/_Builtin_stdint-BE3PMKOR44C24VD6AB0E9PT2Y.pcm

SwiftExplicitDependencyGeneratePcm arm64 /Users/runner/Library/Developer/Xcode/DerivedData/ModuleCache.noindex/_Builtin_stdatomic-CAG3T5E54X9AQRZBTS0FH97YQ.pcm

SwiftExplicitDependencyGeneratePcm arm64 /Users/runner/Library/Developer/Xcode/DerivedData/ModuleCache.noindex/_DarwinFoundation3-5TXVJP44ZNRCILXS0UUPBK4DD.pcm

SwiftExplicitDependencyGeneratePcm arm64 /Users/runner/Library/Developer/Xcode/DerivedData/ModuleCache.noindex/_Builtin_inttypes-2VJE3Q7LACMOFWR8DFDHES3LO.pcm

SwiftExplicitDependencyGeneratePcm arm64 /Users/runner/Library/Developer/Xcode/DerivedData/ModuleCache.noindex/Darwin-7J9VQ7MSQL9D8T4I20DHTTXMN.pcm

SwiftExplicitDependencyGeneratePcm arm64 /Users/runner/Library/Developer/Xcode/DerivedData/ModuleCache.noindex/MachO-54DTBJPYX9C6511T08NSLUZL9.pcm

SwiftExplicitDependencyGeneratePcm arm64 /Users/runner/Library/Developer/Xcode/DerivedData/ModuleCache.noindex/ObjectiveC-5VSVEYOBD2W8ODIR62UXGHN1A.pcm

SwiftExplicitDependencyGeneratePcm arm64 /Users/runner/Library/Developer/Xcode/DerivedData/ModuleCache.noindex/os_object-33Y7Q77K15NGPIUTH04U0YZZ0.pcm

SwiftExplicitDependencyGeneratePcm arm64 /Users/runner/Library/Developer/Xcode/DerivedData/ModuleCache.noindex/os_workgroup-ENDJ0LY6OCCSKSAFTNL3OFKV8.pcm

SwiftExplicitDependencyGeneratePcm arm64 /Users/runner/Library/Developer/Xcode/DerivedData/ModuleCache.noindex/Dispatch-EKE822JWOQ61ZVGWM0IBBM9AW.pcm

SwiftExplicitDependencyGeneratePcm arm64 /Users/runner/Library/Developer/Xcode/DerivedData/ModuleCache.noindex/CoreFoundation-655HAZYSA9T1LJUAJYYW431AP.pcm

SwiftExplicitDependencyGeneratePcm arm64 /Users/runner/Library/Developer/Xcode/DerivedData/ModuleCache.noindex/XPC-AHIPVKHNAFTNRZR9O59ACQZQI.pcm

SwiftExplicitDependencyGeneratePcm arm64 /Users/runner/Library/Developer/Xcode/DerivedData/ModuleCache.noindex/dnssd-5AE24C09XOQC906HTC7CK2ZO1.pcm

SwiftExplicitDependencyGeneratePcm arm64 /Users/runner/Library/Developer/Xcode/DerivedData/ModuleCache.noindex/os-EV24YG5FY27973ZK7SM8YU7FZ.pcm

SwiftExplicitDependencyGeneratePcm arm64 /Users/runner/Library/Developer/Xcode/DerivedData/ModuleCache.noindex/CoreGraphics-42SZ1ILNNZ2PLSGDVOPVG6NCN.pcm

SwiftExplicitDependencyGeneratePcm arm64 /Users/runner/Library/Developer/Xcode/DerivedData/ModuleCache.noindex/CFNetwork-9VFO7YNB1UAE6OJU4OH3Y3N4M.pcm

SwiftExplicitDependencyGeneratePcm arm64 /Users/runner/Library/Developer/Xcode/DerivedData/ModuleCache.noindex/Security-CV68WSEGGPB4VRQV4DSVPANZY.pcm

SwiftExplicitDependencyGeneratePcm arm64 /Users/runner/Library/Developer/Xcode/DerivedData/ModuleCache.noindex/CoreText-6HUASY4J7Q93SZ9X4WAD5QGZE.pcm

SwiftExplicitDependencyGeneratePcm arm64 /Users/runner/Library/Developer/Xcode/DerivedData/ModuleCache.noindex/ImageIO-2BTXUUYDR7JHDLXMTAWUEW9BW.pcm

SwiftExplicitDependencyGeneratePcm arm64 /Users/runner/Library/Developer/Xcode/DerivedData/ModuleCache.noindex/Foundation-F1FSWFXQ3WZAR9C2KUR7EGZ9.pcm

SwiftExplicitDependencyGeneratePcm arm64 /Users/runner/Library/Developer/Xcode/DerivedData/ModuleCache.noindex/UserNotifications-2EJ0L2SK4ZB214G7FHGY0UEJU.pcm

SwiftExplicitDependencyGeneratePcm arm64 /Users/runner/Library/Developer/Xcode/DerivedData/ModuleCache.noindex/IOSurface-42LOCQ6YK9Z2RY7LEQEYDYPTL.pcm

SwiftExplicitDependencyGeneratePcm arm64 /Users/runner/Library/Developer/Xcode/DerivedData/ModuleCache.noindex/Symbols-14NDBPYF6FEX6BNXSKQ2FAK5M.pcm

SwiftExplicitDependencyGeneratePcm arm64 /Users/runner/Library/Developer/Xcode/DerivedData/ModuleCache.noindex/DataDetection-E68UNNJECIFQTVEJ70VW2TUS0.pcm

SwiftExplicitDependencyGeneratePcm arm64 /Users/runner/Library/Developer/Xcode/DerivedData/ModuleCache.noindex/AdServices-C3SA45A0D0L8LOHUH3MHPKIAL.pcm

SwiftExplicitDependencyGeneratePcm arm64 /Users/runner/Library/Developer/Xcode/DerivedData/ModuleCache.noindex/OpenGLES-8K8ZW3I1X6P1LY2HMS49J6N1M.pcm

SwiftExplicitDependencyGeneratePcm arm64 /Users/runner/Library/Developer/Xcode/DerivedData/ModuleCache.noindex/Metal-EQUDLEB9SYH1KJJVXW3L92YFE.pcm

SwiftExplicitDependencyGeneratePcm arm64 /Users/runner/Library/Developer/Xcode/DerivedData/ModuleCache.noindex/UIUtilities-5RL6N96PLZXFENO9XPW9DG9PM.pcm

SwiftExplicitDependencyGeneratePcm arm64 /Users/runner/Library/Developer/Xcode/DerivedData/ModuleCache.noindex/Network-53PZMGETEP502BR80I876WZ4L.pcm

SwiftExplicitDependencyGeneratePcm arm64 /Users/runner/Library/Developer/Xcode/DerivedData/ModuleCache.noindex/CoreTransferable-4SLIGFHDCFZUBMFD63OYCHKS7.pcm

SwiftExplicitDependencyGeneratePcm arm64 /Users/runner/Library/Developer/Xcode/DerivedData/ModuleCache.noindex/FileProvider-4S55M9T9YYZGJSTIC2QFKHFH7.pcm

SwiftExplicitDependencyGeneratePcm arm64 /Users/runner/Library/Developer/Xcode/DerivedData/ModuleCache.noindex/UniformTypeIdentifiers-16JDBFDZV4YZRYFWVH0SK6J17.pcm

SwiftExplicitDependencyGeneratePcm arm64 /Users/runner/Library/Developer/Xcode/DerivedData/ModuleCache.noindex/BackgroundAssets-4G9EZDB00O8450KIEJW7ZSDXZ.pcm

SwiftExplicitDependencyGeneratePcm arm64 /Users/runner/Library/Developer/Xcode/DerivedData/ModuleCache.noindex/LocalAuthentication-5OKPR53NJAI493S06HV24JFSL.pcm

SwiftExplicitDependencyGeneratePcm arm64 /Users/runner/Library/Developer/Xcode/DerivedData/ModuleCache.noindex/CoreVideo-3PP4DAYYRE5J9M9ZJO2UP5XPD.pcm

SwiftExplicitDependencyGeneratePcm arm64 /Users/runner/Library/Developer/Xcode/DerivedData/ModuleCache.noindex/OSLog-2JJBBPRZN86WMXZTNLJ6GMQYR.pcm

SwiftExplicitDependencyGeneratePcm arm64 /Users/runner/Library/Developer/Xcode/DerivedData/ModuleCache.noindex/Accessibility-5ZQ5X8GFWH492SYUTDLOYNJ96.pcm

SwiftExplicitDependencyGeneratePcm arm64 /Users/runner/Library/Developer/Xcode/DerivedData/ModuleCache.noindex/CoreImage-1F72TU0ILEHPLXXRC45YN3QLS.pcm

SwiftExplicitDependencyGeneratePcm arm64 /Users/runner/Library/Developer/Xcode/DerivedData/ModuleCache.noindex/QuartzCore-7ZAYI1YBVWAI3FNHDB05AJX6N.pcm

SwiftExplicitDependencyGeneratePcm arm64 /Users/runner/Library/Developer/Xcode/DerivedData/ModuleCache.noindex/UIKit-1A9X26E7Y1O09G6QWHNU6DFSS.pcm

SwiftExplicitDependencyGeneratePcm arm64 /Users/runner/Library/Developer/Xcode/DerivedData/ModuleCache.noindex/SwiftUICore-CRXAAHF0IYYLG2HLQENV3IY41.pcm

SwiftExplicitDependencyGeneratePcm arm64 /Users/runner/Library/Developer/Xcode/DerivedData/ModuleCache.noindex/WebKit-7ARRMEG2U8P49BTZPEDPAS23Y.pcm

SwiftExplicitDependencyGeneratePcm arm64 /Users/runner/Library/Developer/Xcode/DerivedData/PhoneCleaner-dcdzrjknxopvksduvixuduaydjkh/Build/Intermediates.noindex/ArchiveIntermediates/PhoneCleaner/IntermediateBuildFilesPath/SwiftExplicitPrecompiledModules/UMCommon-BSYJL7LXUB2O5RDEALKUI9HBN.pcm
<module-includes>:1:9: note: in file included from <module-includes>:1:
1 | #import "Headers/UMCommon.h"
  |         `- note: in file included from <module-includes>:1:
2 | 

/Users/runner/Library/Developer/Xcode/DerivedData/PhoneCleaner-dcdzrjknxopvksduvixuduaydjkh/Build/Intermediates.noindex/ArchiveIntermediates/PhoneCleaner/BuildProductsPath/Release-iphoneos/XCFrameworkIntermediates/UMCommon/UMCommon.framework/Headers/UMCommon.h:19:9: note: in file included from /Users/runner/Library/Developer/Xcode/DerivedData/PhoneCleaner-dcdzrjknxopvksduvixuduaydjkh/Build/Intermediates.noindex/ArchiveIntermediates/PhoneCleaner/BuildProductsPath/Release-iphoneos/XCFrameworkIntermediates/UMCommon/UMCommon.framework/Headers/UMCommon.h:19:
17 | // In this header, you should import all the public headers of your framework using statements like #import <UMCommon/PublicHeader.h>
18 | 
19 | #import <UMCommon/UMConfigure.h>
   |         `- note: in file included from /Users/runner/Library/Developer/Xcode/DerivedData/PhoneCleaner-dcdzrjknxopvksduvixuduaydjkh/Build/Intermediates.noindex/ArchiveIntermediates/PhoneCleaner/BuildProductsPath/Release-iphoneos/XCFrameworkIntermediates/UMCommon/UMCommon.framework/Headers/UMCommon.h:19:
20 | #import <UMCommon/MobClick.h>
21 | #import <UMCommon/UMCommonDeepLink.h>

/Users/runner/Library/Developer/Xcode/DerivedData/PhoneCleaner-dcdzrjknxopvksduvixuduaydjkh/Build/Intermediates.noindex/ArchiveIntermediates/PhoneCleaner/BuildProductsPath/Release-iphoneos/XCFrameworkIntermediates/UMCommon/UMCommon.framework/Headers/UMConfigure.h:22:34: warning: pointer is missing a nullability type specifier (_Nonnull, _Nullable, or _Null_unspecified)
20 |  @param channel 渠道标识，可设置nil表示"App Store".
21 |  */
22 | + (void)initWithAppkey:(NSString *)appKey channel:(NSString *)channel;
   |                                  |- warning: pointer is missing a nullability type specifier (_Nonnull, _Nullable, or _Null_unspecified)
   |                                  |- note: insert '_Nullable' if the pointer may be null
   |                                  `- note: insert '_Nonnull' if the pointer should never be null
23 | 
24 | /** 设置是否在console输出sdk的log信息.

<module-includes>:1:9: note: in file included from <module-includes>:1:
1 | #import "Headers/UMCommon.h"
  |         `- note: in file included from <module-includes>:1:
2 | 

/Users/runner/Library/Developer/Xcode/DerivedData/PhoneCleaner-dcdzrjknxopvksduvixuduaydjkh/Build/Intermediates.noindex/ArchiveIntermediates/PhoneCleaner/BuildProductsPath/Release-iphoneos/XCFrameworkIntermediates/UMCommon/UMCommon.framework/Headers/UMCommon.h:19:9: note: in file included from /Users/runner/Library/Developer/Xcode/DerivedData/PhoneCleaner-dcdzrjknxopvksduvixuduaydjkh/Build/Intermediates.noindex/ArchiveIntermediates/PhoneCleaner/BuildProductsPath/Release-iphoneos/XCFrameworkIntermediates/UMCommon/UMCommon.framework/Headers/UMCommon.h:19:
17 | // In this header, you should import all the public headers of your framework using statements like #import <UMCommon/PublicHeader.h>
18 | 
19 | #import <UMCommon/UMConfigure.h>
   |         `- note: in file included from /Users/runner/Library/Developer/Xcode/DerivedData/PhoneCleaner-dcdzrjknxopvksduvixuduaydjkh/Build/Intermediates.noindex/ArchiveIntermediates/PhoneCleaner/BuildProductsPath/Release-iphoneos/XCFrameworkIntermediates/UMCommon/UMCommon.framework/Headers/UMCommon.h:19:
20 | #import <UMCommon/MobClick.h>
21 | #import <UMCommon/UMCommonDeepLink.h>

/Users/runner/Library/Developer/Xcode/DerivedData/PhoneCleaner-dcdzrjknxopvksduvixuduaydjkh/Build/Intermediates.noindex/ArchiveIntermediates/PhoneCleaner/BuildProductsPath/Release-iphoneos/XCFrameworkIntermediates/UMCommon/UMCommon.framework/Headers/UMConfigure.h:22:61: warning: pointer is missing a nullability type specifier (_Nonnull, _Nullable, or _Null_unspecified)
20 |  @param channel 渠道标识，可设置nil表示"App Store".
21 |  */
22 | + (void)initWithAppkey:(NSString *)appKey channel:(NSString *)channel;
   |                                                             |- warning: pointer is missing a nullability type specifier (_Nonnull, _Nullable, or _Null_unspecified)
   |                                                             |- note: insert '_Nullable' if the pointer may be null
   |                                                             `- note: insert '_Nonnull' if the pointer should never be null
23 | 
24 | /** 设置是否在console输出sdk的log信息.

<module-includes>:1:9: note: in file included from <module-includes>:1:
1 | #import "Headers/UMCommon.h"
  |         `- note: in file included from <module-includes>:1:
2 | 

/Users/runner/Library/Developer/Xcode/DerivedData/PhoneCleaner-dcdzrjknxopvksduvixuduaydjkh/Build/Intermediates.noindex/ArchiveIntermediates/PhoneCleaner/BuildProductsPath/Release-iphoneos/XCFrameworkIntermediates/UMCommon/UMCommon.framework/Headers/UMCommon.h:19:9: note: in file included from /Users/runner/Library/Developer/Xcode/DerivedData/PhoneCleaner-dcdzrjknxopvksduvixuduaydjkh/Build/Intermediates.noindex/ArchiveIntermediates/PhoneCleaner/BuildProductsPath/Release-iphoneos/XCFrameworkIntermediates/UMCommon/UMCommon.framework/Headers/UMCommon.h:19:
17 | // In this header, you should import all the public headers of your framework using statements like #import <UMCommon/PublicHeader.h>
18 | 
19 | #import <UMCommon/UMConfigure.h>
   |         `- note: in file included from /Users/runner/Library/Developer/Xcode/DerivedData/PhoneCleaner-dcdzrjknxopvksduvixuduaydjkh/Build/Intermediates.noindex/ArchiveIntermediates/PhoneCleaner/BuildProductsPath/Release-iphoneos/XCFrameworkIntermediates/UMCommon/UMCommon.framework/Headers/UMCommon.h:19:
20 | #import <UMCommon/MobClick.h>
21 | #import <UMCommon/UMCommonDeepLink.h>

/Users/runner/Library/Developer/Xcode/DerivedData/PhoneCleaner-dcdzrjknxopvksduvixuduaydjkh/Build/Intermediates.noindex/ArchiveIntermediates/PhoneCleaner/BuildProductsPath/Release-iphoneos/XCFrameworkIntermediates/UMCommon/UMCommon.framework/Headers/UMConfigure.h:34:13: warning: pointer is missing a nullability type specifier (_Nonnull, _Nullable, or _Null_unspecified)
32 | + (void)setEncryptEnabled:(BOOL)value;
33 | 
34 | + (NSString *)umidString;
   |             |- warning: pointer is missing a nullability type specifier (_Nonnull, _Nullable, or _Null_unspecified)
   |             |- note: insert '_Nullable' if the pointer may be null
   |             `- note: insert '_Nonnull' if the pointer should never be null
35 | 
36 | /**

<module-includes>:1:9: note: in file included from <module-includes>:1:
1 | #import "Headers/UMCommon.h"
  |         `- note: in file included from <module-includes>:1:
2 | 

/Users/runner/Library/Developer/Xcode/DerivedData/PhoneCleaner-dcdzrjknxopvksduvixuduaydjkh/Build/Intermediates.noindex/ArchiveIntermediates/PhoneCleaner/BuildProductsPath/Release-iphoneos/XCFrameworkIntermediates/UMCommon/UMCommon.framework/Headers/UMCommon.h:19:9: note: in file included from /Users/runner/Library/Developer/Xcode/DerivedData/PhoneCleaner-dcdzrjknxopvksduvixuduaydjkh/Build/Intermediates.noindex/ArchiveIntermediates/PhoneCleaner/BuildProductsPath/Release-iphoneos/XCFrameworkIntermediates/UMCommon/UMCommon.framework/Headers/UMCommon.h:19:
17 | // In this header, you should import all the public headers of your framework using statements like #import <UMCommon/PublicHeader.h>
18 | 
19 | #import <UMCommon/UMConfigure.h>
   |         `- note: in file included from /Users/runner/Library/Developer/Xcode/DerivedData/PhoneCleaner-dcdzrjknxopvksduvixuduaydjkh/Build/Intermediates.noindex/ArchiveIntermediates/PhoneCleaner/BuildProductsPath/Release-iphoneos/XCFrameworkIntermediates/UMCommon/UMCommon.framework/Headers/UMCommon.h:19:
20 | #import <UMCommon/MobClick.h>
21 | #import <UMCommon/UMCommonDeepLink.h>

/Users/runner/Library/Developer/Xcode/DerivedData/PhoneCleaner-dcdzrjknxopvksduvixuduaydjkh/Build/Intermediates.noindex/ArchiveIntermediates/PhoneCleaner/BuildProductsPath/Release-iphoneos/XCFrameworkIntermediates/UMCommon/UMCommon.framework/Headers/UMConfigure.h:39:12: warning: pointer is missing a nullability type specifier (_Nonnull, _Nullable, or _Null_unspecified)
37 |  集成测试需要device_id
38 |  */
39 | + (NSString*)deviceIDForIntegration;
   |            |- warning: pointer is missing a nullability type specifier (_Nonnull, _Nullable, or _Null_unspecified)
   |            |- note: insert '_Nullable' if the pointer may be null
   |            `- note: insert '_Nonnull' if the pointer should never be null
40 | 
41 | /** 是否开启统计，默认为YES(开启状态)

<module-includes>:1:9: note: in file included from <module-includes>:1:
1 | #import "Headers/UMCommon.h"
  |         `- note: in file included from <module-includes>:1:
2 | 

/Users/runner/Library/Developer/Xcode/DerivedData/PhoneCleaner-dcdzrjknxopvksduvixuduaydjkh/Build/Intermediates.noindex/ArchiveIntermediates/PhoneCleaner/BuildProductsPath/Release-iphoneos/XCFrameworkIntermediates/UMCommon/UMCommon.framework/Headers/UMCommon.h:19:9: note: in file included from /Users/runner/Library/Developer/Xcode/DerivedData/PhoneCleaner-dcdzrjknxopvksduvixuduaydjkh/Build/Intermediates.noindex/ArchiveIntermediates/PhoneCleaner/BuildProductsPath/Release-iphoneos/XCFrameworkIntermediates/UMCommon/UMCommon.framework/Headers/UMCommon.h:19:
17 | // In this header, you should import all the public headers of your framework using statements like #import <UMCommon/PublicHeader.h>
18 | 
19 | #import <UMCommon/UMConfigure.h>
   |         `- note: in file included from /Users/runner/Library/Developer/Xcode/DerivedData/PhoneCleaner-dcdzrjknxopvksduvixuduaydjkh/Build/Intermediates.noindex/ArchiveIntermediates/PhoneCleaner/BuildProductsPath/Release-iphoneos/XCFrameworkIntermediates/UMCommon/UMCommon.framework/Headers/UMCommon.h:19:
20 | #import <UMCommon/MobClick.h>
21 | #import <UMCommon/UMCommonDeepLink.h>

/Users/runner/Library/Developer/Xcode/DerivedData/PhoneCleaner-dcdzrjknxopvksduvixuduaydjkh/Build/Intermediates.noindex/ArchiveIntermediates/PhoneCleaner/BuildProductsPath/Release-iphoneos/XCFrameworkIntermediates/UMCommon/UMCommon.framework/Headers/UMConfigure.h:47:13: warning: pointer is missing a nullability type specifier (_Nonnull, _Nullable, or _Null_unspecified)
45 | 
46 | //获取zid
47 | + (NSString *)getUmengZID;
   |             |- warning: pointer is missing a nullability type specifier (_Nonnull, _Nullable, or _Null_unspecified)
   |             |- note: insert '_Nullable' if the pointer may be null
   |             `- note: insert '_Nonnull' if the pointer should never be null
48 | 
49 | //是否发送海外域名，默认为YES发送海外域名

<module-includes>:1:9: note: in file included from <module-includes>:1:
1 | #import "Headers/UMCommon.h"
  |         `- note: in file included from <module-includes>:1:
2 | 

/Users/runner/Library/Developer/Xcode/DerivedData/PhoneCleaner-dcdzrjknxopvksduvixuduaydjkh/Build/Intermediates.noindex/ArchiveIntermediates/PhoneCleaner/BuildProductsPath/Release-iphoneos/XCFrameworkIntermediates/UMCommon/UMCommon.framework/Headers/UMCommon.h:19:9: note: in file included from /Users/runner/Library/Developer/Xcode/DerivedData/PhoneCleaner-dcdzrjknxopvksduvixuduaydjkh/Build/Intermediates.noindex/ArchiveIntermediates/PhoneCleaner/BuildProductsPath/Release-iphoneos/XCFrameworkIntermediates/UMCommon/UMCommon.framework/Headers/UMCommon.h:19:
17 | // In this header, you should import all the public headers of your framework using statements like #import <UMCommon/PublicHeader.h>
18 | 
19 | #import <UMCommon/UMConfigure.h>
   |         `- note: in file included from /Users/runner/Library/Developer/Xcode/DerivedData/PhoneCleaner-dcdzrjknxopvksduvixuduaydjkh/Build/Intermediates.noindex/ArchiveIntermediates/PhoneCleaner/BuildProductsPath/Release-iphoneos/XCFrameworkIntermediates/UMCommon/UMCommon.framework/Headers/UMCommon.h:19:
20 | #import <UMCommon/MobClick.h>
21 | #import <UMCommon/UMCommonDeepLink.h>

/Users/runner/Library/Developer/Xcode/DerivedData/PhoneCleaner-dcdzrjknxopvksduvixuduaydjkh/Build/Intermediates.noindex/ArchiveIntermediates/PhoneCleaner/BuildProductsPath/Release-iphoneos/XCFrameworkIntermediates/UMCommon/UMCommon.framework/Headers/UMConfigure.h:53:13: warning: pointer is missing a nullability type specifier (_Nonnull, _Nullable, or _Null_unspecified)
51 | 
52 | //获取本次SessionID
53 | + (NSString *)getSessionID;
   |             |- warning: pointer is missing a nullability type specifier (_Nonnull, _Nullable, or _Null_unspecified)
   |             |- note: insert '_Nullable' if the pointer may be null
   |             `- note: insert '_Nonnull' if the pointer should never be null
54 | 
55 | + (void)resetStorePrefix:(NSString *)prefix;

<module-includes>:1:9: note: in file included from <module-includes>:1:
1 | #import "Headers/UMCommon.h"
  |         `- note: in file included from <module-includes>:1:
2 | 

/Users/runner/Library/Developer/Xcode/DerivedData/PhoneCleaner-dcdzrjknxopvksduvixuduaydjkh/Build/Intermediates.noindex/ArchiveIntermediates/PhoneCleaner/BuildProductsPath/Release-iphoneos/XCFrameworkIntermediates/UMCommon/UMCommon.framework/Headers/UMCommon.h:19:9: note: in file included from /Users/runner/Library/Developer/Xcode/DerivedData/PhoneCleaner-dcdzrjknxopvksduvixuduaydjkh/Build/Intermediates.noindex/ArchiveIntermediates/PhoneCleaner/BuildProductsPath/Release-iphoneos/XCFrameworkIntermediates/UMCommon/UMCommon.framework/Headers/UMCommon.h:19:
17 | // In this header, you should import all the public headers of your framework using statements like #import <UMCommon/PublicHeader.h>
18 | 
19 | #import <UMCommon/UMConfigure.h>
   |         `- note: in file included from /Users/runner/Library/Developer/Xcode/DerivedData/PhoneCleaner-dcdzrjknxopvksduvixuduaydjkh/Build/Intermediates.noindex/ArchiveIntermediates/PhoneCleaner/BuildProductsPath/Release-iphoneos/XCFrameworkIntermediates/UMCommon/UMCommon.framework/Headers/UMCommon.h:19:
20 | #import <UMCommon/MobClick.h>
21 | #import <UMCommon/UMCommonDeepLink.h>

/Users/runner/Library/Developer/Xcode/DerivedData/PhoneCleaner-dcdzrjknxopvksduvixuduaydjkh/Build/Intermediates.noindex/ArchiveIntermediates/PhoneCleaner/BuildProductsPath/Release-iphoneos/XCFrameworkIntermediates/UMCommon/UMCommon.framework/Headers/UMConfigure.h:55:36: warning: pointer is missing a nullability type specifier (_Nonnull, _Nullable, or _Null_unspecified)
53 | + (NSString *)getSessionID;
54 | 
55 | + (void)resetStorePrefix:(NSString *)prefix;
   |                                    |- warning: pointer is missing a nullability type specifier (_Nonnull, _Nullable, or _Null_unspecified)
   |                                    |- note: insert '_Nullable' if the pointer may be null
   |                                    `- note: insert '_Nonnull' if the pointer should never be null
56 | + (void)resetStorePath;
57 | 

<module-includes>:1:9: note: in file included from <module-includes>:1:
1 | #import "Headers/UMCommon.h"
  |         `- note: in file included from <module-includes>:1:
2 | 

/Users/runner/Library/Developer/Xcode/DerivedData/PhoneCleaner-dcdzrjknxopvksduvixuduaydjkh/Build/Intermediates.noindex/ArchiveIntermediates/PhoneCleaner/BuildProductsPath/Release-iphoneos/XCFrameworkIntermediates/UMCommon/UMCommon.framework/Headers/UMCommon.h:19:9: note: in file included from /Users/runner/Library/Developer/Xcode/DerivedData/PhoneCleaner-dcdzrjknxopvksduvixuduaydjkh/Build/Intermediates.noindex/ArchiveIntermediates/PhoneCleaner/BuildProductsPath/Release-iphoneos/XCFrameworkIntermediates/UMCommon/UMCommon.framework/Headers/UMCommon.h:19:
17 | // In this header, you should import all the public headers of your framework using statements like #import <UMCommon/PublicHeader.h>
18 | 
19 | #import <UMCommon/UMConfigure.h>
   |         `- note: in file included from /Users/runner/Library/Developer/Xcode/DerivedData/PhoneCleaner-dcdzrjknxopvksduvixuduaydjkh/Build/Intermediates.noindex/ArchiveIntermediates/PhoneCleaner/BuildProductsPath/Release-iphoneos/XCFrameworkIntermediates/UMCommon/UMCommon.framework/Headers/UMCommon.h:19:
20 | #import <UMCommon/MobClick.h>
21 | #import <UMCommon/UMCommonDeepLink.h>

/Users/runner/Library/Developer/Xcode/DerivedData/PhoneCleaner-dcdzrjknxopvksduvixuduaydjkh/Build/Intermediates.noindex/ArchiveIntermediates/PhoneCleaner/BuildProductsPath/Release-iphoneos/XCFrameworkIntermediates/UMCommon/UMCommon.framework/Headers/UMConfigure.h:61:29: warning: pointer is missing a nullability type specifier (_Nonnull, _Nullable, or _Null_unspecified)
59 |  @param primaryDomain 传日志的主域名收数地址,参数不能为null或者空串。例如：https://www.umeng.com
60 | */
61 | + (void)setDomain:(NSString *)primaryDomain;
   |                             |- warning: pointer is missing a nullability type specifier (_Nonnull, _Nullable, or _Null_unspecified)
   |                             |- note: insert '_Nullable' if the pointer may be null
   |                             `- note: insert '_Nonnull' if the pointer should never be null
62 | 
63 | /** 进端采集开关

<module-includes>:1:9: note: in file included from <module-includes>:1:
1 | #import "Headers/UMCommon.h"
  |         `- note: in file included from <module-includes>:1:
2 | 

/Users/runner/Library/Developer/Xcode/DerivedData/PhoneCleaner-dcdzrjknxopvksduvixuduaydjkh/Build/Intermediates.noindex/ArchiveIntermediates/PhoneCleaner/BuildProductsPath/Release-iphoneos/XCFrameworkIntermediates/UMCommon/UMCommon.framework/Headers/UMCommon.h:19:9: note: in file included from /Users/runner/Library/Developer/Xcode/DerivedData/PhoneCleaner-dcdzrjknxopvksduvixuduaydjkh/Build/Intermediates.noindex/ArchiveIntermediates/PhoneCleaner/BuildProductsPath/Release-iphoneos/XCFrameworkIntermediates/UMCommon/UMCommon.framework/Headers/UMCommon.h:19:
17 | // In this header, you should import all the public headers of your framework using statements like #import <UMCommon/PublicHeader.h>
18 | 
19 | #import <UMCommon/UMConfigure.h>
   |         `- note: in file included from /Users/runner/Library/Developer/Xcode/DerivedData/PhoneCleaner-dcdzrjknxopvksduvixuduaydjkh/Build/Intermediates.noindex/ArchiveIntermediates/PhoneCleaner/BuildProductsPath/Release-iphoneos/XCFrameworkIntermediates/UMCommon/UMCommon.framework/Headers/UMCommon.h:19:
20 | #import <UMCommon/MobClick.h>
21 | #import <UMCommon/UMCommonDeepLink.h>

9 warnings generated.
/Users/runner/Library/Developer/Xcode/DerivedData/PhoneCleaner-dcdzrjknxopvksduvixuduaydjkh/Build/Intermediates.noindex/ArchiveIntermediates/PhoneCleaner/BuildProductsPath/Release-iphoneos/XCFrameworkIntermediates/UMCommon/UMCommon.framework/Headers/UMConfigure.h:71:44: warning: pointer is missing a nullability type specifier (_Nonnull, _Nullable, or _Null_unspecified)
69 |  @param connectionOptions: UIScene模式下的启动参数
70 | */
71 | + (void)handleSceneWillConnectWithOptions:(id)connectionOptions;
   |                                            |- warning: pointer is missing a nullability type specifier (_Nonnull, _Nullable, or _Null_unspecified)
   |                                            |- note: insert '_Nullable' if the pointer may be null
   |                                            `- note: insert '_Nonnull' if the pointer should never be null
72 | 
73 | /** ASA归因采集开关，默认为YES(开启)。

SwiftExplicitDependencyGeneratePcm arm64 /Users/runner/Library/Developer/Xcode/DerivedData/PhoneCleaner-dcdzrjknxopvksduvixuduaydjkh/Build/Intermediates.noindex/ArchiveIntermediates/PhoneCleaner/IntermediateBuildFilesPath/SwiftExplicitPrecompiledModules/PlusKit-AUOR1SKW1AJST1EMQAOLODNNJ.pcm

SwiftExplicitDependencyGeneratePcm arm64 /Users/runner/Library/Developer/Xcode/DerivedData/ModuleCache.noindex/StoreKit-96MYEN0F86X598M93Q4XK1KC4.pcm

SwiftCompile normal arm64 Compiling\ PlusCoordinatorTypes.swift,\ PlusEndpointAgent.swift,\ PlusMainCenter.swift,\ PlusMainCenter+Debug.swift,\ PlusMainCenter+Purchase.swift,\ PlusMainCenter+Verify.swift,\ PlusNotificationNames.swift,\ PlusPaymentDelegate.swift,\ PlusProfileBroker.swift,\ PlusServerModels.swift,\ PlusShieldCache.swift,\ PlusTrackPipeline.swift /Users/runner/work/Album_Clean/Album_Clean/PlusKit/PlusKit/Classes/PlusCoordinatorTypes.swift /Users/runner/work/Album_Clean/Album_Clean/PlusKit/PlusKit/Classes/PlusEndpointAgent.swift /Users/runner/work/Album_Clean/Album_Clean/PlusKit/PlusKit/Classes/PlusMainCenter.swift /Users/runner/work/Album_Clean/Album_Clean/PlusKit/PlusKit/Classes/PlusMainCenter+Debug.swift /Users/runner/work/Album_Clean/Album_Clean/PlusKit/PlusKit/Classes/PlusMainCenter+Purchase.swift /Users/runner/work/Album_Clean/Album_Clean/PlusKit/PlusKit/Classes/PlusMainCenter+Verify.swift /Users/runner/work/Album_Clean/Album_Clean/PlusKit/PlusKit/Classes/PlusNotificationNames.swift /Users/runner/work/Album_Clean/Album_Clean/PlusKit/PlusKit/Classes/PlusPaymentDelegate.swift /Users/runner/work/Album_Clean/Album_Clean/PlusKit/PlusKit/Classes/PlusProfileBroker.swift /Users/runner/work/Album_Clean/Album_Clean/PlusKit/PlusKit/Classes/PlusServerModels.swift /Users/runner/work/Album_Clean/Album_Clean/PlusKit/PlusKit/Classes/PlusShieldCache.swift /Users/runner/work/Album_Clean/Album_Clean/PlusKit/PlusKit/Classes/PlusTrackPipeline.swift /Applications/Xcode_26.3.app/Contents/Developer/Toolchains/XcodeDefault.xctoolchain/usr/lib/swift/iphoneos/prebuilt-modules/26.2/Metal.swiftmodule/arm64e-apple-ios.swiftmodule /Applications/Xcode_26.3.app/Contents/Developer/Toolchains/XcodeDefault.xctoolchain/usr/lib/swift/iphoneos/prebuilt-modules/26.2/StoreKit.swiftmodule/arm64e-apple-ios.swiftmodule /Applications/Xcode_26.3.app/Contents/Developer/Toolchains/XcodeDefault.xctoolchain/usr/lib/swift/iphoneos/prebuilt-modules/26.2/ExtensionFoundation.swiftmodule/arm64e-apple-ios.swiftmodule /Applications/Xcode_26.3.app/Contents/Developer/Toolchains/XcodeDefault.xctoolchain/usr/lib/swift/iphoneos/prebuilt-modules/26.2/ObjectiveC.swiftmodule/arm64e-apple-ios.swiftmodule /Applications/Xcode_26.3.app/Contents/Developer/Toolchains/XcodeDefault.xctoolchain/usr/lib/swift/iphoneos/prebuilt-modules/26.2/os.swiftmodule/arm64e-apple-ios.swiftmodule /Applications/Xcode_26.3.app/Contents/Developer/Toolchains/XcodeDefault.xctoolchain/usr/lib/swift/iphoneos/prebuilt-modules/26.2/DeveloperToolsSupport.swiftmodule/arm64e-apple-ios.swiftmodule /Applications/Xcode_26.3.app/Contents/Developer/Toolchains/XcodeDefault.xctoolchain/usr/lib/swift/iphoneos/prebuilt-modules/26.2/_DarwinFoundation3.swiftmodule/arm64e-apple-ios.swiftmodule /Applications/Xcode_26.3.app/Contents/Developer/Toolchains/XcodeDefault.xctoolchain/usr/lib/swift/iphoneos/prebuilt-modules/26.2/XPC.swiftmodule/arm64e-apple-ios.swiftmodule /Applications/Xcode_26.3.app/Contents/Developer/Toolchains/XcodeDefault.xctoolchain/usr/lib/swift/iphoneos/prebuilt-modules/26.2/Observation.swiftmodule/arm64e-apple-ios.swiftmodule /Applications/Xcode_26.3.app/Contents/Developer/Toolchains/XcodeDefault.xctoolchain/usr/lib/swift/iphoneos/prebuilt-modules/26.2/UniformTypeIdentifiers.swiftmodule/arm64e-apple-ios.swiftmodule /Applications/Xcode_26.3.app/Contents/Developer/Toolchains/XcodeDefault.xctoolchain/usr/lib/swift/iphoneos/prebuilt-modules/26.2/Foundation.swiftmodule/arm64e-apple-ios.swiftmodule /Applications/Xcode_26.3.app/Contents/Developer/Toolchains/XcodeDefault.xctoolchain/usr/lib/swift/iphoneos/prebuilt-modules/26.2/LocalAuthentication.swiftmodule/arm64e-apple-ios.swiftmodule /Applications/Xcode_26.3.app/Contents/Developer/Toolchains/XcodeDefault.xctoolchain/usr/lib/swift/iphoneos/prebuilt-modules/26.2/Dispatch.swiftmodule/arm64e-apple-ios.swiftmodule /Applications/Xcode_26.3.app/Contents/Developer/Toolchains/XcodeDefault.xctoolchain/usr/lib/swift/iphoneos/prebuilt-modules/26.2/CoreTransferable.swiftmodule/arm64e-apple-ios.swiftmodule /Applications/Xcode_26.3.app/Contents/Developer/Toolchains/XcodeDefault.xctoolchain/usr/lib/swift/iphoneos/prebuilt-modules/26.2/CoreVideo.swiftmodule/arm64e-apple-ios.swiftmodule /Applications/Xcode_26.3.app/Contents/Developer/Toolchains/XcodeDefault.xctoolchain/usr/lib/swift/iphoneos/prebuilt-modules/26.2/CoreImage.swiftmodule/arm64e-apple-ios.swiftmodule /Applications/Xcode_26.3.app/Contents/Developer/Toolchains/XcodeDefault.xctoolchain/usr/lib/swift/iphoneos/prebuilt-modules/26.2/CoreGraphics.swiftmodule/arm64e-apple-ios.swiftmodule /Applications/Xcode_26.3.app/Contents/Developer/Toolchains/XcodeDefault.xctoolchain/usr/lib/swift/iphoneos/prebuilt-modules/26.2/QuartzCore.swiftmodule/arm64e-apple-ios.swiftmodule /Applications/Xcode_26.3.app/Contents/Developer/Toolchains/XcodeDefault.xctoolchain/usr/lib/swift/iphoneos/prebuilt-modules/26.2/_Builtin_float.swiftmodule/arm64e-apple-ios.swiftmodule /Applications/Xcode_26.3.app/Contents/Developer/Toolchains/XcodeDefault.xctoolchain/usr/lib/swift/iphoneos/prebuilt-modules/26.2/CoreText.swiftmodule/arm64e-apple-ios.swiftmodule /Applications/Xcode_26.3.app/Contents/Developer/Toolchains/XcodeDefault.xctoolchain/usr/lib/swift/iphoneos/prebuilt-modules/26.2/Symbols.swiftmodule/arm64e-apple-ios.swiftmodule /Applications/Xcode_26.3.app/Contents/Developer/Toolchains/XcodeDefault.xctoolchain/usr/lib/swift/iphoneos/prebuilt-modules/26.2/Network.swiftmodule/arm64e-apple-ios.swiftmodule /Applications/Xcode_26.3.app/Contents/Developer/Toolchains/XcodeDefault.xctoolchain/usr/lib/swift/iphoneos/prebuilt-modules/26.2/Distributed.swiftmodule/arm64e-apple-ios.swiftmodule /Applications/Xcode_26.3.app/Contents/Developer/Toolchains/XcodeDefault.xctoolchain/usr/lib/swift/iphoneos/prebuilt-modules/26.2/_DarwinFoundation1.swiftmodule/arm64e-apple-ios.swiftmodule /Applications/Xcode_26.3.app/Contents/Developer/Toolchains/XcodeDefault.xctoolchain/usr/lib/swift/iphoneos/prebuilt-modules/26.2/BackgroundAssets.swiftmodule/arm64e-apple-ios.swiftmodule /Applications/Xcode_26.3.app/Contents/Developer/Toolchains/XcodeDefault.xctoolchain/usr/lib/swift/iphoneos/prebuilt-modules/26.2/_DarwinFoundation2.swiftmodule/arm64e-apple-ios.swiftmodule /Applications/Xcode_26.3.app/Contents/Developer/Toolchains/XcodeDefault.xctoolchain/usr/lib/swift/iphoneos/prebuilt-modules/26.2/WebKit.swiftmodule/arm64e-apple-ios.swiftmodule /Applications/Xcode_26.3.app/Contents/Developer/Toolchains/XcodeDefault.xctoolchain/usr/lib/swift/iphoneos/prebuilt-modules/26.2/SwiftUICore.swiftmodule/arm64e-apple-ios.swiftmodule /Applications/Xcode_26.3.app/Contents/Developer/Toolchains/XcodeDefault.xctoolchain/usr/lib/swift/iphoneos/prebuilt-modules/26.2/Swift.swiftmodule/arm64e-apple-ios.swiftmodule /Applications/Xcode_26.3.app/Contents/Developer/Toolchains/XcodeDefault.xctoolchain/usr/lib/swift/iphoneos/prebuilt-modules/26.2/CoreFoundation.swiftmodule/arm64e-apple-ios.swiftmodule /Applications/Xcode_26.3.app/Contents/Developer/Toolchains/XcodeDefault.xctoolchain/usr/lib/swift/iphoneos/prebuilt-modules/26.2/OSLog.swiftmodule/arm64e-apple-ios.swiftmodule /Applications/Xcode_26.3.app/Contents/Developer/Toolchains/XcodeDefault.xctoolchain/usr/lib/swift/iphoneos/prebuilt-modules/26.2/CryptoKit.swiftmodule/arm64e-apple-ios.swiftmodule /Applications/Xcode_26.3.app/Contents/Developer/Toolchains/XcodeDefault.xctoolchain/usr/lib/swift/iphoneos/prebuilt-modules/26.2/System.swiftmodule/arm64e-apple-ios.swiftmodule /Applications/Xcode_26.3.app/Contents/Developer/Toolchains/XcodeDefault.xctoolchain/usr/lib/swift/iphoneos/prebuilt-modules/26.2/Darwin.swiftmodule/arm64e-apple-ios.swiftmodule /Applications/Xcode_26.3.app/Contents/Developer/Toolchains/XcodeDefault.xctoolchain/usr/lib/swift/iphoneos/prebuilt-modules/26.2/_StringProcessing.swiftmodule/arm64e-apple-ios.swiftmodule /Applications/Xcode_26.3.app/Contents/Developer/Toolchains/XcodeDefault.xctoolchain/usr/lib/swift/iphoneos/prebuilt-modules/26.2/UIKit.swiftmodule/arm64e-apple-ios.swiftmodule /Applications/Xcode_26.3.app/Contents/Developer/Toolchains/XcodeDefault.xctoolchain/usr/lib/swift/iphoneos/prebuilt-modules/26.2/DataDetection.swiftmodule/arm64e-apple-ios.swiftmodule /Applications/Xcode_26.3.app/Contents/Developer/Toolchains/XcodeDefault.xctoolchain/usr/lib/swift/iphoneos/prebuilt-modules/26.2/_Concurrency.swiftmodule/arm64e-apple-ios.swiftmodule /Applications/Xcode_26.3.app/Contents/Developer/Toolchains/XcodeDefault.xctoolchain/usr/lib/swift/iphoneos/prebuilt-modules/26.2/Combine.swiftmodule/arm64e-apple-ios.swiftmodule /Applications/Xcode_26.3.app/Contents/Developer/Toolchains/XcodeDefault.xctoolchain/usr/lib/swift/iphoneos/prebuilt-modules/26.2/Accessibility.swiftmodule/arm64e-apple-ios.swiftmodule /Applications/Xcode_26.3.app/Contents/Developer/Toolchains/XcodeDefault.xctoolchain/usr/lib/swift/iphoneos/prebuilt-modules/26.2/FileProvider.swiftmodule/arm64e-apple-ios.swiftmodule /Users/runner/Library/Developer/Xcode/DerivedData/ModuleCache.noindex/CoreFoundation-655HAZYSA9T1LJUAJYYW431AP.pcm /Users/runner/Library/Developer/Xcode/DerivedData/ModuleCache.noindex/OpenGLES-8K8ZW3I1X6P1LY2HMS49J6N1M.pcm /Users/runner/Library/Developer/Xcode/DerivedData/ModuleCache.noindex/XPC-AHIPVKHNAFTNRZR9O59ACQZQI.pcm /Users/runner/Library/Developer/Xcode/DerivedData/ModuleCache.noindex/Darwin-7J9VQ7MSQL9D8T4I20DHTTXMN.pcm /Users/runner/Library/Developer/Xcode/DerivedData/ModuleCache.noindex/CoreTransferable-4SLIGFHDCFZUBMFD63OYCHKS7.pcm /Users/runner/Library/Developer/Xcode/DerivedData/ModuleCache.noindex/SwiftShims-20449Z80VJ81TEPUGCZ2BPK28.pcm /Users/runner/Library/Developer/Xcode/DerivedData/ModuleCache.noindex/_Builtin_float-2AJTXFLH7UIA5W4QO5PEZJ067.pcm /Users/runner/Library/Developer/Xcode/DerivedData/ModuleCache.noindex/ExtensionFoundation-A0S3OPW198NGUDFO95T120PT8.pcm /Users/runner/Library/Developer/Xcode/DerivedData/ModuleCache.noindex/os_object-33Y7Q77K15NGPIUTH04U0YZZ0.pcm /Users/runner/Library/Developer/Xcode/DerivedData/ModuleCache.noindex/Network-53PZMGETEP502BR80I876WZ4L.pcm /Users/runner/Library/Developer/Xcode/DerivedData/ModuleCache.noindex/_DarwinFoundation2-EDY9TGJJ7VQW6W3MZ6ZHJSDEA.pcm /Users/runner/Library/Developer/Xcode/DerivedData/ModuleCache.noindex/_SwiftConcurrencyShims-39H4MYIONVMNULZUDLIS42DCD.pcm /Users/runner/Library/Developer/Xcode/DerivedData/ModuleCache.noindex/ImageIO-2BTXUUYDR7JHDLXMTAWUEW9BW.pcm /Users/runner/Library/Developer/Xcode/DerivedData/ModuleCache.noindex/_Builtin_stdint-BE3PMKOR44C24VD6AB0E9PT2Y.pcm /Users/runner/Library/Developer/Xcode/DerivedData/ModuleCache.noindex/UniformTypeIdentifiers-16JDBFDZV4YZRYFWVH0SK6J17.pcm /Users/runner/Library/Developer/Xcode/DerivedData/ModuleCache.noindex/IOSurface-42LOCQ6YK9Z2RY7LEQEYDYPTL.pcm /Users/runner/Library/Developer/Xcode/DerivedData/ModuleCache.noindex/DeveloperToolsSupport-ED9Z3FLSATL8Q5V0PU1K6IANB.pcm /Users/runner/Library/Developer/Xcode/DerivedData/ModuleCache.noindex/CoreVideo-3PP4DAYYRE5J9M9ZJO2UP5XPD.pcm /Users/runner/Library/Developer/Xcode/DerivedData/ModuleCache.noindex/LocalAuthentication-5OKPR53NJAI493S06HV24JFSL.pcm /Users/runner/Library/Developer/Xcode/DerivedData/ModuleCache.noindex/UIUtilities-5RL6N96PLZXFENO9XPW9DG9PM.pcm /Users/runner/Library/Developer/Xcode/DerivedData/ModuleCache.noindex/BackgroundAssets-4G9EZDB00O8450KIEJW7ZSDXZ.pcm /Users/runner/Library/Developer/Xcode/DerivedData/ModuleCache.noindex/ObjectiveC-5VSVEYOBD2W8ODIR62UXGHN1A.pcm /Users/runner/Library/Developer/Xcode/DerivedData/ModuleCache.noindex/DataDetection-E68UNNJECIFQTVEJ70VW2TUS0.pcm /Users/runner/Library/Developer/Xcode/DerivedData/ModuleCache.noindex/os-EV24YG5FY27973ZK7SM8YU7FZ.pcm /Users/runner/Library/Developer/Xcode/DerivedData/ModuleCache.noindex/_Builtin_stdarg-EDLOZHOX1KIFA7V1RM8XK31ZD.pcm /Users/runner/Library/Developer/Xcode/DerivedData/ModuleCache.noindex/dnssd-5AE24C09XOQC906HTC7CK2ZO1.pcm /Users/runner/Library/Developer/Xcode/DerivedData/ModuleCache.noindex/StoreKit-96MYEN0F86X598M93Q4XK1KC4.pcm /Users/runner/Library/Developer/Xcode/DerivedData/PhoneCleaner-dcdzrjknxopvksduvixuduaydjkh/Build/Intermediates.noindex/ArchiveIntermediates/PhoneCleaner/IntermediateBuildFilesPath/SwiftExplicitPrecompiledModules/UMCommon-BSYJL7LXUB2O5RDEALKUI9HBN.pcm /Users/runner/Library/Developer/Xcode/DerivedData/ModuleCache.noindex/FileProvider-4S55M9T9YYZGJSTIC2QFKHFH7.pcm /Users/runner/Library/Developer/Xcode/DerivedData/ModuleCache.noindex/WebKit-7ARRMEG2U8P49BTZPEDPAS23Y.pcm /Users/runner/Library/Developer/Xcode/DerivedData/ModuleCache.noindex/MachO-54DTBJPYX9C6511T08NSLUZL9.pcm /Users/runner/Library/Developer/Xcode/DerivedData/ModuleCache.noindex/ptrcheck-33FG5PDOCYRR3L736CNG6XQW9.pcm /Users/runner/Library/Developer/Xcode/DerivedData/ModuleCache.noindex/_Builtin_inttypes-2VJE3Q7LACMOFWR8DFDHES3LO.pcm /Users/runner/Library/Developer/Xcode/DerivedData/ModuleCache.noindex/sys_types-4PRH99LU2I59L83OSQHIOT0F4.pcm /Users/runner/Library/Developer/Xcode/DerivedData/ModuleCache.noindex/Symbols-14NDBPYF6FEX6BNXSKQ2FAK5M.pcm /Users/runner/Library/Developer/Xcode/DerivedData/ModuleCache.noindex/CoreGraphics-42SZ1ILNNZ2PLSGDVOPVG6NCN.pcm /Users/runner/Library/Developer/Xcode/DerivedData/ModuleCache.noindex/OSLog-2JJBBPRZN86WMXZTNLJ6GMQYR.pcm /Users/runner/Library/Developer/Xcode/DerivedData/ModuleCache.noindex/CoreText-6HUASY4J7Q93SZ9X4WAD5QGZE.pcm /Users/runner/Library/Developer/Xcode/DerivedData/ModuleCache.noindex/CoreImage-1F72TU0ILEHPLXXRC45YN3QLS.pcm /Users/runner/Library/Developer/Xcode/DerivedData/ModuleCache.noindex/_Builtin_stdatomic-CAG3T5E54X9AQRZBTS0FH97YQ.pcm /Users/runner/Library/Developer/Xcode/DerivedData/ModuleCache.noindex/_Builtin_limits-BJTWRD4AU42QKMKA01HY9L3TT.pcm /Users/runner/Library/Developer/Xcode/DerivedData/PhoneCleaner-dcdzrjknxopvksduvixuduaydjkh/Build/Intermediates.noindex/ArchiveIntermediates/PhoneCleaner/IntermediateBuildFilesPath/SwiftExplicitPrecompiledModules/PlusKit-AUOR1SKW1AJST1EMQAOLODNNJ.pcm /Users/runner/Library/Developer/Xcode/DerivedData/ModuleCache.noindex/_Builtin_stddef-8UE7IOOQG7TV7H43ZUUD8GK8A.pcm /Users/runner/Library/Developer/Xcode/DerivedData/ModuleCache.noindex/Foundation-F1FSWFXQ3WZAR9C2KUR7EGZ9.pcm /Users/runner/Library/Developer/Xcode/DerivedData/ModuleCache.noindex/QuartzCore-7ZAYI1YBVWAI3FNHDB05AJX6N.pcm /Users/runner/Library/Developer/Xcode/DerivedData/ModuleCache.noindex/SwiftUICore-CRXAAHF0IYYLG2HLQENV3IY41.pcm /Users/runner/Library/Developer/Xcode/DerivedData/ModuleCache.noindex/Accessibility-5ZQ5X8GFWH492SYUTDLOYNJ96.pcm /Users/runner/Library/Developer/Xcode/DerivedData/ModuleCache.noindex/Dispatch-EKE822JWOQ61ZVGWM0IBBM9AW.pcm /Users/runner/Library/Developer/Xcode/DerivedData/ModuleCache.noindex/UserNotifications-2EJ0L2SK4ZB214G7FHGY0UEJU.pcm /Users/runner/Library/Developer/Xcode/DerivedData/ModuleCache.noindex/Security-CV68WSEGGPB4VRQV4DSVPANZY.pcm /Users/runner/Library/Developer/Xcode/DerivedData/ModuleCache.noindex/CFNetwork-9VFO7YNB1UAE6OJU4OH3Y3N4M.pcm /Users/runner/Library/Developer/Xcode/DerivedData/ModuleCache.noindex/_AvailabilityInternal-4ZSQ3YOKJ8FIZ9DE3N2N2155Z.pcm /Users/runner/Library/Developer/Xcode/DerivedData/ModuleCache.noindex/UIKit-1A9X26E7Y1O09G6QWHNU6DFSS.pcm /Users/runner/Library/Developer/Xcode/DerivedData/ModuleCache.noindex/Metal-EQUDLEB9SYH1KJJVXW3L92YFE.pcm /Users/runner/Library/Developer/Xcode/DerivedData/ModuleCache.noindex/ptrauth-86XI3RI4Y6OV8TLD3O1D9X956.pcm /Users/runner/Library/Developer/Xcode/DerivedData/ModuleCache.noindex/_Builtin_stdbool-BGMEK4M079WK80BJQAM92RKI5.pcm /Users/runner/Library/Developer/Xcode/DerivedData/ModuleCache.noindex/os_workgroup-ENDJ0LY6OCCSKSAFTNL3OFKV8.pcm /Users/runner/Library/Developer/Xcode/DerivedData/ModuleCache.noindex/_DarwinFoundation1-AMJ7P60XIICL2VTFWIYGS8CF9.pcm /Users/runner/Library/Developer/Xcode/DerivedData/ModuleCache.noindex/AdServices-C3SA45A0D0L8LOHUH3MHPKIAL.pcm /Users/runner/Library/Developer/Xcode/DerivedData/ModuleCache.noindex/_DarwinFoundation3-5TXVJP44ZNRCILXS0UUPBK4DD.pcm /Users/runner/Library/Developer/Xcode/DerivedData/PhoneCleaner-dcdzrjknxopvksduvixuduaydjkh/Build/Intermediates.noindex/ArchiveIntermediates/PhoneCleaner/IntermediateBuildFilesPath/Pods.build/Release-iphoneos/PlusKit.build/Objects-normal/arm64/PlusKit-dependencies-1.json (in target 'PlusKit' from project 'Pods')

CompileSwift normal arm64 (in target 'PlusKit' from project 'Pods')
    cd /Users/runner/work/Album_Clean/Album_Clean/Pods
    

SwiftDriverJobDiscovery normal arm64 Compiling PlusCoordinatorTypes.swift, PlusEndpointAgent.swift, PlusMainCenter.swift, PlusMainCenter+Debug.swift, PlusMainCenter+Purchase.swift, PlusMainCenter+Verify.swift, PlusNotificationNames.swift, PlusPaymentDelegate.swift, PlusProfileBroker.swift, PlusServerModels.swift, PlusShieldCache.swift, PlusTrackPipeline.swift (in target 'PlusKit' from project 'Pods')

SwiftDriver\ Compilation\ Requirements PlusKit normal arm64 com.apple.xcode.tools.swift.compiler (in target 'PlusKit' from project 'Pods')
    cd /Users/runner/work/Album_Clean/Album_Clean/Pods
    builtin-Swift-Compilation-Requirements -- /Applications/Xcode_26.3.app/Contents/Developer/Toolchains/XcodeDefault.xctoolchain/usr/bin/swiftc -module-name PlusKit -O -whole-module-optimization -enforce-exclusivity\=checked @/Users/runner/Library/Developer/Xcode/DerivedData/PhoneCleaner-dcdzrjknxopvksduvixuduaydjkh/Build/Intermediates.noindex/ArchiveIntermediates/PhoneCleaner/IntermediateBuildFilesPath/Pods.build/Release-iphoneos/PlusKit.build/Objects-normal/arm64/PlusKit.SwiftFileList -D COCOAPODS -enable-bare-slash-regex -enable-experimental-feature DebugDescriptionMacro -sdk /Applications/Xcode_26.3.app/Contents/Developer/Platforms/iPhoneOS.platform/Developer/SDKs/iPhoneOS26.2.sdk -target arm64-apple-ios15.0 -g -module-cache-path /Users/runner/Library/Developer/Xcode/DerivedData/ModuleCache.noindex -Xfrontend -serialize-debugging-options -swift-version 5 -I /Users/runner/Library/Developer/Xcode/DerivedData/PhoneCleaner-dcdzrjknxopvksduvixuduaydjkh/Build/Intermediates.noindex/ArchiveIntermediates/PhoneCleaner/BuildProductsPath/Release-iphoneos/PlusKit -F /Users/runner/Library/Developer/Xcode/DerivedData/PhoneCleaner-dcdzrjknxopvksduvixuduaydjkh/Build/Intermediates.noindex/ArchiveIntermediates/PhoneCleaner/BuildProductsPath/Release-iphoneos/PlusKit -F /Users/runner/work/Album_Clean/Album_Clean/Pods/UMCommon/UMCommon_7.6.4 -F /Users/runner/work/Album_Clean/Album_Clean/Pods/UMDevice/UMDevice_3.6.0 -F /Users/runner/Library/Developer/Xcode/DerivedData/PhoneCleaner-dcdzrjknxopvksduvixuduaydjkh/Build/Intermediates.noindex/ArchiveIntermediates/PhoneCleaner/BuildProductsPath/Release-iphoneos/XCFrameworkIntermediates/UMCommon -F /Users/runner/Library/Developer/Xcode/DerivedData/PhoneCleaner-dcdzrjknxopvksduvixuduaydjkh/Build/Intermediates.noindex/ArchiveIntermediates/PhoneCleaner/BuildProductsPath/Release-iphoneos/XCFrameworkIntermediates/UMDevice -c -num-threads 3 -Xcc -ivfsstatcache -Xcc /Users/runner/Library/Developer/Xcode/DerivedData/SDKStatCaches.noindex/iphoneos26.2-23C57-dc75598d0054f22ec865fa860f139d722dd23b4ebda140f7210d155ff1243552.sdkstatcache -output-file-map /Users/runner/Library/Developer/Xcode/DerivedData/PhoneCleaner-dcdzrjknxopvksduvixuduaydjkh/Build/Intermediates.noindex/ArchiveIntermediates/PhoneCleaner/IntermediateBuildFilesPath/Pods.build/Release-iphoneos/PlusKit.build/Objects-normal/arm64/PlusKit-OutputFileMap.json -use-frontend-parseable-output -save-temps -no-color-diagnostics -explicit-module-build -module-cache-path /Users/runner/Library/Developer/Xcode/DerivedData/PhoneCleaner-dcdzrjknxopvksduvixuduaydjkh/Build/Intermediates.noindex/ArchiveIntermediates/PhoneCleaner/IntermediateBuildFilesPath/SwiftExplicitPrecompiledModules -clang-scanner-module-cache-path /Users/runner/Library/Developer/Xcode/DerivedData/ModuleCache.noindex -sdk-module-cache-path /Users/runner/Library/Developer/Xcode/DerivedData/ModuleCache.noindex -serialize-diagnostics -emit-dependencies -emit-module -emit-module-path /Users/runner/Library/Developer/Xcode/DerivedData/PhoneCleaner-dcdzrjknxopvksduvixuduaydjkh/Build/Intermediates.noindex/ArchiveIntermediates/PhoneCleaner/IntermediateBuildFilesPath/Pods.build/Release-iphoneos/PlusKit.build/Objects-normal/arm64/PlusKit.swiftmodule -validate-clang-modules-once -clang-build-session-file /Users/runner/Library/Developer/Xcode/DerivedData/ModuleCache.noindex/Session.modulevalidation -Xcc -I/Users/runner/Library/Developer/Xcode/DerivedData/PhoneCleaner-dcdzrjknxopvksduvixuduaydjkh/Build/Intermediates.noindex/ArchiveIntermediates/PhoneCleaner/IntermediateBuildFilesPath/Pods.build/Release-iphoneos/PlusKit.build/swift-overrides.hmap -emit-const-values -Xfrontend -const-gather-protocols-file -Xfrontend /Users/runner/Library/Developer/Xcode/DerivedData/PhoneCleaner-dcdzrjknxopvksduvixuduaydjkh/Build/Intermediates.noindex/ArchiveIntermediates/PhoneCleaner/IntermediateBuildFilesPath/Pods.build/Release-iphoneos/PlusKit.build/Objects-normal/arm64/PlusKit_const_extract_protocols.json -Xcc -iquote -Xcc /Users/runner/Library/Developer/Xcode/DerivedData/PhoneCleaner-dcdzrjknxopvksduvixuduaydjkh/Build/Intermediates.noindex/ArchiveIntermediates/PhoneCleaner/IntermediateBuildFilesPath/Pods.build/Release-iphoneos/PlusKit.build/PlusKit-generated-files.hmap -Xcc -I/Users/runner/Library/Developer/Xcode/DerivedData/PhoneCleaner-dcdzrjknxopvksduvixuduaydjkh/Build/Intermediates.noindex/ArchiveIntermediates/PhoneCleaner/IntermediateBuildFilesPath/Pods.build/Release-iphoneos/PlusKit.build/PlusKit-own-target-headers.hmap -Xcc -I/Users/runner/Library/Developer/Xcode/DerivedData/PhoneCleaner-dcdzrjknxopvksduvixuduaydjkh/Build/Intermediates.noindex/ArchiveIntermediates/PhoneCleaner/IntermediateBuildFilesPath/Pods.build/Release-iphoneos/PlusKit.build/PlusKit-all-non-framework-target-headers.hmap -Xcc -ivfsoverlay -Xcc /Users/runner/Library/Developer/Xcode/DerivedData/PhoneCleaner-dcdzrjknxopvksduvixuduaydjkh/Build/Intermediates.noindex/ArchiveIntermediates/PhoneCleaner/IntermediateBuildFilesPath/Pods.build/Release-iphoneos/Pods-8699adb1dd336b26511df848a716bd42-VFS-iphoneos/all-product-headers.yaml -Xcc -iquote -Xcc /Users/runner/Library/Developer/Xcode/DerivedData/PhoneCleaner-dcdzrjknxopvksduvixuduaydjkh/Build/Intermediates.noindex/ArchiveIntermediates/PhoneCleaner/IntermediateBuildFilesPath/Pods.build/Release-iphoneos/PlusKit.build/PlusKit-project-headers.hmap -Xcc -I/Users/runner/Library/Developer/Xcode/DerivedData/PhoneCleaner-dcdzrjknxopvksduvixuduaydjkh/Build/Intermediates.noindex/ArchiveIntermediates/PhoneCleaner/BuildProductsPath/Release-iphoneos/PlusKit/include -Xcc -I/Users/runner/Library/Developer/Xcode/DerivedData/PhoneCleaner-dcdzrjknxopvksduvixuduaydjkh/Build/Intermediates.noindex/ArchiveIntermediates/PhoneCleaner/IntermediateBuildFilesPath/Pods.build/Release-iphoneos/PlusKit.build/DerivedSources-normal/arm64 -Xcc -I/Users/runner/Library/Developer/Xcode/DerivedData/PhoneCleaner-dcdzrjknxopvksduvixuduaydjkh/Build/Intermediates.noindex/ArchiveIntermediates/PhoneCleaner/IntermediateBuildFilesPath/Pods.build/Release-iphoneos/PlusKit.build/DerivedSources/arm64 -Xcc -I/Users/runner/Library/Developer/Xcode/DerivedData/PhoneCleaner-dcdzrjknxopvksduvixuduaydjkh/Build/Intermediates.noindex/ArchiveIntermediates/PhoneCleaner/IntermediateBuildFilesPath/Pods.build/Release-iphoneos/PlusKit.build/DerivedSources -Xcc -DPOD_CONFIGURATION_RELEASE\=1 -Xcc -DCOCOAPODS\=1 -emit-objc-header -emit-objc-header-path /Users/runner/Library/Developer/Xcode/DerivedData/PhoneCleaner-dcdzrjknxopvksduvixuduaydjkh/Build/Intermediates.noindex/ArchiveIntermediates/PhoneCleaner/IntermediateBuildFilesPath/Pods.build/Release-iphoneos/PlusKit.build/Objects-normal/arm64/PlusKit-Swift.h -import-underlying-module -Xcc -ivfsoverlay -Xcc /Users/runner/Library/Developer/Xcode/DerivedData/PhoneCleaner-dcdzrjknxopvksduvixuduaydjkh/Build/Intermediates.noindex/ArchiveIntermediates/PhoneCleaner/IntermediateBuildFilesPath/Pods.build/Release-iphoneos/PlusKit.build/unextended-module-overlay.yaml -working-directory /Users/runner/work/Album_Clean/Album_Clean/Pods -no-emit-module-separately-wmo

SwiftMergeGeneratedHeaders /Users/runner/Library/Developer/Xcode/DerivedData/PhoneCleaner-dcdzrjknxopvksduvixuduaydjkh/Build/Intermediates.noindex/ArchiveIntermediates/PhoneCleaner/IntermediateBuildFilesPath/UninstalledProducts/iphoneos/PlusKit.framework/Headers/PlusKit-Swift.h /Users/runner/Library/Developer/Xcode/DerivedData/PhoneCleaner-dcdzrjknxopvksduvixuduaydjkh/Build/Intermediates.noindex/ArchiveIntermediates/PhoneCleaner/IntermediateBuildFilesPath/Pods.build/Release-iphoneos/PlusKit.build/Objects-normal/arm64/PlusKit-Swift.h (in target 'PlusKit' from project 'Pods')
    cd /Users/runner/work/Album_Clean/Album_Clean/Pods
    builtin-swiftHeaderTool -arch arm64 /Users/runner/Library/Developer/Xcode/DerivedData/PhoneCleaner-dcdzrjknxopvksduvixuduaydjkh/Build/Intermediates.noindex/ArchiveIntermediates/PhoneCleaner/IntermediateBuildFilesPath/Pods.build/Release-iphoneos/PlusKit.build/Objects-normal/arm64/PlusKit-Swift.h -o /Users/runner/Library/Developer/Xcode/DerivedData/PhoneCleaner-dcdzrjknxopvksduvixuduaydjkh/Build/Intermediates.noindex/ArchiveIntermediates/PhoneCleaner/IntermediateBuildFilesPath/UninstalledProducts/iphoneos/PlusKit.framework/Headers/PlusKit-Swift.h

Copy /Users/runner/Library/Developer/Xcode/DerivedData/PhoneCleaner-dcdzrjknxopvksduvixuduaydjkh/Build/Intermediates.noindex/ArchiveIntermediates/PhoneCleaner/IntermediateBuildFilesPath/UninstalledProducts/iphoneos/PlusKit.framework/Modules/PlusKit.swiftmodule/arm64-apple-ios.swiftmodule /Users/runner/Library/Developer/Xcode/DerivedData/PhoneCleaner-dcdzrjknxopvksduvixuduaydjkh/Build/Intermediates.noindex/ArchiveIntermediates/PhoneCleaner/IntermediateBuildFilesPath/Pods.build/Release-iphoneos/PlusKit.build/Objects-normal/arm64/PlusKit.swiftmodule (in target 'PlusKit' from project 'Pods')
    cd /Users/runner/work/Album_Clean/Album_Clean/Pods
    builtin-copy -exclude .DS_Store -exclude CVS -exclude .svn -exclude .git -exclude .hg -resolve-src-symlinks -rename /Users/runner/Library/Developer/Xcode/DerivedData/PhoneCleaner-dcdzrjknxopvksduvixuduaydjkh/Build/Intermediates.noindex/ArchiveIntermediates/PhoneCleaner/IntermediateBuildFilesPath/Pods.build/Release-iphoneos/PlusKit.build/Objects-normal/arm64/PlusKit.swiftmodule /Users/runner/Library/Developer/Xcode/DerivedData/PhoneCleaner-dcdzrjknxopvksduvixuduaydjkh/Build/Intermediates.noindex/ArchiveIntermediates/PhoneCleaner/IntermediateBuildFilesPath/UninstalledProducts/iphoneos/PlusKit.framework/Modules/PlusKit.swiftmodule/arm64-apple-ios.swiftmodule

Copy /Users/runner/Library/Developer/Xcode/DerivedData/PhoneCleaner-dcdzrjknxopvksduvixuduaydjkh/Build/Intermediates.noindex/ArchiveIntermediates/PhoneCleaner/IntermediateBuildFilesPath/UninstalledProducts/iphoneos/PlusKit.framework/Modules/PlusKit.swiftmodule/arm64-apple-ios.swiftdoc /Users/runner/Library/Developer/Xcode/DerivedData/PhoneCleaner-dcdzrjknxopvksduvixuduaydjkh/Build/Intermediates.noindex/ArchiveIntermediates/PhoneCleaner/IntermediateBuildFilesPath/Pods.build/Release-iphoneos/PlusKit.build/Objects-normal/arm64/PlusKit.swiftdoc (in target 'PlusKit' from project 'Pods')
    cd /Users/runner/work/Album_Clean/Album_Clean/Pods
    builtin-copy -exclude .DS_Store -exclude CVS -exclude .svn -exclude .git -exclude .hg -resolve-src-symlinks -rename /Users/runner/Library/Developer/Xcode/DerivedData/PhoneCleaner-dcdzrjknxopvksduvixuduaydjkh/Build/Intermediates.noindex/ArchiveIntermediates/PhoneCleaner/IntermediateBuildFilesPath/Pods.build/Release-iphoneos/PlusKit.build/Objects-normal/arm64/PlusKit.swiftdoc /Users/runner/Library/Developer/Xcode/DerivedData/PhoneCleaner-dcdzrjknxopvksduvixuduaydjkh/Build/Intermediates.noindex/ArchiveIntermediates/PhoneCleaner/IntermediateBuildFilesPath/UninstalledProducts/iphoneos/PlusKit.framework/Modules/PlusKit.swiftmodule/arm64-apple-ios.swiftdoc

Copy /Users/runner/Library/Developer/Xcode/DerivedData/PhoneCleaner-dcdzrjknxopvksduvixuduaydjkh/Build/Intermediates.noindex/ArchiveIntermediates/PhoneCleaner/IntermediateBuildFilesPath/UninstalledProducts/iphoneos/PlusKit.framework/Modules/PlusKit.swiftmodule/arm64-apple-ios.abi.json /Users/runner/Library/Developer/Xcode/DerivedData/PhoneCleaner-dcdzrjknxopvksduvixuduaydjkh/Build/Intermediates.noindex/ArchiveIntermediates/PhoneCleaner/IntermediateBuildFilesPath/Pods.build/Release-iphoneos/PlusKit.build/Objects-normal/arm64/PlusKit.abi.json (in target 'PlusKit' from project 'Pods')
    cd /Users/runner/work/Album_Clean/Album_Clean/Pods
    builtin-copy -exclude .DS_Store -exclude CVS -exclude .svn -exclude .git -exclude .hg -resolve-src-symlinks -rename /Users/runner/Library/Developer/Xcode/DerivedData/PhoneCleaner-dcdzrjknxopvksduvixuduaydjkh/Build/Intermediates.noindex/ArchiveIntermediates/PhoneCleaner/IntermediateBuildFilesPath/Pods.build/Release-iphoneos/PlusKit.build/Objects-normal/arm64/PlusKit.abi.json /Users/runner/Library/Developer/Xcode/DerivedData/PhoneCleaner-dcdzrjknxopvksduvixuduaydjkh/Build/Intermediates.noindex/ArchiveIntermediates/PhoneCleaner/IntermediateBuildFilesPath/UninstalledProducts/iphoneos/PlusKit.framework/Modules/PlusKit.swiftmodule/arm64-apple-ios.abi.json

ScanDependencies /Users/runner/Library/Developer/Xcode/DerivedData/PhoneCleaner-dcdzrjknxopvksduvixuduaydjkh/Build/Intermediates.noindex/ArchiveIntermediates/PhoneCleaner/IntermediateBuildFilesPath/Pods.build/Release-iphoneos/PlusKit.build/Objects-normal/arm64/PlusKit_vers.o /Users/runner/Library/Developer/Xcode/DerivedData/PhoneCleaner-dcdzrjknxopvksduvixuduaydjkh/Build/Intermediates.noindex/ArchiveIntermediates/PhoneCleaner/IntermediateBuildFilesPath/Pods.build/Release-iphoneos/PlusKit.build/DerivedSources/PlusKit_vers.c normal arm64 c com.apple.compilers.llvm.clang.1_0.compiler (in target 'PlusKit' from project 'Pods')
    cd /Users/runner/work/Album_Clean/Album_Clean/Pods
    
    Using response file: /Users/runner/Library/Developer/Xcode/DerivedData/PhoneCleaner-dcdzrjknxopvksduvixuduaydjkh/Build/Intermediates.noindex/ArchiveIntermediates/PhoneCleaner/IntermediateBuildFilesPath/Pods.build/Release-iphoneos/PlusKit.build/Objects-normal/arm64/7187679823f38a2a940e0043cdf9d637-common-args.resp
    
    builtin-ScanDependencies -o /Users/runner/Library/Developer/Xcode/DerivedData/PhoneCleaner-dcdzrjknxopvksduvixuduaydjkh/Build/Intermediates.noindex/ArchiveIntermediates/PhoneCleaner/IntermediateBuildFilesPath/Pods.build/Release-iphoneos/PlusKit.build/Objects-normal/arm64/PlusKit_vers.o.scan -- /Applications/Xcode_26.3.app/Contents/Developer/Toolchains/XcodeDefault.xctoolchain/usr/bin/clang -x c -ivfsstatcache /Users/runner/Library/Developer/Xcode/DerivedData/SDKStatCaches.noindex/iphoneos26.2-23C57-dc75598d0054f22ec865fa860f139d722dd23b4ebda140f7210d155ff1243552.sdkstatcache -fmessage-length\=0 -fdiagnostics-show-note-include-stack -fmacro-backtrace-limit\=0 -fno-color-diagnostics -fmodules-prune-interval\=86400 -fmodules-prune-after\=345600 -fbuild-session-file\=/Users/runner/Library/Developer/Xcode/DerivedData/ModuleCache.noindex/Session.modulevalidation -fmodules-validate-once-per-build-session -Wnon-modular-include-in-framework-module -Werror\=non-modular-include-in-framework-module -Wno-trigraphs -Wno-missing-field-initializers -Wno-missing-prototypes -Werror\=return-type -Wdocumentation -Wunreachable-code -Werror\=deprecated-objc-isa-usage -Werror\=objc-root-class -Wno-missing-braces -Wparentheses -Wswitch -Wunused-function -Wno-unused-label -Wno-unused-parameter -Wunused-variable -Wunused-value -Wempty-body -Wuninitialized -Wconditional-uninitialized -Wno-unknown-pragmas -Wno-shadow -Wno-four-char-constants -Wno-conversion -Wconstant-conversion -Wint-conversion -Wbool-conversion -Wenum-conversion -Wno-float-conversion -Wnon-literal-null-conversion -Wobjc-literal-conversion -Wshorten-64-to-32 -Wpointer-sign -Wno-newline-eof -Wno-implicit-fallthrough -fstrict-aliasing -Wdeprecated-declarations -Wno-sign-conversion -Winfinite-recursion -Wcomma -Wblock-capture-autoreleasing -Wstrict-prototypes -Wno-semicolon-before-method-body -Wunguarded-availability @/Users/runner/Library/Developer/Xcode/DerivedData/PhoneCleaner-dcdzrjknxopvksduvixuduaydjkh/Build/Intermediates.noindex/ArchiveIntermediates/PhoneCleaner/IntermediateBuildFilesPath/Pods.build/Release-iphoneos/PlusKit.build/Objects-normal/arm64/7187679823f38a2a940e0043cdf9d637-common-args.resp -MMD -MT dependencies -MF /Users/runner/Library/Developer/Xcode/DerivedData/PhoneCleaner-dcdzrjknxopvksduvixuduaydjkh/Build/Intermediates.noindex/ArchiveIntermediates/PhoneCleaner/IntermediateBuildFilesPath/Pods.build/Release-iphoneos/PlusKit.build/Objects-normal/arm64/PlusKit_vers.d --serialize-diagnostics /Users/runner/Library/Developer/Xcode/DerivedData/PhoneCleaner-dcdzrjknxopvksduvixuduaydjkh/Build/Intermediates.noindex/ArchiveIntermediates/PhoneCleaner/IntermediateBuildFilesPath/Pods.build/Release-iphoneos/PlusKit.build/Objects-normal/arm64/PlusKit_vers.dia -c /Users/runner/Library/Developer/Xcode/DerivedData/PhoneCleaner-dcdzrjknxopvksduvixuduaydjkh/Build/Intermediates.noindex/ArchiveIntermediates/PhoneCleaner/IntermediateBuildFilesPath/Pods.build/Release-iphoneos/PlusKit.build/DerivedSources/PlusKit_vers.c -o /Users/runner/Library/Developer/Xcode/DerivedData/PhoneCleaner-dcdzrjknxopvksduvixuduaydjkh/Build/Intermediates.noindex/ArchiveIntermediates/PhoneCleaner/IntermediateBuildFilesPath/Pods.build/Release-iphoneos/PlusKit.build/Objects-normal/arm64/PlusKit_vers.o

ScanDependencies /Users/runner/Library/Developer/Xcode/DerivedData/PhoneCleaner-dcdzrjknxopvksduvixuduaydjkh/Build/Intermediates.noindex/ArchiveIntermediates/PhoneCleaner/IntermediateBuildFilesPath/Pods.build/Release-iphoneos/PlusKit.build/Objects-normal/arm64/PlusKit-dummy.o /Users/runner/work/Album_Clean/Album_Clean/Pods/Target\ Support\ Files/PlusKit/PlusKit-dummy.m normal arm64 objective-c com.apple.compilers.llvm.clang.1_0.compiler (in target 'PlusKit' from project 'Pods')
    cd /Users/runner/work/Album_Clean/Album_Clean/Pods
    
    Using response file: /Users/runner/Library/Developer/Xcode/DerivedData/PhoneCleaner-dcdzrjknxopvksduvixuduaydjkh/Build/Intermediates.noindex/ArchiveIntermediates/PhoneCleaner/IntermediateBuildFilesPath/Pods.build/Release-iphoneos/PlusKit.build/Objects-normal/arm64/e6072d4f65d7061329687fe24e3d63a7-common-args.resp
    
    builtin-ScanDependencies -o /Users/runner/Library/Developer/Xcode/DerivedData/PhoneCleaner-dcdzrjknxopvksduvixuduaydjkh/Build/Intermediates.noindex/ArchiveIntermediates/PhoneCleaner/IntermediateBuildFilesPath/Pods.build/Release-iphoneos/PlusKit.build/Objects-normal/arm64/PlusKit-dummy.o.scan -- /Applications/Xcode_26.3.app/Contents/Developer/Toolchains/XcodeDefault.xctoolchain/usr/bin/clang -x objective-c -ivfsstatcache /Users/runner/Library/Developer/Xcode/DerivedData/SDKStatCaches.noindex/iphoneos26.2-23C57-dc75598d0054f22ec865fa860f139d722dd23b4ebda140f7210d155ff1243552.sdkstatcache -fmessage-length\=0 -fdiagnostics-show-note-include-stack -fmacro-backtrace-limit\=0 -fno-color-diagnostics -fmodules-prune-interval\=86400 -fmodules-prune-after\=345600 -fbuild-session-file\=/Users/runner/Library/Developer/Xcode/DerivedData/ModuleCache.noindex/Session.modulevalidation -fmodules-validate-once-per-build-session -Wnon-modular-include-in-framework-module -Werror\=non-modular-include-in-framework-module -Wno-trigraphs -Wno-missing-field-initializers -Wno-missing-prototypes -Werror\=return-type -Wdocumentation -Wunreachable-code -Wno-implicit-atomic-properties -Werror\=deprecated-objc-isa-usage -Wno-objc-interface-ivars -Werror\=objc-root-class -Wno-arc-repeated-use-of-weak -Wimplicit-retain-self -Wduplicate-method-match -Wno-missing-braces -Wparentheses -Wswitch -Wunused-function -Wno-unused-label -Wno-unused-parameter -Wunused-variable -Wunused-value -Wempty-body -Wuninitialized -Wconditional-uninitialized -Wno-unknown-pragmas -Wno-shadow -Wno-four-char-constants -Wno-conversion -Wconstant-conversion -Wint-conversion -Wbool-conversion -Wenum-conversion -Wno-float-conversion -Wnon-literal-null-conversion -Wobjc-literal-conversion -Wshorten-64-to-32 -Wpointer-sign -Wno-newline-eof -Wno-selector -Wno-strict-selector-match -Wundeclared-selector -Wdeprecated-implementations -Wno-implicit-fallthrough -fstrict-aliasing -Wprotocol -Wdeprecated-declarations -Wno-sign-conversion -Winfinite-recursion -Wcomma -Wblock-capture-autoreleasing -Wstrict-prototypes -Wno-semicolon-before-method-body -Wunguarded-availability @/Users/runner/Library/Developer/Xcode/DerivedData/PhoneCleaner-dcdzrjknxopvksduvixuduaydjkh/Build/Intermediates.noindex/ArchiveIntermediates/PhoneCleaner/IntermediateBuildFilesPath/Pods.build/Release-iphoneos/PlusKit.build/Objects-normal/arm64/e6072d4f65d7061329687fe24e3d63a7-common-args.resp -include /Users/runner/work/Album_Clean/Album_Clean/Pods/Target\ Support\ Files/PlusKit/PlusKit-prefix.pch -MMD -MT dependencies -MF /Users/runner/Library/Developer/Xcode/DerivedData/PhoneCleaner-dcdzrjknxopvksduvixuduaydjkh/Build/Intermediates.noindex/ArchiveIntermediates/PhoneCleaner/IntermediateBuildFilesPath/Pods.build/Release-iphoneos/PlusKit.build/Objects-normal/arm64/PlusKit-dummy.d --serialize-diagnostics /Users/runner/Library/Developer/Xcode/DerivedData/PhoneCleaner-dcdzrjknxopvksduvixuduaydjkh/Build/Intermediates.noindex/ArchiveIntermediates/PhoneCleaner/IntermediateBuildFilesPath/Pods.build/Release-iphoneos/PlusKit.build/Objects-normal/arm64/PlusKit-dummy.dia -c /Users/runner/work/Album_Clean/Album_Clean/Pods/Target\ Support\ Files/PlusKit/PlusKit-dummy.m -o /Users/runner/Library/Developer/Xcode/DerivedData/PhoneCleaner-dcdzrjknxopvksduvixuduaydjkh/Build/Intermediates.noindex/ArchiveIntermediates/PhoneCleaner/IntermediateBuildFilesPath/Pods.build/Release-iphoneos/PlusKit.build/Objects-normal/arm64/PlusKit-dummy.o

ProcessProductPackaging /Users/runner/work/Album_Clean/Album_Clean/Sources/Resources/PhoneCleaner.entitlements /Users/runner/Library/Developer/Xcode/DerivedData/PhoneCleaner-dcdzrjknxopvksduvixuduaydjkh/Build/Intermediates.noindex/ArchiveIntermediates/PhoneCleaner/IntermediateBuildFilesPath/PhoneCleaner.build/Release-iphoneos/PhoneCleaner.build/PhoneCleaner.app.xcent (in target 'PhoneCleaner' from project 'PhoneCleaner')
    cd /Users/runner/work/Album_Clean/Album_Clean
    
    Entitlements:
    
    {
    "application-identifier" = "9ZBSSQVZ6Z.com.smz.yrk.pxf";
    "beta-reports-active" = 1;
    "com.apple.developer.team-identifier" = 9ZBSSQVZ6Z;
    "com.apple.security.application-groups" =     (
        "group.com.wuweihua.wwh"
    );
    "get-task-allow" = 0;
}
    
    builtin-productPackagingUtility /Users/runner/work/Album_Clean/Album_Clean/Sources/Resources/PhoneCleaner.entitlements -entitlements -format xml -o /Users/runner/Library/Developer/Xcode/DerivedData/PhoneCleaner-dcdzrjknxopvksduvixuduaydjkh/Build/Intermediates.noindex/ArchiveIntermediates/PhoneCleaner/IntermediateBuildFilesPath/PhoneCleaner.build/Release-iphoneos/PhoneCleaner.build/PhoneCleaner.app.xcent

ProcessProductPackaging /Users/runner/Library/MobileDevice/Provisioning\ Profiles/8e1a8d45-5175-4f83-953b-fd3a1046e52a.mobileprovision /Users/runner/Library/Developer/Xcode/DerivedData/PhoneCleaner-dcdzrjknxopvksduvixuduaydjkh/Build/Intermediates.noindex/ArchiveIntermediates/PhoneCleaner/InstallationBuildProductsLocation/Applications/PhoneCleaner.app/embedded.mobileprovision (in target 'PhoneCleaner' from project 'PhoneCleaner')
    cd /Users/runner/work/Album_Clean/Album_Clean
    builtin-productPackagingUtility /Users/runner/Library/MobileDevice/Provisioning\ Profiles/8e1a8d45-5175-4f83-953b-fd3a1046e52a.mobileprovision -o /Users/runner/Library/Developer/Xcode/DerivedData/PhoneCleaner-dcdzrjknxopvksduvixuduaydjkh/Build/Intermediates.noindex/ArchiveIntermediates/PhoneCleaner/InstallationBuildProductsLocation/Applications/PhoneCleaner.app/embedded.mobileprovision

ProcessProductPackagingDER /Users/runner/Library/Developer/Xcode/DerivedData/PhoneCleaner-dcdzrjknxopvksduvixuduaydjkh/Build/Intermediates.noindex/ArchiveIntermediates/PhoneCleaner/IntermediateBuildFilesPath/PhoneCleaner.build/Release-iphoneos/PhoneCleaner.build/PhoneCleaner.app.xcent /Users/runner/Library/Developer/Xcode/DerivedData/PhoneCleaner-dcdzrjknxopvksduvixuduaydjkh/Build/Intermediates.noindex/ArchiveIntermediates/PhoneCleaner/IntermediateBuildFilesPath/PhoneCleaner.build/Release-iphoneos/PhoneCleaner.build/PhoneCleaner.app.xcent.der (in target 'PhoneCleaner' from project 'PhoneCleaner')
    cd /Users/runner/work/Album_Clean/Album_Clean
    /usr/bin/derq query -f xml -i /Users/runner/Library/Developer/Xcode/DerivedData/PhoneCleaner-dcdzrjknxopvksduvixuduaydjkh/Build/Intermediates.noindex/ArchiveIntermediates/PhoneCleaner/IntermediateBuildFilesPath/PhoneCleaner.build/Release-iphoneos/PhoneCleaner.build/PhoneCleaner.app.xcent -o /Users/runner/Library/Developer/Xcode/DerivedData/PhoneCleaner-dcdzrjknxopvksduvixuduaydjkh/Build/Intermediates.noindex/ArchiveIntermediates/PhoneCleaner/IntermediateBuildFilesPath/PhoneCleaner.build/Release-iphoneos/PhoneCleaner.build/PhoneCleaner.app.xcent.der --raw

ScanDependencies /Users/runner/Library/Developer/Xcode/DerivedData/PhoneCleaner-dcdzrjknxopvksduvixuduaydjkh/Build/Intermediates.noindex/ArchiveIntermediates/PhoneCleaner/IntermediateBuildFilesPath/Pods.build/Release-iphoneos/Pods-PhoneCleaner.build/Objects-normal/arm64/Pods_PhoneCleaner_vers.o /Users/runner/Library/Developer/Xcode/DerivedData/PhoneCleaner-dcdzrjknxopvksduvixuduaydjkh/Build/Intermediates.noindex/ArchiveIntermediates/PhoneCleaner/IntermediateBuildFilesPath/Pods.build/Release-iphoneos/Pods-PhoneCleaner.build/DerivedSources/Pods_PhoneCleaner_vers.c normal arm64 c com.apple.compilers.llvm.clang.1_0.compiler (in target 'Pods-PhoneCleaner' from project 'Pods')
    cd /Users/runner/work/Album_Clean/Album_Clean/Pods
    
    Using response file: /Users/runner/Library/Developer/Xcode/DerivedData/PhoneCleaner-dcdzrjknxopvksduvixuduaydjkh/Build/Intermediates.noindex/ArchiveIntermediates/PhoneCleaner/IntermediateBuildFilesPath/Pods.build/Release-iphoneos/Pods-PhoneCleaner.build/Objects-normal/arm64/7187679823f38a2a940e0043cdf9d637-common-args.resp
    
    builtin-ScanDependencies -o /Users/runner/Library/Developer/Xcode/DerivedData/PhoneCleaner-dcdzrjknxopvksduvixuduaydjkh/Build/Intermediates.noindex/ArchiveIntermediates/PhoneCleaner/IntermediateBuildFilesPath/Pods.build/Release-iphoneos/Pods-PhoneCleaner.build/Objects-normal/arm64/Pods_PhoneCleaner_vers.o.scan -- /Applications/Xcode_26.3.app/Contents/Developer/Toolchains/XcodeDefault.xctoolchain/usr/bin/clang -x c -ivfsstatcache /Users/runner/Library/Developer/Xcode/DerivedData/SDKStatCaches.noindex/iphoneos26.2-23C57-dc75598d0054f22ec865fa860f139d722dd23b4ebda140f7210d155ff1243552.sdkstatcache -fmessage-length\=0 -fdiagnostics-show-note-include-stack -fmacro-backtrace-limit\=0 -fno-color-diagnostics -fmodules-prune-interval\=86400 -fmodules-prune-after\=345600 -fbuild-session-file\=/Users/runner/Library/Developer/Xcode/DerivedData/ModuleCache.noindex/Session.modulevalidation -fmodules-validate-once-per-build-session -Wnon-modular-include-in-framework-module -Werror\=non-modular-include-in-framework-module -Wno-trigraphs -Wno-missing-field-initializers -Wno-missing-prototypes -Werror\=return-type -Wdocumentation -Wunreachable-code -Werror\=deprecated-objc-isa-usage -Werror\=objc-root-class -Wno-missing-braces -Wparentheses -Wswitch -Wunused-function -Wno-unused-label -Wno-unused-parameter -Wunused-variable -Wunused-value -Wempty-body -Wuninitialized -Wconditional-uninitialized -Wno-unknown-pragmas -Wno-shadow -Wno-four-char-constants -Wno-conversion -Wconstant-conversion -Wint-conversion -Wbool-conversion -Wenum-conversion -Wno-float-conversion -Wnon-literal-null-conversion -Wobjc-literal-conversion -Wshorten-64-to-32 -Wpointer-sign -Wno-newline-eof -Wno-implicit-fallthrough -fstrict-aliasing -Wdeprecated-declarations -Wno-sign-conversion -Winfinite-recursion -Wcomma -Wblock-capture-autoreleasing -Wstrict-prototypes -Wno-semicolon-before-method-body -Wunguarded-availability @/Users/runner/Library/Developer/Xcode/DerivedData/PhoneCleaner-dcdzrjknxopvksduvixuduaydjkh/Build/Intermediates.noindex/ArchiveIntermediates/PhoneCleaner/IntermediateBuildFilesPath/Pods.build/Release-iphoneos/Pods-PhoneCleaner.build/Objects-normal/arm64/7187679823f38a2a940e0043cdf9d637-common-args.resp -MMD -MT dependencies -MF /Users/runner/Library/Developer/Xcode/DerivedData/PhoneCleaner-dcdzrjknxopvksduvixuduaydjkh/Build/Intermediates.noindex/ArchiveIntermediates/PhoneCleaner/IntermediateBuildFilesPath/Pods.build/Release-iphoneos/Pods-PhoneCleaner.build/Objects-normal/arm64/Pods_PhoneCleaner_vers.d --serialize-diagnostics /Users/runner/Library/Developer/Xcode/DerivedData/PhoneCleaner-dcdzrjknxopvksduvixuduaydjkh/Build/Intermediates.noindex/ArchiveIntermediates/PhoneCleaner/IntermediateBuildFilesPath/Pods.build/Release-iphoneos/Pods-PhoneCleaner.build/Objects-normal/arm64/Pods_PhoneCleaner_vers.dia -c /Users/runner/Library/Developer/Xcode/DerivedData/PhoneCleaner-dcdzrjknxopvksduvixuduaydjkh/Build/Intermediates.noindex/ArchiveIntermediates/PhoneCleaner/IntermediateBuildFilesPath/Pods.build/Release-iphoneos/Pods-PhoneCleaner.build/DerivedSources/Pods_PhoneCleaner_vers.c -o /Users/runner/Library/Developer/Xcode/DerivedData/PhoneCleaner-dcdzrjknxopvksduvixuduaydjkh/Build/Intermediates.noindex/ArchiveIntermediates/PhoneCleaner/IntermediateBuildFilesPath/Pods.build/Release-iphoneos/Pods-PhoneCleaner.build/Objects-normal/arm64/Pods_PhoneCleaner_vers.o

ScanDependencies /Users/runner/Library/Developer/Xcode/DerivedData/PhoneCleaner-dcdzrjknxopvksduvixuduaydjkh/Build/Intermediates.noindex/ArchiveIntermediates/PhoneCleaner/IntermediateBuildFilesPath/Pods.build/Release-iphoneos/Pods-PhoneCleaner.build/Objects-normal/arm64/Pods-PhoneCleaner-dummy.o /Users/runner/work/Album_Clean/Album_Clean/Pods/Target\ Support\ Files/Pods-PhoneCleaner/Pods-PhoneCleaner-dummy.m normal arm64 objective-c com.apple.compilers.llvm.clang.1_0.compiler (in target 'Pods-PhoneCleaner' from project 'Pods')
    cd /Users/runner/work/Album_Clean/Album_Clean/Pods
    
    Using response file: /Users/runner/Library/Developer/Xcode/DerivedData/PhoneCleaner-dcdzrjknxopvksduvixuduaydjkh/Build/Intermediates.noindex/ArchiveIntermediates/PhoneCleaner/IntermediateBuildFilesPath/Pods.build/Release-iphoneos/Pods-PhoneCleaner.build/Objects-normal/arm64/e6072d4f65d7061329687fe24e3d63a7-common-args.resp
    
    builtin-ScanDependencies -o /Users/runner/Library/Developer/Xcode/DerivedData/PhoneCleaner-dcdzrjknxopvksduvixuduaydjkh/Build/Intermediates.noindex/ArchiveIntermediates/PhoneCleaner/IntermediateBuildFilesPath/Pods.build/Release-iphoneos/Pods-PhoneCleaner.build/Objects-normal/arm64/Pods-PhoneCleaner-dummy.o.scan -- /Applications/Xcode_26.3.app/Contents/Developer/Toolchains/XcodeDefault.xctoolchain/usr/bin/clang -x objective-c -ivfsstatcache /Users/runner/Library/Developer/Xcode/DerivedData/SDKStatCaches.noindex/iphoneos26.2-23C57-dc75598d0054f22ec865fa860f139d722dd23b4ebda140f7210d155ff1243552.sdkstatcache -fmessage-length\=0 -fdiagnostics-show-note-include-stack -fmacro-backtrace-limit\=0 -fno-color-diagnostics -fmodules-prune-interval\=86400 -fmodules-prune-after\=345600 -fbuild-session-file\=/Users/runner/Library/Developer/Xcode/DerivedData/ModuleCache.noindex/Session.modulevalidation -fmodules-validate-once-per-build-session -Wnon-modular-include-in-framework-module -Werror\=non-modular-include-in-framework-module -Wno-trigraphs -Wno-missing-field-initializers -Wno-missing-prototypes -Werror\=return-type -Wdocumentation -Wunreachable-code -Wno-implicit-atomic-properties -Werror\=deprecated-objc-isa-usage -Wno-objc-interface-ivars -Werror\=objc-root-class -Wno-arc-repeated-use-of-weak -Wimplicit-retain-self -Wduplicate-method-match -Wno-missing-braces -Wparentheses -Wswitch -Wunused-function -Wno-unused-label -Wno-unused-parameter -Wunused-variable -Wunused-value -Wempty-body -Wuninitialized -Wconditional-uninitialized -Wno-unknown-pragmas -Wno-shadow -Wno-four-char-constants -Wno-conversion -Wconstant-conversion -Wint-conversion -Wbool-conversion -Wenum-conversion -Wno-float-conversion -Wnon-literal-null-conversion -Wobjc-literal-conversion -Wshorten-64-to-32 -Wpointer-sign -Wno-newline-eof -Wno-selector -Wno-strict-selector-match -Wundeclared-selector -Wdeprecated-implementations -Wno-implicit-fallthrough -fstrict-aliasing -Wprotocol -Wdeprecated-declarations -Wno-sign-conversion -Winfinite-recursion -Wcomma -Wblock-capture-autoreleasing -Wstrict-prototypes -Wno-semicolon-before-method-body -Wunguarded-availability @/Users/runner/Library/Developer/Xcode/DerivedData/PhoneCleaner-dcdzrjknxopvksduvixuduaydjkh/Build/Intermediates.noindex/ArchiveIntermediates/PhoneCleaner/IntermediateBuildFilesPath/Pods.build/Release-iphoneos/Pods-PhoneCleaner.build/Objects-normal/arm64/e6072d4f65d7061329687fe24e3d63a7-common-args.resp -MMD -MT dependencies -MF /Users/runner/Library/Developer/Xcode/DerivedData/PhoneCleaner-dcdzrjknxopvksduvixuduaydjkh/Build/Intermediates.noindex/ArchiveIntermediates/PhoneCleaner/IntermediateBuildFilesPath/Pods.build/Release-iphoneos/Pods-PhoneCleaner.build/Objects-normal/arm64/Pods-PhoneCleaner-dummy.d --serialize-diagnostics /Users/runner/Library/Developer/Xcode/DerivedData/PhoneCleaner-dcdzrjknxopvksduvixuduaydjkh/Build/Intermediates.noindex/ArchiveIntermediates/PhoneCleaner/IntermediateBuildFilesPath/Pods.build/Release-iphoneos/Pods-PhoneCleaner.build/Objects-normal/arm64/Pods-PhoneCleaner-dummy.dia -c /Users/runner/work/Album_Clean/Album_Clean/Pods/Target\ Support\ Files/Pods-PhoneCleaner/Pods-PhoneCleaner-dummy.m -o /Users/runner/Library/Developer/Xcode/DerivedData/PhoneCleaner-dcdzrjknxopvksduvixuduaydjkh/Build/Intermediates.noindex/ArchiveIntermediates/PhoneCleaner/IntermediateBuildFilesPath/Pods.build/Release-iphoneos/Pods-PhoneCleaner.build/Objects-normal/arm64/Pods-PhoneCleaner-dummy.o

CompileC /Users/runner/Library/Developer/Xcode/DerivedData/PhoneCleaner-dcdzrjknxopvksduvixuduaydjkh/Build/Intermediates.noindex/ArchiveIntermediates/PhoneCleaner/IntermediateBuildFilesPath/Pods.build/Release-iphoneos/Pods-PhoneCleaner.build/Objects-normal/arm64/Pods_PhoneCleaner_vers.o /Users/runner/Library/Developer/Xcode/DerivedData/PhoneCleaner-dcdzrjknxopvksduvixuduaydjkh/Build/Intermediates.noindex/ArchiveIntermediates/PhoneCleaner/IntermediateBuildFilesPath/Pods.build/Release-iphoneos/Pods-PhoneCleaner.build/DerivedSources/Pods_PhoneCleaner_vers.c normal arm64 c com.apple.compilers.llvm.clang.1_0.compiler (in target 'Pods-PhoneCleaner' from project 'Pods')
    cd /Users/runner/work/Album_Clean/Album_Clean/Pods
    
    Using response file: /Users/runner/Library/Developer/Xcode/DerivedData/PhoneCleaner-dcdzrjknxopvksduvixuduaydjkh/Build/Intermediates.noindex/ArchiveIntermediates/PhoneCleaner/IntermediateBuildFilesPath/Pods.build/Release-iphoneos/Pods-PhoneCleaner.build/Objects-normal/arm64/7187679823f38a2a940e0043cdf9d637-common-args.resp
    
    /Applications/Xcode_26.3.app/Contents/Developer/Toolchains/XcodeDefault.xctoolchain/usr/bin/clang -x c -ivfsstatcache /Users/runner/Library/Developer/Xcode/DerivedData/SDKStatCaches.noindex/iphoneos26.2-23C57-dc75598d0054f22ec865fa860f139d722dd23b4ebda140f7210d155ff1243552.sdkstatcache -fmessage-length\=0 -fdiagnostics-show-note-include-stack -fmacro-backtrace-limit\=0 -fno-color-diagnostics -fmodules-prune-interval\=86400 -fmodules-prune-after\=345600 -fbuild-session-file\=/Users/runner/Library/Developer/Xcode/DerivedData/ModuleCache.noindex/Session.modulevalidation -fmodules-validate-once-per-build-session -Wnon-modular-include-in-framework-module -Werror\=non-modular-include-in-framework-module -Wno-trigraphs -Wno-missing-field-initializers -Wno-missing-prototypes -Werror\=return-type -Wdocumentation -Wunreachable-code -Werror\=deprecated-objc-isa-usage -Werror\=objc-root-class -Wno-missing-braces -Wparentheses -Wswitch -Wunused-function -Wno-unused-label -Wno-unused-parameter -Wunused-variable -Wunused-value -Wempty-body -Wuninitialized -Wconditional-uninitialized -Wno-unknown-pragmas -Wno-shadow -Wno-four-char-constants -Wno-conversion -Wconstant-conversion -Wint-conversion -Wbool-conversion -Wenum-conversion -Wno-float-conversion -Wnon-literal-null-conversion -Wobjc-literal-conversion -Wshorten-64-to-32 -Wpointer-sign -Wno-newline-eof -Wno-implicit-fallthrough -fstrict-aliasing -Wdeprecated-declarations -Wno-sign-conversion -Winfinite-recursion -Wcomma -Wblock-capture-autoreleasing -Wstrict-prototypes -Wno-semicolon-before-method-body -Wunguarded-availability @/Users/runner/Library/Developer/Xcode/DerivedData/PhoneCleaner-dcdzrjknxopvksduvixuduaydjkh/Build/Intermediates.noindex/ArchiveIntermediates/PhoneCleaner/IntermediateBuildFilesPath/Pods.build/Release-iphoneos/Pods-PhoneCleaner.build/Objects-normal/arm64/7187679823f38a2a940e0043cdf9d637-common-args.resp -MMD -MT dependencies -MF /Users/runner/Library/Developer/Xcode/DerivedData/PhoneCleaner-dcdzrjknxopvksduvixuduaydjkh/Build/Intermediates.noindex/ArchiveIntermediates/PhoneCleaner/IntermediateBuildFilesPath/Pods.build/Release-iphoneos/Pods-PhoneCleaner.build/Objects-normal/arm64/Pods_PhoneCleaner_vers.d --serialize-diagnostics /Users/runner/Library/Developer/Xcode/DerivedData/PhoneCleaner-dcdzrjknxopvksduvixuduaydjkh/Build/Intermediates.noindex/ArchiveIntermediates/PhoneCleaner/IntermediateBuildFilesPath/Pods.build/Release-iphoneos/Pods-PhoneCleaner.build/Objects-normal/arm64/Pods_PhoneCleaner_vers.dia -c /Users/runner/Library/Developer/Xcode/DerivedData/PhoneCleaner-dcdzrjknxopvksduvixuduaydjkh/Build/Intermediates.noindex/ArchiveIntermediates/PhoneCleaner/IntermediateBuildFilesPath/Pods.build/Release-iphoneos/Pods-PhoneCleaner.build/DerivedSources/Pods_PhoneCleaner_vers.c -o /Users/runner/Library/Developer/Xcode/DerivedData/PhoneCleaner-dcdzrjknxopvksduvixuduaydjkh/Build/Intermediates.noindex/ArchiveIntermediates/PhoneCleaner/IntermediateBuildFilesPath/Pods.build/Release-iphoneos/Pods-PhoneCleaner.build/Objects-normal/arm64/Pods_PhoneCleaner_vers.o

CompileC /Users/runner/Library/Developer/Xcode/DerivedData/PhoneCleaner-dcdzrjknxopvksduvixuduaydjkh/Build/Intermediates.noindex/ArchiveIntermediates/PhoneCleaner/IntermediateBuildFilesPath/Pods.build/Release-iphoneos/PlusKit.build/Objects-normal/arm64/PlusKit_vers.o /Users/runner/Library/Developer/Xcode/DerivedData/PhoneCleaner-dcdzrjknxopvksduvixuduaydjkh/Build/Intermediates.noindex/ArchiveIntermediates/PhoneCleaner/IntermediateBuildFilesPath/Pods.build/Release-iphoneos/PlusKit.build/DerivedSources/PlusKit_vers.c normal arm64 c com.apple.compilers.llvm.clang.1_0.compiler (in target 'PlusKit' from project 'Pods')
    cd /Users/runner/work/Album_Clean/Album_Clean/Pods
    
    Using response file: /Users/runner/Library/Developer/Xcode/DerivedData/PhoneCleaner-dcdzrjknxopvksduvixuduaydjkh/Build/Intermediates.noindex/ArchiveIntermediates/PhoneCleaner/IntermediateBuildFilesPath/Pods.build/Release-iphoneos/PlusKit.build/Objects-normal/arm64/7187679823f38a2a940e0043cdf9d637-common-args.resp
    
    /Applications/Xcode_26.3.app/Contents/Developer/Toolchains/XcodeDefault.xctoolchain/usr/bin/clang -x c -ivfsstatcache /Users/runner/Library/Developer/Xcode/DerivedData/SDKStatCaches.noindex/iphoneos26.2-23C57-dc75598d0054f22ec865fa860f139d722dd23b4ebda140f7210d155ff1243552.sdkstatcache -fmessage-length\=0 -fdiagnostics-show-note-include-stack -fmacro-backtrace-limit\=0 -fno-color-diagnostics -fmodules-prune-interval\=86400 -fmodules-prune-after\=345600 -fbuild-session-file\=/Users/runner/Library/Developer/Xcode/DerivedData/ModuleCache.noindex/Session.modulevalidation -fmodules-validate-once-per-build-session -Wnon-modular-include-in-framework-module -Werror\=non-modular-include-in-framework-module -Wno-trigraphs -Wno-missing-field-initializers -Wno-missing-prototypes -Werror\=return-type -Wdocumentation -Wunreachable-code -Werror\=deprecated-objc-isa-usage -Werror\=objc-root-class -Wno-missing-braces -Wparentheses -Wswitch -Wunused-function -Wno-unused-label -Wno-unused-parameter -Wunused-variable -Wunused-value -Wempty-body -Wuninitialized -Wconditional-uninitialized -Wno-unknown-pragmas -Wno-shadow -Wno-four-char-constants -Wno-conversion -Wconstant-conversion -Wint-conversion -Wbool-conversion -Wenum-conversion -Wno-float-conversion -Wnon-literal-null-conversion -Wobjc-literal-conversion -Wshorten-64-to-32 -Wpointer-sign -Wno-newline-eof -Wno-implicit-fallthrough -fstrict-aliasing -Wdeprecated-declarations -Wno-sign-conversion -Winfinite-recursion -Wcomma -Wblock-capture-autoreleasing -Wstrict-prototypes -Wno-semicolon-before-method-body -Wunguarded-availability @/Users/runner/Library/Developer/Xcode/DerivedData/PhoneCleaner-dcdzrjknxopvksduvixuduaydjkh/Build/Intermediates.noindex/ArchiveIntermediates/PhoneCleaner/IntermediateBuildFilesPath/Pods.build/Release-iphoneos/PlusKit.build/Objects-normal/arm64/7187679823f38a2a940e0043cdf9d637-common-args.resp -MMD -MT dependencies -MF /Users/runner/Library/Developer/Xcode/DerivedData/PhoneCleaner-dcdzrjknxopvksduvixuduaydjkh/Build/Intermediates.noindex/ArchiveIntermediates/PhoneCleaner/IntermediateBuildFilesPath/Pods.build/Release-iphoneos/PlusKit.build/Objects-normal/arm64/PlusKit_vers.d --serialize-diagnostics /Users/runner/Library/Developer/Xcode/DerivedData/PhoneCleaner-dcdzrjknxopvksduvixuduaydjkh/Build/Intermediates.noindex/ArchiveIntermediates/PhoneCleaner/IntermediateBuildFilesPath/Pods.build/Release-iphoneos/PlusKit.build/Objects-normal/arm64/PlusKit_vers.dia -c /Users/runner/Library/Developer/Xcode/DerivedData/PhoneCleaner-dcdzrjknxopvksduvixuduaydjkh/Build/Intermediates.noindex/ArchiveIntermediates/PhoneCleaner/IntermediateBuildFilesPath/Pods.build/Release-iphoneos/PlusKit.build/DerivedSources/PlusKit_vers.c -o /Users/runner/Library/Developer/Xcode/DerivedData/PhoneCleaner-dcdzrjknxopvksduvixuduaydjkh/Build/Intermediates.noindex/ArchiveIntermediates/PhoneCleaner/IntermediateBuildFilesPath/Pods.build/Release-iphoneos/PlusKit.build/Objects-normal/arm64/PlusKit_vers.o

PrecompileModule /Users/runner/Library/Developer/Xcode/DerivedData/PhoneCleaner-dcdzrjknxopvksduvixuduaydjkh/Build/Intermediates.noindex/ArchiveIntermediates/PhoneCleaner/IntermediateBuildFilesPath/ExplicitPrecompiledModules/_AvailabilityInternal-2XCXSXY00GQ4V61KREXNYTETT.scan
    cd /
    builtin-precompileModule /Users/runner/Library/Developer/Xcode/DerivedData/PhoneCleaner-dcdzrjknxopvksduvixuduaydjkh/Build/Intermediates.noindex/ArchiveIntermediates/PhoneCleaner/IntermediateBuildFilesPath/ExplicitPrecompiledModules/_AvailabilityInternal-2XCXSXY00GQ4V61KREXNYTETT.scan

PrecompileModule /Users/runner/Library/Developer/Xcode/DerivedData/PhoneCleaner-dcdzrjknxopvksduvixuduaydjkh/Build/Intermediates.noindex/ArchiveIntermediates/PhoneCleaner/IntermediateBuildFilesPath/ExplicitPrecompiledModules/_Builtin_float-1FW716MAN8D8UAYG9NI59N566.scan
    cd /
    builtin-precompileModule /Users/runner/Library/Developer/Xcode/DerivedData/PhoneCleaner-dcdzrjknxopvksduvixuduaydjkh/Build/Intermediates.noindex/ArchiveIntermediates/PhoneCleaner/IntermediateBuildFilesPath/ExplicitPrecompiledModules/_Builtin_float-1FW716MAN8D8UAYG9NI59N566.scan

PrecompileModule /Users/runner/Library/Developer/Xcode/DerivedData/PhoneCleaner-dcdzrjknxopvksduvixuduaydjkh/Build/Intermediates.noindex/ArchiveIntermediates/PhoneCleaner/IntermediateBuildFilesPath/ExplicitPrecompiledModules/ptrcheck-8LYT85V82KBSNWUWF1GCDFK13.scan
    cd /
    builtin-precompileModule /Users/runner/Library/Developer/Xcode/DerivedData/PhoneCleaner-dcdzrjknxopvksduvixuduaydjkh/Build/Intermediates.noindex/ArchiveIntermediates/PhoneCleaner/IntermediateBuildFilesPath/ExplicitPrecompiledModules/ptrcheck-8LYT85V82KBSNWUWF1GCDFK13.scan

PrecompileModule /Users/runner/Library/Developer/Xcode/DerivedData/PhoneCleaner-dcdzrjknxopvksduvixuduaydjkh/Build/Intermediates.noindex/ArchiveIntermediates/PhoneCleaner/IntermediateBuildFilesPath/ExplicitPrecompiledModules/_Builtin_stdarg-7X16U7MQ5OV3IIN4MQIBAFOBX.scan
    cd /
    builtin-precompileModule /Users/runner/Library/Developer/Xcode/DerivedData/PhoneCleaner-dcdzrjknxopvksduvixuduaydjkh/Build/Intermediates.noindex/ArchiveIntermediates/PhoneCleaner/IntermediateBuildFilesPath/ExplicitPrecompiledModules/_Builtin_stdarg-7X16U7MQ5OV3IIN4MQIBAFOBX.scan

PrecompileModule /Users/runner/Library/Developer/Xcode/DerivedData/PhoneCleaner-dcdzrjknxopvksduvixuduaydjkh/Build/Intermediates.noindex/ArchiveIntermediates/PhoneCleaner/IntermediateBuildFilesPath/ExplicitPrecompiledModules/_Builtin_stddef-AYR0NQ8EI9C9PBOLQPODAZB3P.scan
    cd /
    builtin-precompileModule /Users/runner/Library/Developer/Xcode/DerivedData/PhoneCleaner-dcdzrjknxopvksduvixuduaydjkh/Build/Intermediates.noindex/ArchiveIntermediates/PhoneCleaner/IntermediateBuildFilesPath/ExplicitPrecompiledModules/_Builtin_stddef-AYR0NQ8EI9C9PBOLQPODAZB3P.scan

PrecompileModule /Users/runner/Library/Developer/Xcode/DerivedData/PhoneCleaner-dcdzrjknxopvksduvixuduaydjkh/Build/Intermediates.noindex/ArchiveIntermediates/PhoneCleaner/IntermediateBuildFilesPath/ExplicitPrecompiledModules/_DarwinFoundation1-3029POL6KMMK2UNZQBMSE60P2.scan
    cd /
    builtin-precompileModule /Users/runner/Library/Developer/Xcode/DerivedData/PhoneCleaner-dcdzrjknxopvksduvixuduaydjkh/Build/Intermediates.noindex/ArchiveIntermediates/PhoneCleaner/IntermediateBuildFilesPath/ExplicitPrecompiledModules/_DarwinFoundation1-3029POL6KMMK2UNZQBMSE60P2.scan

PrecompileModule /Users/runner/Library/Developer/Xcode/DerivedData/PhoneCleaner-dcdzrjknxopvksduvixuduaydjkh/Build/Intermediates.noindex/ArchiveIntermediates/PhoneCleaner/IntermediateBuildFilesPath/ExplicitPrecompiledModules/ptrauth-CWXPAOK9L2TY74QRQM73AA5F2.scan
    cd /
    builtin-precompileModule /Users/runner/Library/Developer/Xcode/DerivedData/PhoneCleaner-dcdzrjknxopvksduvixuduaydjkh/Build/Intermediates.noindex/ArchiveIntermediates/PhoneCleaner/IntermediateBuildFilesPath/ExplicitPrecompiledModules/ptrauth-CWXPAOK9L2TY74QRQM73AA5F2.scan

PrecompileModule /Users/runner/Library/Developer/Xcode/DerivedData/PhoneCleaner-dcdzrjknxopvksduvixuduaydjkh/Build/Intermediates.noindex/ArchiveIntermediates/PhoneCleaner/IntermediateBuildFilesPath/ExplicitPrecompiledModules/_Builtin_stdbool-7CFS2T6AHBUY0S9IB8E4TUV2Z.scan
    cd /
    builtin-precompileModule /Users/runner/Library/Developer/Xcode/DerivedData/PhoneCleaner-dcdzrjknxopvksduvixuduaydjkh/Build/Intermediates.noindex/ArchiveIntermediates/PhoneCleaner/IntermediateBuildFilesPath/ExplicitPrecompiledModules/_Builtin_stdbool-7CFS2T6AHBUY0S9IB8E4TUV2Z.scan

PrecompileModule /Users/runner/Library/Developer/Xcode/DerivedData/PhoneCleaner-dcdzrjknxopvksduvixuduaydjkh/Build/Intermediates.noindex/ArchiveIntermediates/PhoneCleaner/IntermediateBuildFilesPath/ExplicitPrecompiledModules/_DarwinFoundation2-AE4MZQJWLS8PMB0A2SFB580JV.scan
    cd /
    builtin-precompileModule /Users/runner/Library/Developer/Xcode/DerivedData/PhoneCleaner-dcdzrjknxopvksduvixuduaydjkh/Build/Intermediates.noindex/ArchiveIntermediates/PhoneCleaner/IntermediateBuildFilesPath/ExplicitPrecompiledModules/_DarwinFoundation2-AE4MZQJWLS8PMB0A2SFB580JV.scan

PrecompileModule /Users/runner/Library/Developer/Xcode/DerivedData/PhoneCleaner-dcdzrjknxopvksduvixuduaydjkh/Build/Intermediates.noindex/ArchiveIntermediates/PhoneCleaner/IntermediateBuildFilesPath/ExplicitPrecompiledModules/_Builtin_limits-CWGBON35SKG52AL3CCJGX3BQD.scan
    cd /
    builtin-precompileModule /Users/runner/Library/Developer/Xcode/DerivedData/PhoneCleaner-dcdzrjknxopvksduvixuduaydjkh/Build/Intermediates.noindex/ArchiveIntermediates/PhoneCleaner/IntermediateBuildFilesPath/ExplicitPrecompiledModules/_Builtin_limits-CWGBON35SKG52AL3CCJGX3BQD.scan

PrecompileModule /Users/runner/Library/Developer/Xcode/DerivedData/PhoneCleaner-dcdzrjknxopvksduvixuduaydjkh/Build/Intermediates.noindex/ArchiveIntermediates/PhoneCleaner/IntermediateBuildFilesPath/ExplicitPrecompiledModules/_Builtin_stdarg-69CEDW076CJ3UHA6GWM3QRTL7.scan
    cd /
    builtin-precompileModule /Users/runner/Library/Developer/Xcode/DerivedData/PhoneCleaner-dcdzrjknxopvksduvixuduaydjkh/Build/Intermediates.noindex/ArchiveIntermediates/PhoneCleaner/IntermediateBuildFilesPath/ExplicitPrecompiledModules/_Builtin_stdarg-69CEDW076CJ3UHA6GWM3QRTL7.scan

PrecompileModule /Users/runner/Library/Developer/Xcode/DerivedData/PhoneCleaner-dcdzrjknxopvksduvixuduaydjkh/Build/Intermediates.noindex/ArchiveIntermediates/PhoneCleaner/IntermediateBuildFilesPath/ExplicitPrecompiledModules/_Builtin_stddef-3GDQA42JAV0L1EYC1SF9DFL4.scan
    cd /
    builtin-precompileModule /Users/runner/Library/Developer/Xcode/DerivedData/PhoneCleaner-dcdzrjknxopvksduvixuduaydjkh/Build/Intermediates.noindex/ArchiveIntermediates/PhoneCleaner/IntermediateBuildFilesPath/ExplicitPrecompiledModules/_Builtin_stddef-3GDQA42JAV0L1EYC1SF9DFL4.scan

PrecompileModule /Users/runner/Library/Developer/Xcode/DerivedData/PhoneCleaner-dcdzrjknxopvksduvixuduaydjkh/Build/Intermediates.noindex/ArchiveIntermediates/PhoneCleaner/IntermediateBuildFilesPath/ExplicitPrecompiledModules/_Builtin_float-7TABNBAX80AUU7ZLCJID5O3SE.scan
    cd /
    builtin-precompileModule /Users/runner/Library/Developer/Xcode/DerivedData/PhoneCleaner-dcdzrjknxopvksduvixuduaydjkh/Build/Intermediates.noindex/ArchiveIntermediates/PhoneCleaner/IntermediateBuildFilesPath/ExplicitPrecompiledModules/_Builtin_float-7TABNBAX80AUU7ZLCJID5O3SE.scan

PrecompileModule /Users/runner/Library/Developer/Xcode/DerivedData/PhoneCleaner-dcdzrjknxopvksduvixuduaydjkh/Build/Intermediates.noindex/ArchiveIntermediates/PhoneCleaner/IntermediateBuildFilesPath/ExplicitPrecompiledModules/_Builtin_stdint-3YOFNT4458GEBCQSU5S0RIDVT.scan
    cd /
    builtin-precompileModule /Users/runner/Library/Developer/Xcode/DerivedData/PhoneCleaner-dcdzrjknxopvksduvixuduaydjkh/Build/Intermediates.noindex/ArchiveIntermediates/PhoneCleaner/IntermediateBuildFilesPath/ExplicitPrecompiledModules/_Builtin_stdint-3YOFNT4458GEBCQSU5S0RIDVT.scan

PrecompileModule /Users/runner/Library/Developer/Xcode/DerivedData/PhoneCleaner-dcdzrjknxopvksduvixuduaydjkh/Build/Intermediates.noindex/ArchiveIntermediates/PhoneCleaner/IntermediateBuildFilesPath/ExplicitPrecompiledModules/_AvailabilityInternal-57G06GRM876XLCLD29ABSL8NX.scan
    cd /
    builtin-precompileModule /Users/runner/Library/Developer/Xcode/DerivedData/PhoneCleaner-dcdzrjknxopvksduvixuduaydjkh/Build/Intermediates.noindex/ArchiveIntermediates/PhoneCleaner/IntermediateBuildFilesPath/ExplicitPrecompiledModules/_AvailabilityInternal-57G06GRM876XLCLD29ABSL8NX.scan

PrecompileModule /Users/runner/Library/Developer/Xcode/DerivedData/PhoneCleaner-dcdzrjknxopvksduvixuduaydjkh/Build/Intermediates.noindex/ArchiveIntermediates/PhoneCleaner/IntermediateBuildFilesPath/ExplicitPrecompiledModules/ptrcheck-E04AH2BN19J3UWI3B69NX1AGH.scan
    cd /
    builtin-precompileModule /Users/runner/Library/Developer/Xcode/DerivedData/PhoneCleaner-dcdzrjknxopvksduvixuduaydjkh/Build/Intermediates.noindex/ArchiveIntermediates/PhoneCleaner/IntermediateBuildFilesPath/ExplicitPrecompiledModules/ptrcheck-E04AH2BN19J3UWI3B69NX1AGH.scan

PrecompileModule /Users/runner/Library/Developer/Xcode/DerivedData/PhoneCleaner-dcdzrjknxopvksduvixuduaydjkh/Build/Intermediates.noindex/ArchiveIntermediates/PhoneCleaner/IntermediateBuildFilesPath/ExplicitPrecompiledModules/_Builtin_stdbool-CIO3E5KBW7YGB3BGDKVOWERB1.scan
    cd /
    builtin-precompileModule /Users/runner/Library/Developer/Xcode/DerivedData/PhoneCleaner-dcdzrjknxopvksduvixuduaydjkh/Build/Intermediates.noindex/ArchiveIntermediates/PhoneCleaner/IntermediateBuildFilesPath/ExplicitPrecompiledModules/_Builtin_stdbool-CIO3E5KBW7YGB3BGDKVOWERB1.scan

PrecompileModule /Users/runner/Library/Developer/Xcode/DerivedData/PhoneCleaner-dcdzrjknxopvksduvixuduaydjkh/Build/Intermediates.noindex/ArchiveIntermediates/PhoneCleaner/IntermediateBuildFilesPath/ExplicitPrecompiledModules/_DarwinFoundation3-8JFAQF9EBNBGFN4ASEA6S6Z72.scan
    cd /
    builtin-precompileModule /Users/runner/Library/Developer/Xcode/DerivedData/PhoneCleaner-dcdzrjknxopvksduvixuduaydjkh/Build/Intermediates.noindex/ArchiveIntermediates/PhoneCleaner/IntermediateBuildFilesPath/ExplicitPrecompiledModules/_DarwinFoundation3-8JFAQF9EBNBGFN4ASEA6S6Z72.scan

PrecompileModule /Users/runner/Library/Developer/Xcode/DerivedData/PhoneCleaner-dcdzrjknxopvksduvixuduaydjkh/Build/Intermediates.noindex/ArchiveIntermediates/PhoneCleaner/IntermediateBuildFilesPath/ExplicitPrecompiledModules/ptrauth-BYFTDBNX4FGZ2TCL8OSSA4RJL.scan
    cd /
    builtin-precompileModule /Users/runner/Library/Developer/Xcode/DerivedData/PhoneCleaner-dcdzrjknxopvksduvixuduaydjkh/Build/Intermediates.noindex/ArchiveIntermediates/PhoneCleaner/IntermediateBuildFilesPath/ExplicitPrecompiledModules/ptrauth-BYFTDBNX4FGZ2TCL8OSSA4RJL.scan

PrecompileModule /Users/runner/Library/Developer/Xcode/DerivedData/PhoneCleaner-dcdzrjknxopvksduvixuduaydjkh/Build/Intermediates.noindex/ArchiveIntermediates/PhoneCleaner/IntermediateBuildFilesPath/ExplicitPrecompiledModules/_DarwinFoundation1-691WGKNBHXPHDI1USQJQMDV9P.scan
    cd /
    builtin-precompileModule /Users/runner/Library/Developer/Xcode/DerivedData/PhoneCleaner-dcdzrjknxopvksduvixuduaydjkh/Build/Intermediates.noindex/ArchiveIntermediates/PhoneCleaner/IntermediateBuildFilesPath/ExplicitPrecompiledModules/_DarwinFoundation1-691WGKNBHXPHDI1USQJQMDV9P.scan

PrecompileModule /Users/runner/Library/Developer/Xcode/DerivedData/PhoneCleaner-dcdzrjknxopvksduvixuduaydjkh/Build/Intermediates.noindex/ArchiveIntermediates/PhoneCleaner/IntermediateBuildFilesPath/ExplicitPrecompiledModules/_Builtin_limits-B12035QAKK3KUBN5KT5JE6NM1.scan
    cd /
    builtin-precompileModule /Users/runner/Library/Developer/Xcode/DerivedData/PhoneCleaner-dcdzrjknxopvksduvixuduaydjkh/Build/Intermediates.noindex/ArchiveIntermediates/PhoneCleaner/IntermediateBuildFilesPath/ExplicitPrecompiledModules/_Builtin_limits-B12035QAKK3KUBN5KT5JE6NM1.scan

PrecompileModule /Users/runner/Library/Developer/Xcode/DerivedData/PhoneCleaner-dcdzrjknxopvksduvixuduaydjkh/Build/Intermediates.noindex/ArchiveIntermediates/PhoneCleaner/IntermediateBuildFilesPath/ExplicitPrecompiledModules/_DarwinFoundation2-2YHHCC15YYOSIHCWC9TCU35B7.scan
    cd /
    builtin-precompileModule /Users/runner/Library/Developer/Xcode/DerivedData/PhoneCleaner-dcdzrjknxopvksduvixuduaydjkh/Build/Intermediates.noindex/ArchiveIntermediates/PhoneCleaner/IntermediateBuildFilesPath/ExplicitPrecompiledModules/_DarwinFoundation2-2YHHCC15YYOSIHCWC9TCU35B7.scan

PrecompileModule /Users/runner/Library/Developer/Xcode/DerivedData/PhoneCleaner-dcdzrjknxopvksduvixuduaydjkh/Build/Intermediates.noindex/ArchiveIntermediates/PhoneCleaner/IntermediateBuildFilesPath/ExplicitPrecompiledModules/_Builtin_inttypes-8WIE5W1FJG281DUQRSK9J7QY9.scan
    cd /
    builtin-precompileModule /Users/runner/Library/Developer/Xcode/DerivedData/PhoneCleaner-dcdzrjknxopvksduvixuduaydjkh/Build/Intermediates.noindex/ArchiveIntermediates/PhoneCleaner/IntermediateBuildFilesPath/ExplicitPrecompiledModules/_Builtin_inttypes-8WIE5W1FJG281DUQRSK9J7QY9.scan

PrecompileModule /Users/runner/Library/Developer/Xcode/DerivedData/PhoneCleaner-dcdzrjknxopvksduvixuduaydjkh/Build/Intermediates.noindex/ArchiveIntermediates/PhoneCleaner/IntermediateBuildFilesPath/ExplicitPrecompiledModules/Darwin-CWQX1M9WKTPD0DEI1JMBL9NZA.scan
    cd /
    builtin-precompileModule /Users/runner/Library/Developer/Xcode/DerivedData/PhoneCleaner-dcdzrjknxopvksduvixuduaydjkh/Build/Intermediates.noindex/ArchiveIntermediates/PhoneCleaner/IntermediateBuildFilesPath/ExplicitPrecompiledModules/Darwin-CWQX1M9WKTPD0DEI1JMBL9NZA.scan

PrecompileModule /Users/runner/Library/Developer/Xcode/DerivedData/PhoneCleaner-dcdzrjknxopvksduvixuduaydjkh/Build/Intermediates.noindex/ArchiveIntermediates/PhoneCleaner/IntermediateBuildFilesPath/ExplicitPrecompiledModules/_Builtin_stdint-KNG9A9RSP8EVWHGY97RGJR4H.scan
    cd /
    builtin-precompileModule /Users/runner/Library/Developer/Xcode/DerivedData/PhoneCleaner-dcdzrjknxopvksduvixuduaydjkh/Build/Intermediates.noindex/ArchiveIntermediates/PhoneCleaner/IntermediateBuildFilesPath/ExplicitPrecompiledModules/_Builtin_stdint-KNG9A9RSP8EVWHGY97RGJR4H.scan

PrecompileModule /Users/runner/Library/Developer/Xcode/DerivedData/PhoneCleaner-dcdzrjknxopvksduvixuduaydjkh/Build/Intermediates.noindex/ArchiveIntermediates/PhoneCleaner/IntermediateBuildFilesPath/ExplicitPrecompiledModules/_DarwinFoundation3-BYEH1WS3GB8IDC4A6Y7K7DURN.scan
    cd /
    builtin-precompileModule /Users/runner/Library/Developer/Xcode/DerivedData/PhoneCleaner-dcdzrjknxopvksduvixuduaydjkh/Build/Intermediates.noindex/ArchiveIntermediates/PhoneCleaner/IntermediateBuildFilesPath/ExplicitPrecompiledModules/_DarwinFoundation3-BYEH1WS3GB8IDC4A6Y7K7DURN.scan

PrecompileModule /Users/runner/Library/Developer/Xcode/DerivedData/PhoneCleaner-dcdzrjknxopvksduvixuduaydjkh/Build/Intermediates.noindex/ArchiveIntermediates/PhoneCleaner/IntermediateBuildFilesPath/ExplicitPrecompiledModules/_Builtin_inttypes-6Z4YPL6BWNS2UQ7D26YRCU6KK.scan
    cd /
    builtin-precompileModule /Users/runner/Library/Developer/Xcode/DerivedData/PhoneCleaner-dcdzrjknxopvksduvixuduaydjkh/Build/Intermediates.noindex/ArchiveIntermediates/PhoneCleaner/IntermediateBuildFilesPath/ExplicitPrecompiledModules/_Builtin_inttypes-6Z4YPL6BWNS2UQ7D26YRCU6KK.scan

PrecompileModule /Users/runner/Library/Developer/Xcode/DerivedData/PhoneCleaner-dcdzrjknxopvksduvixuduaydjkh/Build/Intermediates.noindex/ArchiveIntermediates/PhoneCleaner/IntermediateBuildFilesPath/ExplicitPrecompiledModules/Darwin-5Y2XZFAUDSYNGBFESQFEHGRW6.scan
    cd /
    builtin-precompileModule /Users/runner/Library/Developer/Xcode/DerivedData/PhoneCleaner-dcdzrjknxopvksduvixuduaydjkh/Build/Intermediates.noindex/ArchiveIntermediates/PhoneCleaner/IntermediateBuildFilesPath/ExplicitPrecompiledModules/Darwin-5Y2XZFAUDSYNGBFESQFEHGRW6.scan

PrecompileModule /Users/runner/Library/Developer/Xcode/DerivedData/PhoneCleaner-dcdzrjknxopvksduvixuduaydjkh/Build/Intermediates.noindex/ArchiveIntermediates/PhoneCleaner/IntermediateBuildFilesPath/ExplicitPrecompiledModules/ObjectiveC-ECS1EPQOJM51DRG7ESLPRJE2N.scan
    cd /
    builtin-precompileModule /Users/runner/Library/Developer/Xcode/DerivedData/PhoneCleaner-dcdzrjknxopvksduvixuduaydjkh/Build/Intermediates.noindex/ArchiveIntermediates/PhoneCleaner/IntermediateBuildFilesPath/ExplicitPrecompiledModules/ObjectiveC-ECS1EPQOJM51DRG7ESLPRJE2N.scan

PrecompileModule /Users/runner/Library/Developer/Xcode/DerivedData/PhoneCleaner-dcdzrjknxopvksduvixuduaydjkh/Build/Intermediates.noindex/ArchiveIntermediates/PhoneCleaner/IntermediateBuildFilesPath/ExplicitPrecompiledModules/os_object-54PTKHPHE80MAY7YWHWTZRPXM.scan
    cd /
    builtin-precompileModule /Users/runner/Library/Developer/Xcode/DerivedData/PhoneCleaner-dcdzrjknxopvksduvixuduaydjkh/Build/Intermediates.noindex/ArchiveIntermediates/PhoneCleaner/IntermediateBuildFilesPath/ExplicitPrecompiledModules/os_object-54PTKHPHE80MAY7YWHWTZRPXM.scan

PrecompileModule /Users/runner/Library/Developer/Xcode/DerivedData/PhoneCleaner-dcdzrjknxopvksduvixuduaydjkh/Build/Intermediates.noindex/ArchiveIntermediates/PhoneCleaner/IntermediateBuildFilesPath/ExplicitPrecompiledModules/os_workgroup-34WG06D35G16YG08QLXB04D3O.scan
    cd /
    builtin-precompileModule /Users/runner/Library/Developer/Xcode/DerivedData/PhoneCleaner-dcdzrjknxopvksduvixuduaydjkh/Build/Intermediates.noindex/ArchiveIntermediates/PhoneCleaner/IntermediateBuildFilesPath/ExplicitPrecompiledModules/os_workgroup-34WG06D35G16YG08QLXB04D3O.scan

PrecompileModule /Users/runner/Library/Developer/Xcode/DerivedData/PhoneCleaner-dcdzrjknxopvksduvixuduaydjkh/Build/Intermediates.noindex/ArchiveIntermediates/PhoneCleaner/IntermediateBuildFilesPath/ExplicitPrecompiledModules/Dispatch-T5XSBE5O27BIHX6U5T9VFTTD.scan
    cd /
    builtin-precompileModule /Users/runner/Library/Developer/Xcode/DerivedData/PhoneCleaner-dcdzrjknxopvksduvixuduaydjkh/Build/Intermediates.noindex/ArchiveIntermediates/PhoneCleaner/IntermediateBuildFilesPath/ExplicitPrecompiledModules/Dispatch-T5XSBE5O27BIHX6U5T9VFTTD.scan

PrecompileModule /Users/runner/Library/Developer/Xcode/DerivedData/PhoneCleaner-dcdzrjknxopvksduvixuduaydjkh/Build/Intermediates.noindex/ArchiveIntermediates/PhoneCleaner/IntermediateBuildFilesPath/ExplicitPrecompiledModules/ObjectiveC-6RO0XRVAZKS9WUMUC3GD308T1.scan
    cd /
    builtin-precompileModule /Users/runner/Library/Developer/Xcode/DerivedData/PhoneCleaner-dcdzrjknxopvksduvixuduaydjkh/Build/Intermediates.noindex/ArchiveIntermediates/PhoneCleaner/IntermediateBuildFilesPath/ExplicitPrecompiledModules/ObjectiveC-6RO0XRVAZKS9WUMUC3GD308T1.scan

PrecompileModule /Users/runner/Library/Developer/Xcode/DerivedData/PhoneCleaner-dcdzrjknxopvksduvixuduaydjkh/Build/Intermediates.noindex/ArchiveIntermediates/PhoneCleaner/IntermediateBuildFilesPath/ExplicitPrecompiledModules/CoreFoundation-9TVKTZYALNHO2KGFJML05VG2T.scan
    cd /
    builtin-precompileModule /Users/runner/Library/Developer/Xcode/DerivedData/PhoneCleaner-dcdzrjknxopvksduvixuduaydjkh/Build/Intermediates.noindex/ArchiveIntermediates/PhoneCleaner/IntermediateBuildFilesPath/ExplicitPrecompiledModules/CoreFoundation-9TVKTZYALNHO2KGFJML05VG2T.scan

PrecompileModule /Users/runner/Library/Developer/Xcode/DerivedData/PhoneCleaner-dcdzrjknxopvksduvixuduaydjkh/Build/Intermediates.noindex/ArchiveIntermediates/PhoneCleaner/IntermediateBuildFilesPath/ExplicitPrecompiledModules/XPC-AXTZIGCLYL1KIOCV0BPMEJUEP.scan
    cd /
    builtin-precompileModule /Users/runner/Library/Developer/Xcode/DerivedData/PhoneCleaner-dcdzrjknxopvksduvixuduaydjkh/Build/Intermediates.noindex/ArchiveIntermediates/PhoneCleaner/IntermediateBuildFilesPath/ExplicitPrecompiledModules/XPC-AXTZIGCLYL1KIOCV0BPMEJUEP.scan

PrecompileModule /Users/runner/Library/Developer/Xcode/DerivedData/PhoneCleaner-dcdzrjknxopvksduvixuduaydjkh/Build/Intermediates.noindex/ArchiveIntermediates/PhoneCleaner/IntermediateBuildFilesPath/ExplicitPrecompiledModules/os_object-BN4YM7QZ51GJ77V3AJ5FS7IOT.scan
    cd /
    builtin-precompileModule /Users/runner/Library/Developer/Xcode/DerivedData/PhoneCleaner-dcdzrjknxopvksduvixuduaydjkh/Build/Intermediates.noindex/ArchiveIntermediates/PhoneCleaner/IntermediateBuildFilesPath/ExplicitPrecompiledModules/os_object-BN4YM7QZ51GJ77V3AJ5FS7IOT.scan

PrecompileModule /Users/runner/Library/Developer/Xcode/DerivedData/PhoneCleaner-dcdzrjknxopvksduvixuduaydjkh/Build/Intermediates.noindex/ArchiveIntermediates/PhoneCleaner/IntermediateBuildFilesPath/ExplicitPrecompiledModules/os_workgroup-DEJX616Y8EBNJ5ZGAPT9YDBKK.scan
    cd /
    builtin-precompileModule /Users/runner/Library/Developer/Xcode/DerivedData/PhoneCleaner-dcdzrjknxopvksduvixuduaydjkh/Build/Intermediates.noindex/ArchiveIntermediates/PhoneCleaner/IntermediateBuildFilesPath/ExplicitPrecompiledModules/os_workgroup-DEJX616Y8EBNJ5ZGAPT9YDBKK.scan

PrecompileModule /Users/runner/Library/Developer/Xcode/DerivedData/PhoneCleaner-dcdzrjknxopvksduvixuduaydjkh/Build/Intermediates.noindex/ArchiveIntermediates/PhoneCleaner/IntermediateBuildFilesPath/ExplicitPrecompiledModules/Security-6GSF4NJYIIHP91W0NJJS61I0Y.scan
    cd /
    builtin-precompileModule /Users/runner/Library/Developer/Xcode/DerivedData/PhoneCleaner-dcdzrjknxopvksduvixuduaydjkh/Build/Intermediates.noindex/ArchiveIntermediates/PhoneCleaner/IntermediateBuildFilesPath/ExplicitPrecompiledModules/Security-6GSF4NJYIIHP91W0NJJS61I0Y.scan

PrecompileModule /Users/runner/Library/Developer/Xcode/DerivedData/PhoneCleaner-dcdzrjknxopvksduvixuduaydjkh/Build/Intermediates.noindex/ArchiveIntermediates/PhoneCleaner/IntermediateBuildFilesPath/ExplicitPrecompiledModules/CFNetwork-BIKVB49JF4J5IT9OP3R02JZEP.scan
    cd /
    builtin-precompileModule /Users/runner/Library/Developer/Xcode/DerivedData/PhoneCleaner-dcdzrjknxopvksduvixuduaydjkh/Build/Intermediates.noindex/ArchiveIntermediates/PhoneCleaner/IntermediateBuildFilesPath/ExplicitPrecompiledModules/CFNetwork-BIKVB49JF4J5IT9OP3R02JZEP.scan

PrecompileModule /Users/runner/Library/Developer/Xcode/DerivedData/PhoneCleaner-dcdzrjknxopvksduvixuduaydjkh/Build/Intermediates.noindex/ArchiveIntermediates/PhoneCleaner/IntermediateBuildFilesPath/ExplicitPrecompiledModules/Dispatch-DKT92I85NJ9NUJ2XNKNUW9M7I.scan
    cd /
    builtin-precompileModule /Users/runner/Library/Developer/Xcode/DerivedData/PhoneCleaner-dcdzrjknxopvksduvixuduaydjkh/Build/Intermediates.noindex/ArchiveIntermediates/PhoneCleaner/IntermediateBuildFilesPath/ExplicitPrecompiledModules/Dispatch-DKT92I85NJ9NUJ2XNKNUW9M7I.scan

PrecompileModule /Users/runner/Library/Developer/Xcode/DerivedData/PhoneCleaner-dcdzrjknxopvksduvixuduaydjkh/Build/Intermediates.noindex/ArchiveIntermediates/PhoneCleaner/IntermediateBuildFilesPath/ExplicitPrecompiledModules/Foundation-3F65OJ430BZX1YZ4TMSKFUMIG.scan
    cd /
    builtin-precompileModule /Users/runner/Library/Developer/Xcode/DerivedData/PhoneCleaner-dcdzrjknxopvksduvixuduaydjkh/Build/Intermediates.noindex/ArchiveIntermediates/PhoneCleaner/IntermediateBuildFilesPath/ExplicitPrecompiledModules/Foundation-3F65OJ430BZX1YZ4TMSKFUMIG.scan

PrecompileModule /Users/runner/Library/Developer/Xcode/DerivedData/PhoneCleaner-dcdzrjknxopvksduvixuduaydjkh/Build/Intermediates.noindex/ArchiveIntermediates/PhoneCleaner/IntermediateBuildFilesPath/ExplicitPrecompiledModules/CoreFoundation-CKBIBR7B39U24F9G4M2U5AQDH.scan
    cd /
    builtin-precompileModule /Users/runner/Library/Developer/Xcode/DerivedData/PhoneCleaner-dcdzrjknxopvksduvixuduaydjkh/Build/Intermediates.noindex/ArchiveIntermediates/PhoneCleaner/IntermediateBuildFilesPath/ExplicitPrecompiledModules/CoreFoundation-CKBIBR7B39U24F9G4M2U5AQDH.scan

PrecompileModule /Users/runner/Library/Developer/Xcode/DerivedData/PhoneCleaner-dcdzrjknxopvksduvixuduaydjkh/Build/Intermediates.noindex/ArchiveIntermediates/PhoneCleaner/IntermediateBuildFilesPath/ExplicitPrecompiledModules/XPC-2Q258PFZC4PNMY1I6WJR9FBGW.scan
    cd /
    builtin-precompileModule /Users/runner/Library/Developer/Xcode/DerivedData/PhoneCleaner-dcdzrjknxopvksduvixuduaydjkh/Build/Intermediates.noindex/ArchiveIntermediates/PhoneCleaner/IntermediateBuildFilesPath/ExplicitPrecompiledModules/XPC-2Q258PFZC4PNMY1I6WJR9FBGW.scan

PrecompileModule /Users/runner/Library/Developer/Xcode/DerivedData/PhoneCleaner-dcdzrjknxopvksduvixuduaydjkh/Build/Intermediates.noindex/ArchiveIntermediates/PhoneCleaner/IntermediateBuildFilesPath/ExplicitPrecompiledModules/CFNetwork-B3EYCYX228FYUCH31IITIJSMM.scan
    cd /
    builtin-precompileModule /Users/runner/Library/Developer/Xcode/DerivedData/PhoneCleaner-dcdzrjknxopvksduvixuduaydjkh/Build/Intermediates.noindex/ArchiveIntermediates/PhoneCleaner/IntermediateBuildFilesPath/ExplicitPrecompiledModules/CFNetwork-B3EYCYX228FYUCH31IITIJSMM.scan

PrecompileModule /Users/runner/Library/Developer/Xcode/DerivedData/PhoneCleaner-dcdzrjknxopvksduvixuduaydjkh/Build/Intermediates.noindex/ArchiveIntermediates/PhoneCleaner/IntermediateBuildFilesPath/ExplicitPrecompiledModules/Security-3GT6E482E1XARYH9BMTOJYNW3.scan
    cd /
    builtin-precompileModule /Users/runner/Library/Developer/Xcode/DerivedData/PhoneCleaner-dcdzrjknxopvksduvixuduaydjkh/Build/Intermediates.noindex/ArchiveIntermediates/PhoneCleaner/IntermediateBuildFilesPath/ExplicitPrecompiledModules/Security-3GT6E482E1XARYH9BMTOJYNW3.scan

PrecompileModule /Users/runner/Library/Developer/Xcode/DerivedData/PhoneCleaner-dcdzrjknxopvksduvixuduaydjkh/Build/Intermediates.noindex/ArchiveIntermediates/PhoneCleaner/IntermediateBuildFilesPath/ExplicitPrecompiledModules/CoreGraphics-BOAZ5IWVZ488PQUNFPM1TDKMZ.scan
    cd /
    builtin-precompileModule /Users/runner/Library/Developer/Xcode/DerivedData/PhoneCleaner-dcdzrjknxopvksduvixuduaydjkh/Build/Intermediates.noindex/ArchiveIntermediates/PhoneCleaner/IntermediateBuildFilesPath/ExplicitPrecompiledModules/CoreGraphics-BOAZ5IWVZ488PQUNFPM1TDKMZ.scan

PrecompileModule /Users/runner/Library/Developer/Xcode/DerivedData/PhoneCleaner-dcdzrjknxopvksduvixuduaydjkh/Build/Intermediates.noindex/ArchiveIntermediates/PhoneCleaner/IntermediateBuildFilesPath/ExplicitPrecompiledModules/Foundation-4PKG5G2CXSVLVWRLF1VXE0VZO.scan
    cd /
    builtin-precompileModule /Users/runner/Library/Developer/Xcode/DerivedData/PhoneCleaner-dcdzrjknxopvksduvixuduaydjkh/Build/Intermediates.noindex/ArchiveIntermediates/PhoneCleaner/IntermediateBuildFilesPath/ExplicitPrecompiledModules/Foundation-4PKG5G2CXSVLVWRLF1VXE0VZO.scan

PrecompileModule /Users/runner/Library/Developer/Xcode/DerivedData/PhoneCleaner-dcdzrjknxopvksduvixuduaydjkh/Build/Intermediates.noindex/ArchiveIntermediates/PhoneCleaner/IntermediateBuildFilesPath/ExplicitPrecompiledModules/ImageIO-8TJPNYG5LTUCL6AAMC4C7CJ07.scan
    cd /
    builtin-precompileModule /Users/runner/Library/Developer/Xcode/DerivedData/PhoneCleaner-dcdzrjknxopvksduvixuduaydjkh/Build/Intermediates.noindex/ArchiveIntermediates/PhoneCleaner/IntermediateBuildFilesPath/ExplicitPrecompiledModules/ImageIO-8TJPNYG5LTUCL6AAMC4C7CJ07.scan

PrecompileModule /Users/runner/Library/Developer/Xcode/DerivedData/PhoneCleaner-dcdzrjknxopvksduvixuduaydjkh/Build/Intermediates.noindex/ArchiveIntermediates/PhoneCleaner/IntermediateBuildFilesPath/ExplicitPrecompiledModules/CoreText-61CPP3QT5WUO3Z4J4GFWK9ZY8.scan
    cd /
    builtin-precompileModule /Users/runner/Library/Developer/Xcode/DerivedData/PhoneCleaner-dcdzrjknxopvksduvixuduaydjkh/Build/Intermediates.noindex/ArchiveIntermediates/PhoneCleaner/IntermediateBuildFilesPath/ExplicitPrecompiledModules/CoreText-61CPP3QT5WUO3Z4J4GFWK9ZY8.scan

CompileC /Users/runner/Library/Developer/Xcode/DerivedData/PhoneCleaner-dcdzrjknxopvksduvixuduaydjkh/Build/Intermediates.noindex/ArchiveIntermediates/PhoneCleaner/IntermediateBuildFilesPath/Pods.build/Release-iphoneos/Pods-PhoneCleaner.build/Objects-normal/arm64/Pods-PhoneCleaner-dummy.o /Users/runner/work/Album_Clean/Album_Clean/Pods/Target\ Support\ Files/Pods-PhoneCleaner/Pods-PhoneCleaner-dummy.m normal arm64 objective-c com.apple.compilers.llvm.clang.1_0.compiler (in target 'Pods-PhoneCleaner' from project 'Pods')
    cd /Users/runner/work/Album_Clean/Album_Clean/Pods
    
    Using response file: /Users/runner/Library/Developer/Xcode/DerivedData/PhoneCleaner-dcdzrjknxopvksduvixuduaydjkh/Build/Intermediates.noindex/ArchiveIntermediates/PhoneCleaner/IntermediateBuildFilesPath/Pods.build/Release-iphoneos/Pods-PhoneCleaner.build/Objects-normal/arm64/e6072d4f65d7061329687fe24e3d63a7-common-args.resp
    
    /Applications/Xcode_26.3.app/Contents/Developer/Toolchains/XcodeDefault.xctoolchain/usr/bin/clang -x objective-c -ivfsstatcache /Users/runner/Library/Developer/Xcode/DerivedData/SDKStatCaches.noindex/iphoneos26.2-23C57-dc75598d0054f22ec865fa860f139d722dd23b4ebda140f7210d155ff1243552.sdkstatcache -fmessage-length\=0 -fdiagnostics-show-note-include-stack -fmacro-backtrace-limit\=0 -fno-color-diagnostics -fmodules-prune-interval\=86400 -fmodules-prune-after\=345600 -fbuild-session-file\=/Users/runner/Library/Developer/Xcode/DerivedData/ModuleCache.noindex/Session.modulevalidation -fmodules-validate-once-per-build-session -Wnon-modular-include-in-framework-module -Werror\=non-modular-include-in-framework-module -Wno-trigraphs -Wno-missing-field-initializers -Wno-missing-prototypes -Werror\=return-type -Wdocumentation -Wunreachable-code -Wno-implicit-atomic-properties -Werror\=deprecated-objc-isa-usage -Wno-objc-interface-ivars -Werror\=objc-root-class -Wno-arc-repeated-use-of-weak -Wimplicit-retain-self -Wduplicate-method-match -Wno-missing-braces -Wparentheses -Wswitch -Wunused-function -Wno-unused-label -Wno-unused-parameter -Wunused-variable -Wunused-value -Wempty-body -Wuninitialized -Wconditional-uninitialized -Wno-unknown-pragmas -Wno-shadow -Wno-four-char-constants -Wno-conversion -Wconstant-conversion -Wint-conversion -Wbool-conversion -Wenum-conversion -Wno-float-conversion -Wnon-literal-null-conversion -Wobjc-literal-conversion -Wshorten-64-to-32 -Wpointer-sign -Wno-newline-eof -Wno-selector -Wno-strict-selector-match -Wundeclared-selector -Wdeprecated-implementations -Wno-implicit-fallthrough -fstrict-aliasing -Wprotocol -Wdeprecated-declarations -Wno-sign-conversion -Winfinite-recursion -Wcomma -Wblock-capture-autoreleasing -Wstrict-prototypes -Wno-semicolon-before-method-body -Wunguarded-availability @/Users/runner/Library/Developer/Xcode/DerivedData/PhoneCleaner-dcdzrjknxopvksduvixuduaydjkh/Build/Intermediates.noindex/ArchiveIntermediates/PhoneCleaner/IntermediateBuildFilesPath/Pods.build/Release-iphoneos/Pods-PhoneCleaner.build/Objects-normal/arm64/e6072d4f65d7061329687fe24e3d63a7-common-args.resp -MMD -MT dependencies -MF /Users/runner/Library/Developer/Xcode/DerivedData/PhoneCleaner-dcdzrjknxopvksduvixuduaydjkh/Build/Intermediates.noindex/ArchiveIntermediates/PhoneCleaner/IntermediateBuildFilesPath/Pods.build/Release-iphoneos/Pods-PhoneCleaner.build/Objects-normal/arm64/Pods-PhoneCleaner-dummy.d --serialize-diagnostics /Users/runner/Library/Developer/Xcode/DerivedData/PhoneCleaner-dcdzrjknxopvksduvixuduaydjkh/Build/Intermediates.noindex/ArchiveIntermediates/PhoneCleaner/IntermediateBuildFilesPath/Pods.build/Release-iphoneos/Pods-PhoneCleaner.build/Objects-normal/arm64/Pods-PhoneCleaner-dummy.dia -c /Users/runner/work/Album_Clean/Album_Clean/Pods/Target\ Support\ Files/Pods-PhoneCleaner/Pods-PhoneCleaner-dummy.m -o /Users/runner/Library/Developer/Xcode/DerivedData/PhoneCleaner-dcdzrjknxopvksduvixuduaydjkh/Build/Intermediates.noindex/ArchiveIntermediates/PhoneCleaner/IntermediateBuildFilesPath/Pods.build/Release-iphoneos/Pods-PhoneCleaner.build/Objects-normal/arm64/Pods-PhoneCleaner-dummy.o

PrecompileModule /Users/runner/Library/Developer/Xcode/DerivedData/PhoneCleaner-dcdzrjknxopvksduvixuduaydjkh/Build/Intermediates.noindex/ArchiveIntermediates/PhoneCleaner/IntermediateBuildFilesPath/ExplicitPrecompiledModules/IOSurface-8LFZDDPR9NHFTT6VTIFEHF4Y7.scan
    cd /
    builtin-precompileModule /Users/runner/Library/Developer/Xcode/DerivedData/PhoneCleaner-dcdzrjknxopvksduvixuduaydjkh/Build/Intermediates.noindex/ArchiveIntermediates/PhoneCleaner/IntermediateBuildFilesPath/ExplicitPrecompiledModules/IOSurface-8LFZDDPR9NHFTT6VTIFEHF4Y7.scan

PrecompileModule /Users/runner/Library/Developer/Xcode/DerivedData/PhoneCleaner-dcdzrjknxopvksduvixuduaydjkh/Build/Intermediates.noindex/ArchiveIntermediates/PhoneCleaner/IntermediateBuildFilesPath/ExplicitPrecompiledModules/FileProvider-CI51ABOIDIPQPI5S6661UPLQV.scan
    cd /
    builtin-precompileModule /Users/runner/Library/Developer/Xcode/DerivedData/PhoneCleaner-dcdzrjknxopvksduvixuduaydjkh/Build/Intermediates.noindex/ArchiveIntermediates/PhoneCleaner/IntermediateBuildFilesPath/ExplicitPrecompiledModules/FileProvider-CI51ABOIDIPQPI5S6661UPLQV.scan

PrecompileModule /Users/runner/Library/Developer/Xcode/DerivedData/PhoneCleaner-dcdzrjknxopvksduvixuduaydjkh/Build/Intermediates.noindex/ArchiveIntermediates/PhoneCleaner/IntermediateBuildFilesPath/ExplicitPrecompiledModules/UIUtilities-7XQ268Y93UXDP2FLSOY4DYTFW.scan
    cd /
    builtin-precompileModule /Users/runner/Library/Developer/Xcode/DerivedData/PhoneCleaner-dcdzrjknxopvksduvixuduaydjkh/Build/Intermediates.noindex/ArchiveIntermediates/PhoneCleaner/IntermediateBuildFilesPath/ExplicitPrecompiledModules/UIUtilities-7XQ268Y93UXDP2FLSOY4DYTFW.scan

PrecompileModule /Users/runner/Library/Developer/Xcode/DerivedData/PhoneCleaner-dcdzrjknxopvksduvixuduaydjkh/Build/Intermediates.noindex/ArchiveIntermediates/PhoneCleaner/IntermediateBuildFilesPath/ExplicitPrecompiledModules/Symbols-6PO00XUN4JQ0SX4BO9RDE8RI3.scan
    cd /
    builtin-precompileModule /Users/runner/Library/Developer/Xcode/DerivedData/PhoneCleaner-dcdzrjknxopvksduvixuduaydjkh/Build/Intermediates.noindex/ArchiveIntermediates/PhoneCleaner/IntermediateBuildFilesPath/ExplicitPrecompiledModules/Symbols-6PO00XUN4JQ0SX4BO9RDE8RI3.scan

PrecompileModule /Users/runner/Library/Developer/Xcode/DerivedData/PhoneCleaner-dcdzrjknxopvksduvixuduaydjkh/Build/Intermediates.noindex/ArchiveIntermediates/PhoneCleaner/IntermediateBuildFilesPath/ExplicitPrecompiledModules/UserNotifications-7NS5ZZG0ZZKZI4VUX116KYDHK.scan
    cd /
    builtin-precompileModule /Users/runner/Library/Developer/Xcode/DerivedData/PhoneCleaner-dcdzrjknxopvksduvixuduaydjkh/Build/Intermediates.noindex/ArchiveIntermediates/PhoneCleaner/IntermediateBuildFilesPath/ExplicitPrecompiledModules/UserNotifications-7NS5ZZG0ZZKZI4VUX116KYDHK.scan

PrecompileModule /Users/runner/Library/Developer/Xcode/DerivedData/PhoneCleaner-dcdzrjknxopvksduvixuduaydjkh/Build/Intermediates.noindex/ArchiveIntermediates/PhoneCleaner/IntermediateBuildFilesPath/ExplicitPrecompiledModules/OpenGLES-LJ2V5N4JUH628ML0EI6TUC9O.scan
    cd /
    builtin-precompileModule /Users/runner/Library/Developer/Xcode/DerivedData/PhoneCleaner-dcdzrjknxopvksduvixuduaydjkh/Build/Intermediates.noindex/ArchiveIntermediates/PhoneCleaner/IntermediateBuildFilesPath/ExplicitPrecompiledModules/OpenGLES-LJ2V5N4JUH628ML0EI6TUC9O.scan

PrecompileModule /Users/runner/Library/Developer/Xcode/DerivedData/PhoneCleaner-dcdzrjknxopvksduvixuduaydjkh/Build/Intermediates.noindex/ArchiveIntermediates/PhoneCleaner/IntermediateBuildFilesPath/ExplicitPrecompiledModules/Metal-A9NG4VJYI93DL49YHM7YYHZKH.scan
    cd /
    builtin-precompileModule /Users/runner/Library/Developer/Xcode/DerivedData/PhoneCleaner-dcdzrjknxopvksduvixuduaydjkh/Build/Intermediates.noindex/ArchiveIntermediates/PhoneCleaner/IntermediateBuildFilesPath/ExplicitPrecompiledModules/Metal-A9NG4VJYI93DL49YHM7YYHZKH.scan

PrecompileModule /Users/runner/Library/Developer/Xcode/DerivedData/PhoneCleaner-dcdzrjknxopvksduvixuduaydjkh/Build/Intermediates.noindex/ArchiveIntermediates/PhoneCleaner/IntermediateBuildFilesPath/ExplicitPrecompiledModules/CoreVideo-1O5XNJG1SLMUW0OTEG9TNQPMF.scan
    cd /
    builtin-precompileModule /Users/runner/Library/Developer/Xcode/DerivedData/PhoneCleaner-dcdzrjknxopvksduvixuduaydjkh/Build/Intermediates.noindex/ArchiveIntermediates/PhoneCleaner/IntermediateBuildFilesPath/ExplicitPrecompiledModules/CoreVideo-1O5XNJG1SLMUW0OTEG9TNQPMF.scan

PrecompileModule /Users/runner/Library/Developer/Xcode/DerivedData/PhoneCleaner-dcdzrjknxopvksduvixuduaydjkh/Build/Intermediates.noindex/ArchiveIntermediates/PhoneCleaner/IntermediateBuildFilesPath/ExplicitPrecompiledModules/CoreImage-WSN9YVKV8WVDOYNF8HHCPJCF.scan
    cd /
    builtin-precompileModule /Users/runner/Library/Developer/Xcode/DerivedData/PhoneCleaner-dcdzrjknxopvksduvixuduaydjkh/Build/Intermediates.noindex/ArchiveIntermediates/PhoneCleaner/IntermediateBuildFilesPath/ExplicitPrecompiledModules/CoreImage-WSN9YVKV8WVDOYNF8HHCPJCF.scan

PrecompileModule /Users/runner/Library/Developer/Xcode/DerivedData/PhoneCleaner-dcdzrjknxopvksduvixuduaydjkh/Build/Intermediates.noindex/ArchiveIntermediates/PhoneCleaner/IntermediateBuildFilesPath/ExplicitPrecompiledModules/QuartzCore-D8B57HG3N07UH1Y6Z4H517ALL.scan
    cd /
    builtin-precompileModule /Users/runner/Library/Developer/Xcode/DerivedData/PhoneCleaner-dcdzrjknxopvksduvixuduaydjkh/Build/Intermediates.noindex/ArchiveIntermediates/PhoneCleaner/IntermediateBuildFilesPath/ExplicitPrecompiledModules/QuartzCore-D8B57HG3N07UH1Y6Z4H517ALL.scan

PrecompileModule /Users/runner/Library/Developer/Xcode/DerivedData/PhoneCleaner-dcdzrjknxopvksduvixuduaydjkh/Build/Intermediates.noindex/ArchiveIntermediates/PhoneCleaner/IntermediateBuildFilesPath/ExplicitPrecompiledModules/UIKit-AMVQQRL5GPFCJ2UG59DFF7RRL.scan
    cd /
    builtin-precompileModule /Users/runner/Library/Developer/Xcode/DerivedData/PhoneCleaner-dcdzrjknxopvksduvixuduaydjkh/Build/Intermediates.noindex/ArchiveIntermediates/PhoneCleaner/IntermediateBuildFilesPath/ExplicitPrecompiledModules/UIKit-AMVQQRL5GPFCJ2UG59DFF7RRL.scan

CompileC /Users/runner/Library/Developer/Xcode/DerivedData/PhoneCleaner-dcdzrjknxopvksduvixuduaydjkh/Build/Intermediates.noindex/ArchiveIntermediates/PhoneCleaner/IntermediateBuildFilesPath/Pods.build/Release-iphoneos/PlusKit.build/Objects-normal/arm64/PlusKit-dummy.o /Users/runner/work/Album_Clean/Album_Clean/Pods/Target\ Support\ Files/PlusKit/PlusKit-dummy.m normal arm64 objective-c com.apple.compilers.llvm.clang.1_0.compiler (in target 'PlusKit' from project 'Pods')
    cd /Users/runner/work/Album_Clean/Album_Clean/Pods
    
    Using response file: /Users/runner/Library/Developer/Xcode/DerivedData/PhoneCleaner-dcdzrjknxopvksduvixuduaydjkh/Build/Intermediates.noindex/ArchiveIntermediates/PhoneCleaner/IntermediateBuildFilesPath/Pods.build/Release-iphoneos/PlusKit.build/Objects-normal/arm64/e6072d4f65d7061329687fe24e3d63a7-common-args.resp
    
    /Applications/Xcode_26.3.app/Contents/Developer/Toolchains/XcodeDefault.xctoolchain/usr/bin/clang -x objective-c -ivfsstatcache /Users/runner/Library/Developer/Xcode/DerivedData/SDKStatCaches.noindex/iphoneos26.2-23C57-dc75598d0054f22ec865fa860f139d722dd23b4ebda140f7210d155ff1243552.sdkstatcache -fmessage-length\=0 -fdiagnostics-show-note-include-stack -fmacro-backtrace-limit\=0 -fno-color-diagnostics -fmodules-prune-interval\=86400 -fmodules-prune-after\=345600 -fbuild-session-file\=/Users/runner/Library/Developer/Xcode/DerivedData/ModuleCache.noindex/Session.modulevalidation -fmodules-validate-once-per-build-session -Wnon-modular-include-in-framework-module -Werror\=non-modular-include-in-framework-module -Wno-trigraphs -Wno-missing-field-initializers -Wno-missing-prototypes -Werror\=return-type -Wdocumentation -Wunreachable-code -Wno-implicit-atomic-properties -Werror\=deprecated-objc-isa-usage -Wno-objc-interface-ivars -Werror\=objc-root-class -Wno-arc-repeated-use-of-weak -Wimplicit-retain-self -Wduplicate-method-match -Wno-missing-braces -Wparentheses -Wswitch -Wunused-function -Wno-unused-label -Wno-unused-parameter -Wunused-variable -Wunused-value -Wempty-body -Wuninitialized -Wconditional-uninitialized -Wno-unknown-pragmas -Wno-shadow -Wno-four-char-constants -Wno-conversion -Wconstant-conversion -Wint-conversion -Wbool-conversion -Wenum-conversion -Wno-float-conversion -Wnon-literal-null-conversion -Wobjc-literal-conversion -Wshorten-64-to-32 -Wpointer-sign -Wno-newline-eof -Wno-selector -Wno-strict-selector-match -Wundeclared-selector -Wdeprecated-implementations -Wno-implicit-fallthrough -fstrict-aliasing -Wprotocol -Wdeprecated-declarations -Wno-sign-conversion -Winfinite-recursion -Wcomma -Wblock-capture-autoreleasing -Wstrict-prototypes -Wno-semicolon-before-method-body -Wunguarded-availability @/Users/runner/Library/Developer/Xcode/DerivedData/PhoneCleaner-dcdzrjknxopvksduvixuduaydjkh/Build/Intermediates.noindex/ArchiveIntermediates/PhoneCleaner/IntermediateBuildFilesPath/Pods.build/Release-iphoneos/PlusKit.build/Objects-normal/arm64/e6072d4f65d7061329687fe24e3d63a7-common-args.resp -include /Users/runner/work/Album_Clean/Album_Clean/Pods/Target\ Support\ Files/PlusKit/PlusKit-prefix.pch -MMD -MT dependencies -MF /Users/runner/Library/Developer/Xcode/DerivedData/PhoneCleaner-dcdzrjknxopvksduvixuduaydjkh/Build/Intermediates.noindex/ArchiveIntermediates/PhoneCleaner/IntermediateBuildFilesPath/Pods.build/Release-iphoneos/PlusKit.build/Objects-normal/arm64/PlusKit-dummy.d --serialize-diagnostics /Users/runner/Library/Developer/Xcode/DerivedData/PhoneCleaner-dcdzrjknxopvksduvixuduaydjkh/Build/Intermediates.noindex/ArchiveIntermediates/PhoneCleaner/IntermediateBuildFilesPath/Pods.build/Release-iphoneos/PlusKit.build/Objects-normal/arm64/PlusKit-dummy.dia -c /Users/runner/work/Album_Clean/Album_Clean/Pods/Target\ Support\ Files/PlusKit/PlusKit-dummy.m -o /Users/runner/Library/Developer/Xcode/DerivedData/PhoneCleaner-dcdzrjknxopvksduvixuduaydjkh/Build/Intermediates.noindex/ArchiveIntermediates/PhoneCleaner/IntermediateBuildFilesPath/Pods.build/Release-iphoneos/PlusKit.build/Objects-normal/arm64/PlusKit-dummy.o

Libtool /Users/runner/Library/Developer/Xcode/DerivedData/PhoneCleaner-dcdzrjknxopvksduvixuduaydjkh/Build/Intermediates.noindex/ArchiveIntermediates/PhoneCleaner/IntermediateBuildFilesPath/UninstalledProducts/iphoneos/PlusKit.framework/PlusKit normal (in target 'PlusKit' from project 'Pods')
    cd /Users/runner/work/Album_Clean/Album_Clean/Pods
    /Applications/Xcode_26.3.app/Contents/Developer/Toolchains/XcodeDefault.xctoolchain/usr/bin/libtool -static -arch_only arm64 -D -syslibroot /Applications/Xcode_26.3.app/Contents/Developer/Platforms/iPhoneOS.platform/Developer/SDKs/iPhoneOS26.2.sdk -L/Users/runner/Library/Developer/Xcode/DerivedData/PhoneCleaner-dcdzrjknxopvksduvixuduaydjkh/Build/Intermediates.noindex/ArchiveIntermediates/PhoneCleaner/BuildProductsPath/Release-iphoneos/PlusKit -filelist /Users/runner/Library/Developer/Xcode/DerivedData/PhoneCleaner-dcdzrjknxopvksduvixuduaydjkh/Build/Intermediates.noindex/ArchiveIntermediates/PhoneCleaner/IntermediateBuildFilesPath/Pods.build/Release-iphoneos/PlusKit.build/Objects-normal/arm64/PlusKit.LinkFileList -framework Foundation -dependency_info /Users/runner/Library/Developer/Xcode/DerivedData/PhoneCleaner-dcdzrjknxopvksduvixuduaydjkh/Build/Intermediates.noindex/ArchiveIntermediates/PhoneCleaner/IntermediateBuildFilesPath/Pods.build/Release-iphoneos/PlusKit.build/Objects-normal/arm64/PlusKit_libtool_dependency_info.dat -o /Users/runner/Library/Developer/Xcode/DerivedData/PhoneCleaner-dcdzrjknxopvksduvixuduaydjkh/Build/Intermediates.noindex/ArchiveIntermediates/PhoneCleaner/IntermediateBuildFilesPath/UninstalledProducts/iphoneos/PlusKit.framework/PlusKit

ExtractAppIntentsMetadata (in target 'PlusKit' from project 'Pods')
    cd /Users/runner/work/Album_Clean/Album_Clean/Pods
    /Applications/Xcode_26.3.app/Contents/Developer/Toolchains/XcodeDefault.xctoolchain/usr/bin/appintentsmetadataprocessor --toolchain-dir /var/run/com.apple.security.cryptexd/mnt/com.apple.MobileAsset.MetalToolchain-v17.3.7003.10.0ISSnU/Metal.xctoolchain --module-name PlusKit --sdk-root /Applications/Xcode_26.3.app/Contents/Developer/Platforms/iPhoneOS.platform/Developer/SDKs/iPhoneOS26.2.sdk --xcode-version 17C529 --platform-family iOS --deployment-target 15.0 --bundle-identifier com.subscriptiondemo.pluskit --output /Users/runner/Library/Developer/Xcode/DerivedData/PhoneCleaner-dcdzrjknxopvksduvixuduaydjkh/Build/Intermediates.noindex/ArchiveIntermediates/PhoneCleaner/IntermediateBuildFilesPath/UninstalledProducts/iphoneos/PlusKit.appintents --target-triple arm64-apple-ios15.0 --binary-file /Users/runner/Library/Developer/Xcode/DerivedData/PhoneCleaner-dcdzrjknxopvksduvixuduaydjkh/Build/Intermediates.noindex/ArchiveIntermediates/PhoneCleaner/IntermediateBuildFilesPath/UninstalledProducts/iphoneos/PlusKit.framework/PlusKit --dependency-file /Users/runner/Library/Developer/Xcode/DerivedData/PhoneCleaner-dcdzrjknxopvksduvixuduaydjkh/Build/Intermediates.noindex/ArchiveIntermediates/PhoneCleaner/IntermediateBuildFilesPath/Pods.build/Release-iphoneos/PlusKit.build/Objects-normal/arm64/PlusKit_libtool_dependency_info.dat --stringsdata-file /Users/runner/Library/Developer/Xcode/DerivedData/PhoneCleaner-dcdzrjknxopvksduvixuduaydjkh/Build/Intermediates.noindex/ArchiveIntermediates/PhoneCleaner/IntermediateBuildFilesPath/Pods.build/Release-iphoneos/PlusKit.build/Objects-normal/arm64/ExtractedAppShortcutsMetadata.stringsdata --source-file-list /Users/runner/Library/Developer/Xcode/DerivedData/PhoneCleaner-dcdzrjknxopvksduvixuduaydjkh/Build/Intermediates.noindex/ArchiveIntermediates/PhoneCleaner/IntermediateBuildFilesPath/Pods.build/Release-iphoneos/PlusKit.build/Objects-normal/arm64/PlusKit.SwiftFileList --metadata-file-list /Users/runner/Library/Developer/Xcode/DerivedData/PhoneCleaner-dcdzrjknxopvksduvixuduaydjkh/Build/Intermediates.noindex/ArchiveIntermediates/PhoneCleaner/IntermediateBuildFilesPath/Pods.build/Release-iphoneos/PlusKit.build/PlusKit.DependencyMetadataFileList --static-metadata-file-list /Users/runner/Library/Developer/Xcode/DerivedData/PhoneCleaner-dcdzrjknxopvksduvixuduaydjkh/Build/Intermediates.noindex/ArchiveIntermediates/PhoneCleaner/IntermediateBuildFilesPath/Pods.build/Release-iphoneos/PlusKit.build/PlusKit.DependencyStaticMetadataFileList --swift-const-vals-list /Users/runner/Library/Developer/Xcode/DerivedData/PhoneCleaner-dcdzrjknxopvksduvixuduaydjkh/Build/Intermediates.noindex/ArchiveIntermediates/PhoneCleaner/IntermediateBuildFilesPath/Pods.build/Release-iphoneos/PlusKit.build/Objects-normal/arm64/PlusKit.SwiftConstValuesFileList --force --compile-time-extraction --deployment-aware-processing --validate-assistant-intents --no-app-shortcuts-localization
2026-07-24 01:40:31.568 appintentsmetadataprocessor[7160:25316] Starting appintentsmetadataprocessor export
2026-07-24 01:40:31.680 appintentsmetadataprocessor[7160:25316] Extracted no relevant App Intents symbols, skipping writing output

SetOwnerAndGroup runner:staff /Users/runner/Library/Developer/Xcode/DerivedData/PhoneCleaner-dcdzrjknxopvksduvixuduaydjkh/Build/Intermediates.noindex/ArchiveIntermediates/PhoneCleaner/IntermediateBuildFilesPath/UninstalledProducts/iphoneos/PlusKit.framework (in target 'PlusKit' from project 'Pods')
    cd /Users/runner/work/Album_Clean/Album_Clean/Pods
    /usr/sbin/chown -RH runner:staff /Users/runner/Library/Developer/Xcode/DerivedData/PhoneCleaner-dcdzrjknxopvksduvixuduaydjkh/Build/Intermediates.noindex/ArchiveIntermediates/PhoneCleaner/IntermediateBuildFilesPath/UninstalledProducts/iphoneos/PlusKit.framework

SetMode u+w,go-w,a+rX /Users/runner/Library/Developer/Xcode/DerivedData/PhoneCleaner-dcdzrjknxopvksduvixuduaydjkh/Build/Intermediates.noindex/ArchiveIntermediates/PhoneCleaner/IntermediateBuildFilesPath/UninstalledProducts/iphoneos/PlusKit.framework (in target 'PlusKit' from project 'Pods')
    cd /Users/runner/work/Album_Clean/Album_Clean/Pods
    /bin/chmod -RH u+w,go-w,a+rX /Users/runner/Library/Developer/Xcode/DerivedData/PhoneCleaner-dcdzrjknxopvksduvixuduaydjkh/Build/Intermediates.noindex/ArchiveIntermediates/PhoneCleaner/IntermediateBuildFilesPath/UninstalledProducts/iphoneos/PlusKit.framework

RegisterExecutionPolicyException /Users/runner/Library/Developer/Xcode/DerivedData/PhoneCleaner-dcdzrjknxopvksduvixuduaydjkh/Build/Intermediates.noindex/ArchiveIntermediates/PhoneCleaner/IntermediateBuildFilesPath/UninstalledProducts/iphoneos/PlusKit.framework (in target 'PlusKit' from project 'Pods')
    cd /Users/runner/work/Album_Clean/Album_Clean/Pods
    builtin-RegisterExecutionPolicyException /Users/runner/Library/Developer/Xcode/DerivedData/PhoneCleaner-dcdzrjknxopvksduvixuduaydjkh/Build/Intermediates.noindex/ArchiveIntermediates/PhoneCleaner/IntermediateBuildFilesPath/UninstalledProducts/iphoneos/PlusKit.framework

Touch /Users/runner/Library/Developer/Xcode/DerivedData/PhoneCleaner-dcdzrjknxopvksduvixuduaydjkh/Build/Intermediates.noindex/ArchiveIntermediates/PhoneCleaner/IntermediateBuildFilesPath/UninstalledProducts/iphoneos/PlusKit.framework (in target 'PlusKit' from project 'Pods')
    cd /Users/runner/work/Album_Clean/Album_Clean/Pods
    /usr/bin/touch -c /Users/runner/Library/Developer/Xcode/DerivedData/PhoneCleaner-dcdzrjknxopvksduvixuduaydjkh/Build/Intermediates.noindex/ArchiveIntermediates/PhoneCleaner/IntermediateBuildFilesPath/UninstalledProducts/iphoneos/PlusKit.framework

ProcessInfoPlistFile /Users/runner/Library/Developer/Xcode/DerivedData/PhoneCleaner-dcdzrjknxopvksduvixuduaydjkh/Build/Intermediates.noindex/ArchiveIntermediates/PhoneCleaner/IntermediateBuildFilesPath/UninstalledProducts/iphoneos/Pods_PhoneCleaner.framework/Info.plist /Users/runner/work/Album_Clean/Album_Clean/Pods/Target\ Support\ Files/Pods-PhoneCleaner/Pods-PhoneCleaner-Info.plist (in target 'Pods-PhoneCleaner' from project 'Pods')
    cd /Users/runner/work/Album_Clean/Album_Clean/Pods
    builtin-infoPlistUtility /Users/runner/work/Album_Clean/Album_Clean/Pods/Target\ Support\ Files/Pods-PhoneCleaner/Pods-PhoneCleaner-Info.plist -producttype com.apple.product-type.framework -expandbuildsettings -format binary -platform iphoneos -requiredArchitecture arm64 -o /Users/runner/Library/Developer/Xcode/DerivedData/PhoneCleaner-dcdzrjknxopvksduvixuduaydjkh/Build/Intermediates.noindex/ArchiveIntermediates/PhoneCleaner/IntermediateBuildFilesPath/UninstalledProducts/iphoneos/Pods_PhoneCleaner.framework/Info.plist

Libtool /Users/runner/Library/Developer/Xcode/DerivedData/PhoneCleaner-dcdzrjknxopvksduvixuduaydjkh/Build/Intermediates.noindex/ArchiveIntermediates/PhoneCleaner/IntermediateBuildFilesPath/UninstalledProducts/iphoneos/Pods_PhoneCleaner.framework/Pods_PhoneCleaner normal (in target 'Pods-PhoneCleaner' from project 'Pods')
    cd /Users/runner/work/Album_Clean/Album_Clean/Pods
    /Applications/Xcode_26.3.app/Contents/Developer/Toolchains/XcodeDefault.xctoolchain/usr/bin/libtool -static -arch_only arm64 -D -syslibroot /Applications/Xcode_26.3.app/Contents/Developer/Platforms/iPhoneOS.platform/Developer/SDKs/iPhoneOS26.2.sdk -L/Users/runner/Library/Developer/Xcode/DerivedData/PhoneCleaner-dcdzrjknxopvksduvixuduaydjkh/Build/Intermediates.noindex/ArchiveIntermediates/PhoneCleaner/BuildProductsPath/Release-iphoneos -L/var/run/com.apple.security.cryptexd/mnt/com.apple.MobileAsset.MetalToolchain-v17.3.7003.10.0ISSnU/Metal.xctoolchain/usr/lib/swift/iphoneos -L/Applications/Xcode_26.3.app/Contents/Developer/Platforms/iPhoneOS.platform/Developer/SDKs/iPhoneOS26.2.sdk/usr/lib/swift -filelist /Users/runner/Library/Developer/Xcode/DerivedData/PhoneCleaner-dcdzrjknxopvksduvixuduaydjkh/Build/Intermediates.noindex/ArchiveIntermediates/PhoneCleaner/IntermediateBuildFilesPath/Pods.build/Release-iphoneos/Pods-PhoneCleaner.build/Objects-normal/arm64/Pods_PhoneCleaner.LinkFileList -framework Foundation -dependency_info /Users/runner/Library/Developer/Xcode/DerivedData/PhoneCleaner-dcdzrjknxopvksduvixuduaydjkh/Build/Intermediates.noindex/ArchiveIntermediates/PhoneCleaner/IntermediateBuildFilesPath/Pods.build/Release-iphoneos/Pods-PhoneCleaner.build/Objects-normal/arm64/Pods_PhoneCleaner_libtool_dependency_info.dat -o /Users/runner/Library/Developer/Xcode/DerivedData/PhoneCleaner-dcdzrjknxopvksduvixuduaydjkh/Build/Intermediates.noindex/ArchiveIntermediates/PhoneCleaner/IntermediateBuildFilesPath/UninstalledProducts/iphoneos/Pods_PhoneCleaner.framework/Pods_PhoneCleaner

SetOwnerAndGroup runner:staff /Users/runner/Library/Developer/Xcode/DerivedData/PhoneCleaner-dcdzrjknxopvksduvixuduaydjkh/Build/Intermediates.noindex/ArchiveIntermediates/PhoneCleaner/IntermediateBuildFilesPath/UninstalledProducts/iphoneos/Pods_PhoneCleaner.framework (in target 'Pods-PhoneCleaner' from project 'Pods')
    cd /Users/runner/work/Album_Clean/Album_Clean/Pods
    /usr/sbin/chown -RH runner:staff /Users/runner/Library/Developer/Xcode/DerivedData/PhoneCleaner-dcdzrjknxopvksduvixuduaydjkh/Build/Intermediates.noindex/ArchiveIntermediates/PhoneCleaner/IntermediateBuildFilesPath/UninstalledProducts/iphoneos/Pods_PhoneCleaner.framework

SetMode u+w,go-w,a+rX /Users/runner/Library/Developer/Xcode/DerivedData/PhoneCleaner-dcdzrjknxopvksduvixuduaydjkh/Build/Intermediates.noindex/ArchiveIntermediates/PhoneCleaner/IntermediateBuildFilesPath/UninstalledProducts/iphoneos/Pods_PhoneCleaner.framework (in target 'Pods-PhoneCleaner' from project 'Pods')
    cd /Users/runner/work/Album_Clean/Album_Clean/Pods
    /bin/chmod -RH u+w,go-w,a+rX /Users/runner/Library/Developer/Xcode/DerivedData/PhoneCleaner-dcdzrjknxopvksduvixuduaydjkh/Build/Intermediates.noindex/ArchiveIntermediates/PhoneCleaner/IntermediateBuildFilesPath/UninstalledProducts/iphoneos/Pods_PhoneCleaner.framework

RegisterExecutionPolicyException /Users/runner/Library/Developer/Xcode/DerivedData/PhoneCleaner-dcdzrjknxopvksduvixuduaydjkh/Build/Intermediates.noindex/ArchiveIntermediates/PhoneCleaner/IntermediateBuildFilesPath/UninstalledProducts/iphoneos/Pods_PhoneCleaner.framework (in target 'Pods-PhoneCleaner' from project 'Pods')
    cd /Users/runner/work/Album_Clean/Album_Clean/Pods
    builtin-RegisterExecutionPolicyException /Users/runner/Library/Developer/Xcode/DerivedData/PhoneCleaner-dcdzrjknxopvksduvixuduaydjkh/Build/Intermediates.noindex/ArchiveIntermediates/PhoneCleaner/IntermediateBuildFilesPath/UninstalledProducts/iphoneos/Pods_PhoneCleaner.framework

Touch /Users/runner/Library/Developer/Xcode/DerivedData/PhoneCleaner-dcdzrjknxopvksduvixuduaydjkh/Build/Intermediates.noindex/ArchiveIntermediates/PhoneCleaner/IntermediateBuildFilesPath/UninstalledProducts/iphoneos/Pods_PhoneCleaner.framework (in target 'Pods-PhoneCleaner' from project 'Pods')
    cd /Users/runner/work/Album_Clean/Album_Clean/Pods
    /usr/bin/touch -c /Users/runner/Library/Developer/Xcode/DerivedData/PhoneCleaner-dcdzrjknxopvksduvixuduaydjkh/Build/Intermediates.noindex/ArchiveIntermediates/PhoneCleaner/IntermediateBuildFilesPath/UninstalledProducts/iphoneos/Pods_PhoneCleaner.framework

PhaseScriptExecution [CP]\ Check\ Pods\ Manifest.lock /Users/runner/Library/Developer/Xcode/DerivedData/PhoneCleaner-dcdzrjknxopvksduvixuduaydjkh/Build/Intermediates.noindex/ArchiveIntermediates/PhoneCleaner/IntermediateBuildFilesPath/PhoneCleaner.build/Release-iphoneos/PhoneCleaner.build/Script-1FF9FC9275A7B87450967B89.sh (in target 'PhoneCleaner' from project 'PhoneCleaner')
    cd /Users/runner/work/Album_Clean/Album_Clean
    /bin/sh -c /Users/runner/Library/Developer/Xcode/DerivedData/PhoneCleaner-dcdzrjknxopvksduvixuduaydjkh/Build/Intermediates.noindex/ArchiveIntermediates/PhoneCleaner/IntermediateBuildFilesPath/PhoneCleaner.build/Release-iphoneos/PhoneCleaner.build/Script-1FF9FC9275A7B87450967B89.sh

MkDir /Users/runner/Library/Developer/Xcode/DerivedData/PhoneCleaner-dcdzrjknxopvksduvixuduaydjkh/Build/Intermediates.noindex/ArchiveIntermediates/PhoneCleaner/IntermediateBuildFilesPath/PhoneCleaner.build/Release-iphoneos/PhoneCleaner.build/assetcatalog_output/unthinned (in target 'PhoneCleaner' from project 'PhoneCleaner')
    cd /Users/runner/work/Album_Clean/Album_Clean
    /bin/mkdir -p /Users/runner/Library/Developer/Xcode/DerivedData/PhoneCleaner-dcdzrjknxopvksduvixuduaydjkh/Build/Intermediates.noindex/ArchiveIntermediates/PhoneCleaner/IntermediateBuildFilesPath/PhoneCleaner.build/Release-iphoneos/PhoneCleaner.build/assetcatalog_output/unthinned

MkDir /Users/runner/Library/Developer/Xcode/DerivedData/PhoneCleaner-dcdzrjknxopvksduvixuduaydjkh/Build/Intermediates.noindex/ArchiveIntermediates/PhoneCleaner/IntermediateBuildFilesPath/PhoneCleaner.build/Release-iphoneos/PhoneCleaner.build/assetcatalog_output/thinned (in target 'PhoneCleaner' from project 'PhoneCleaner')
    cd /Users/runner/work/Album_Clean/Album_Clean
    /bin/mkdir -p /Users/runner/Library/Developer/Xcode/DerivedData/PhoneCleaner-dcdzrjknxopvksduvixuduaydjkh/Build/Intermediates.noindex/ArchiveIntermediates/PhoneCleaner/IntermediateBuildFilesPath/PhoneCleaner.build/Release-iphoneos/PhoneCleaner.build/assetcatalog_output/thinned

GenerateAssetSymbols /Users/runner/work/Album_Clean/Album_Clean/Sources/Resources/Assets.xcassets (in target 'PhoneCleaner' from project 'PhoneCleaner')
    cd /Users/runner/work/Album_Clean/Album_Clean
    /Applications/Xcode_26.3.app/Contents/Developer/usr/bin/actool /Users/runner/work/Album_Clean/Album_Clean/Sources/Resources/Assets.xcassets --compile /Users/runner/Library/Developer/Xcode/DerivedData/PhoneCleaner-dcdzrjknxopvksduvixuduaydjkh/Build/Intermediates.noindex/ArchiveIntermediates/PhoneCleaner/InstallationBuildProductsLocation/Applications/PhoneCleaner.app --output-format human-readable-text --notices --warnings --export-dependency-info /Users/runner/Library/Developer/Xcode/DerivedData/PhoneCleaner-dcdzrjknxopvksduvixuduaydjkh/Build/Intermediates.noindex/ArchiveIntermediates/PhoneCleaner/IntermediateBuildFilesPath/PhoneCleaner.build/Release-iphoneos/PhoneCleaner.build/assetcatalog_dependencies --output-partial-info-plist /Users/runner/Library/Developer/Xcode/DerivedData/PhoneCleaner-dcdzrjknxopvksduvixuduaydjkh/Build/Intermediates.noindex/ArchiveIntermediates/PhoneCleaner/IntermediateBuildFilesPath/PhoneCleaner.build/Release-iphoneos/PhoneCleaner.build/assetcatalog_generated_info.plist --app-icon AppIcon --compress-pngs --enable-on-demand-resources YES --development-region en --target-device iphone --minimum-deployment-target 16.0 --platform iphoneos --bundle-identifier com.smz.yrk.pxf --generate-swift-asset-symbol-extensions NO --generate-swift-asset-symbols /Users/runner/Library/Developer/Xcode/DerivedData/PhoneCleaner-dcdzrjknxopvksduvixuduaydjkh/Build/Intermediates.noindex/ArchiveIntermediates/PhoneCleaner/IntermediateBuildFilesPath/PhoneCleaner.build/Release-iphoneos/PhoneCleaner.build/DerivedSources/GeneratedAssetSymbols.swift --generate-objc-asset-symbols /Users/runner/Library/Developer/Xcode/DerivedData/PhoneCleaner-dcdzrjknxopvksduvixuduaydjkh/Build/Intermediates.noindex/ArchiveIntermediates/PhoneCleaner/IntermediateBuildFilesPath/PhoneCleaner.build/Release-iphoneos/PhoneCleaner.build/DerivedSources/GeneratedAssetSymbols.h --generate-asset-symbol-index /Users/runner/Library/Developer/Xcode/DerivedData/PhoneCleaner-dcdzrjknxopvksduvixuduaydjkh/Build/Intermediates.noindex/ArchiveIntermediates/PhoneCleaner/IntermediateBuildFilesPath/PhoneCleaner.build/Release-iphoneos/PhoneCleaner.build/DerivedSources/GeneratedAssetSymbols-Index.plist
/* com.apple.actool.compilation-results */
/Users/runner/Library/Developer/Xcode/DerivedData/PhoneCleaner-dcdzrjknxopvksduvixuduaydjkh/Build/Intermediates.noindex/ArchiveIntermediates/PhoneCleaner/IntermediateBuildFilesPath/PhoneCleaner.build/Release-iphoneos/PhoneCleaner.build/DerivedSources/GeneratedAssetSymbols-Index.plist
/Users/runner/Library/Developer/Xcode/DerivedData/PhoneCleaner-dcdzrjknxopvksduvixuduaydjkh/Build/Intermediates.noindex/ArchiveIntermediates/PhoneCleaner/IntermediateBuildFilesPath/PhoneCleaner.build/Release-iphoneos/PhoneCleaner.build/DerivedSources/GeneratedAssetSymbols.h
/Users/runner/Library/Developer/Xcode/DerivedData/PhoneCleaner-dcdzrjknxopvksduvixuduaydjkh/Build/Intermediates.noindex/ArchiveIntermediates/PhoneCleaner/IntermediateBuildFilesPath/PhoneCleaner.build/Release-iphoneos/PhoneCleaner.build/DerivedSources/GeneratedAssetSymbols.swift


CopyStringsFile /Users/runner/Library/Developer/Xcode/DerivedData/PhoneCleaner-dcdzrjknxopvksduvixuduaydjkh/Build/Intermediates.noindex/ArchiveIntermediates/PhoneCleaner/InstallationBuildProductsLocation/Applications/PhoneCleaner.app/zh-Hans.lproj/Localizable.strings /Users/runner/work/Album_Clean/Album_Clean/Sources/Resources/zh-Hans.lproj/Localizable.strings (in target 'PhoneCleaner' from project 'PhoneCleaner')
    cd /Users/runner/work/Album_Clean/Album_Clean
    builtin-copyStrings --validate --outputencoding binary --outfilename Localizable.strings --outdir /Users/runner/Library/Developer/Xcode/DerivedData/PhoneCleaner-dcdzrjknxopvksduvixuduaydjkh/Build/Intermediates.noindex/ArchiveIntermediates/PhoneCleaner/InstallationBuildProductsLocation/Applications/PhoneCleaner.app/zh-Hans.lproj -- /Users/runner/work/Album_Clean/Album_Clean/Sources/Resources/zh-Hans.lproj/Localizable.strings
/Users/runner/work/Album_Clean/Album_Clean/Sources/Resources/zh-Hans.lproj/Localizable.strings:1:1: note: detected encoding of input file as Unicode (UTF-8) (in target 'PhoneCleaner' from project 'PhoneCleaner')

CopyStringsFile /Users/runner/Library/Developer/Xcode/DerivedData/PhoneCleaner-dcdzrjknxopvksduvixuduaydjkh/Build/Intermediates.noindex/ArchiveIntermediates/PhoneCleaner/InstallationBuildProductsLocation/Applications/PhoneCleaner.app/zh-Hans.lproj/InfoPlist.strings /Users/runner/work/Album_Clean/Album_Clean/Sources/Resources/zh-Hans.lproj/InfoPlist.strings (in target 'PhoneCleaner' from project 'PhoneCleaner')
    cd /Users/runner/work/Album_Clean/Album_Clean
    builtin-copyStrings --validate --outputencoding binary --outfilename InfoPlist.strings --outdir /Users/runner/Library/Developer/Xcode/DerivedData/PhoneCleaner-dcdzrjknxopvksduvixuduaydjkh/Build/Intermediates.noindex/ArchiveIntermediates/PhoneCleaner/InstallationBuildProductsLocation/Applications/PhoneCleaner.app/zh-Hans.lproj -- /Users/runner/work/Album_Clean/Album_Clean/Sources/Resources/zh-Hans.lproj/InfoPlist.strings
/Users/runner/work/Album_Clean/Album_Clean/Sources/Resources/zh-Hans.lproj/InfoPlist.strings:1:1: note: detected encoding of input file as Unicode (UTF-8) (in target 'PhoneCleaner' from project 'PhoneCleaner')

CopyStringsFile /Users/runner/Library/Developer/Xcode/DerivedData/PhoneCleaner-dcdzrjknxopvksduvixuduaydjkh/Build/Intermediates.noindex/ArchiveIntermediates/PhoneCleaner/InstallationBuildProductsLocation/Applications/PhoneCleaner.app/en.lproj/Localizable.strings /Users/runner/work/Album_Clean/Album_Clean/Sources/Resources/en.lproj/Localizable.strings (in target 'PhoneCleaner' from project 'PhoneCleaner')
    cd /Users/runner/work/Album_Clean/Album_Clean
    builtin-copyStrings --validate --outputencoding binary --outfilename Localizable.strings --outdir /Users/runner/Library/Developer/Xcode/DerivedData/PhoneCleaner-dcdzrjknxopvksduvixuduaydjkh/Build/Intermediates.noindex/ArchiveIntermediates/PhoneCleaner/InstallationBuildProductsLocation/Applications/PhoneCleaner.app/en.lproj -- /Users/runner/work/Album_Clean/Album_Clean/Sources/Resources/en.lproj/Localizable.strings
/Users/runner/work/Album_Clean/Album_Clean/Sources/Resources/en.lproj/Localizable.strings:1:1: note: detected encoding of input file as Unicode (UTF-8) (in target 'PhoneCleaner' from project 'PhoneCleaner')

CopyStringsFile /Users/runner/Library/Developer/Xcode/DerivedData/PhoneCleaner-dcdzrjknxopvksduvixuduaydjkh/Build/Intermediates.noindex/ArchiveIntermediates/PhoneCleaner/InstallationBuildProductsLocation/Applications/PhoneCleaner.app/en.lproj/InfoPlist.strings /Users/runner/work/Album_Clean/Album_Clean/Sources/Resources/en.lproj/InfoPlist.strings (in target 'PhoneCleaner' from project 'PhoneCleaner')
    cd /Users/runner/work/Album_Clean/Album_Clean
    builtin-copyStrings --validate --outputencoding binary --outfilename InfoPlist.strings --outdir /Users/runner/Library/Developer/Xcode/DerivedData/PhoneCleaner-dcdzrjknxopvksduvixuduaydjkh/Build/Intermediates.noindex/ArchiveIntermediates/PhoneCleaner/InstallationBuildProductsLocation/Applications/PhoneCleaner.app/en.lproj -- /Users/runner/work/Album_Clean/Album_Clean/Sources/Resources/en.lproj/InfoPlist.strings
/Users/runner/work/Album_Clean/Album_Clean/Sources/Resources/en.lproj/InfoPlist.strings:1:1: note: detected encoding of input file as Unicode (UTF-8) (in target 'PhoneCleaner' from project 'PhoneCleaner')

CompileAssetCatalogVariant thinned /Users/runner/Library/Developer/Xcode/DerivedData/PhoneCleaner-dcdzrjknxopvksduvixuduaydjkh/Build/Intermediates.noindex/ArchiveIntermediates/PhoneCleaner/InstallationBuildProductsLocation/Applications/PhoneCleaner.app /Users/runner/work/Album_Clean/Album_Clean/Sources/Resources/Assets.xcassets (in target 'PhoneCleaner' from project 'PhoneCleaner')
    cd /Users/runner/work/Album_Clean/Album_Clean
    /Applications/Xcode_26.3.app/Contents/Developer/usr/bin/actool /Users/runner/work/Album_Clean/Album_Clean/Sources/Resources/Assets.xcassets --compile /Users/runner/Library/Developer/Xcode/DerivedData/PhoneCleaner-dcdzrjknxopvksduvixuduaydjkh/Build/Intermediates.noindex/ArchiveIntermediates/PhoneCleaner/IntermediateBuildFilesPath/PhoneCleaner.build/Release-iphoneos/PhoneCleaner.build/assetcatalog_output/thinned --output-format human-readable-text --notices --warnings --export-dependency-info /Users/runner/Library/Developer/Xcode/DerivedData/PhoneCleaner-dcdzrjknxopvksduvixuduaydjkh/Build/Intermediates.noindex/ArchiveIntermediates/PhoneCleaner/IntermediateBuildFilesPath/PhoneCleaner.build/Release-iphoneos/PhoneCleaner.build/assetcatalog_dependencies_thinned --output-partial-info-plist /Users/runner/Library/Developer/Xcode/DerivedData/PhoneCleaner-dcdzrjknxopvksduvixuduaydjkh/Build/Intermediates.noindex/ArchiveIntermediates/PhoneCleaner/IntermediateBuildFilesPath/PhoneCleaner.build/Release-iphoneos/PhoneCleaner.build/assetcatalog_generated_info.plist_thinned --app-icon AppIcon --compress-pngs --enable-on-demand-resources YES --development-region en --target-device iphone --minimum-deployment-target 16.0 --platform iphoneos
/* com.apple.actool.compilation-results */
/Users/runner/Library/Developer/Xcode/DerivedData/PhoneCleaner-dcdzrjknxopvksduvixuduaydjkh/Build/Intermediates.noindex/ArchiveIntermediates/PhoneCleaner/IntermediateBuildFilesPath/PhoneCleaner.build/Release-iphoneos/PhoneCleaner.build/assetcatalog_generated_info.plist_thinned
/Users/runner/Library/Developer/Xcode/DerivedData/PhoneCleaner-dcdzrjknxopvksduvixuduaydjkh/Build/Intermediates.noindex/ArchiveIntermediates/PhoneCleaner/IntermediateBuildFilesPath/PhoneCleaner.build/Release-iphoneos/PhoneCleaner.build/assetcatalog_output/thinned/AppIcon60x60@2x.png
/Users/runner/Library/Developer/Xcode/DerivedData/PhoneCleaner-dcdzrjknxopvksduvixuduaydjkh/Build/Intermediates.noindex/ArchiveIntermediates/PhoneCleaner/IntermediateBuildFilesPath/PhoneCleaner.build/Release-iphoneos/PhoneCleaner.build/assetcatalog_output/thinned/AppIcon76x76@2x~ipad.png
/Users/runner/Library/Developer/Xcode/DerivedData/PhoneCleaner-dcdzrjknxopvksduvixuduaydjkh/Build/Intermediates.noindex/ArchiveIntermediates/PhoneCleaner/IntermediateBuildFilesPath/PhoneCleaner.build/Release-iphoneos/PhoneCleaner.build/assetcatalog_output/thinned/Assets.car


SwiftDriver PhoneCleaner normal arm64 com.apple.xcode.tools.swift.compiler (in target 'PhoneCleaner' from project 'PhoneCleaner')
    cd /Users/runner/work/Album_Clean/Album_Clean
    builtin-SwiftDriver -- /Applications/Xcode_26.3.app/Contents/Developer/Toolchains/XcodeDefault.xctoolchain/usr/bin/swiftc -module-name PhoneCleaner -O -whole-module-optimization -enforce-exclusivity\=checked @/Users/runner/Library/Developer/Xcode/DerivedData/PhoneCleaner-dcdzrjknxopvksduvixuduaydjkh/Build/Intermediates.noindex/ArchiveIntermediates/PhoneCleaner/IntermediateBuildFilesPath/PhoneCleaner.build/Release-iphoneos/PhoneCleaner.build/Objects-normal/arm64/PhoneCleaner.SwiftFileList -D COCOAPODS -enable-bare-slash-regex -enable-experimental-feature DebugDescriptionMacro -sdk /Applications/Xcode_26.3.app/Contents/Developer/Platforms/iPhoneOS.platform/Developer/SDKs/iPhoneOS26.2.sdk -target arm64-apple-ios16.0 -g -module-cache-path /Users/runner/Library/Developer/Xcode/DerivedData/ModuleCache.noindex -Xfrontend -serialize-debugging-options -swift-version 5 -I /Users/runner/Library/Developer/Xcode/DerivedData/PhoneCleaner-dcdzrjknxopvksduvixuduaydjkh/Build/Intermediates.noindex/ArchiveIntermediates/PhoneCleaner/BuildProductsPath/Release-iphoneos -F /Users/runner/Library/Developer/Xcode/DerivedData/PhoneCleaner-dcdzrjknxopvksduvixuduaydjkh/Build/Intermediates.noindex/ArchiveIntermediates/PhoneCleaner/BuildProductsPath/Release-iphoneos -F /Users/runner/Library/Developer/Xcode/DerivedData/PhoneCleaner-dcdzrjknxopvksduvixuduaydjkh/Build/Intermediates.noindex/ArchiveIntermediates/PhoneCleaner/BuildProductsPath/Release-iphoneos/PlusKit -F /Users/runner/work/Album_Clean/Album_Clean/Pods/UMCommon/UMCommon_7.6.4 -F /Users/runner/work/Album_Clean/Album_Clean/Pods/UMDevice/UMDevice_3.6.0 -F /Users/runner/Library/Developer/Xcode/DerivedData/PhoneCleaner-dcdzrjknxopvksduvixuduaydjkh/Build/Intermediates.noindex/ArchiveIntermediates/PhoneCleaner/BuildProductsPath/Release-iphoneos/XCFrameworkIntermediates/UMCommon -F /Users/runner/Library/Developer/Xcode/DerivedData/PhoneCleaner-dcdzrjknxopvksduvixuduaydjkh/Build/Intermediates.noindex/ArchiveIntermediates/PhoneCleaner/BuildProductsPath/Release-iphoneos/XCFrameworkIntermediates/UMDevice -c -num-threads 3 -Xcc -ivfsstatcache -Xcc /Users/runner/Library/Developer/Xcode/DerivedData/SDKStatCaches.noindex/iphoneos26.2-23C57-dc75598d0054f22ec865fa860f139d722dd23b4ebda140f7210d155ff1243552.sdkstatcache -output-file-map /Users/runner/Library/Developer/Xcode/DerivedData/PhoneCleaner-dcdzrjknxopvksduvixuduaydjkh/Build/Intermediates.noindex/ArchiveIntermediates/PhoneCleaner/IntermediateBuildFilesPath/PhoneCleaner.build/Release-iphoneos/PhoneCleaner.build/Objects-normal/arm64/PhoneCleaner-OutputFileMap.json -use-frontend-parseable-output -save-temps -no-color-diagnostics -explicit-module-build -module-cache-path /Users/runner/Library/Developer/Xcode/DerivedData/PhoneCleaner-dcdzrjknxopvksduvixuduaydjkh/Build/Intermediates.noindex/ArchiveIntermediates/PhoneCleaner/IntermediateBuildFilesPath/SwiftExplicitPrecompiledModules -clang-scanner-module-cache-path /Users/runner/Library/Developer/Xcode/DerivedData/ModuleCache.noindex -sdk-module-cache-path /Users/runner/Library/Developer/Xcode/DerivedData/ModuleCache.noindex -serialize-diagnostics -emit-dependencies -emit-module -emit-module-path /Users/runner/Library/Developer/Xcode/DerivedData/PhoneCleaner-dcdzrjknxopvksduvixuduaydjkh/Build/Intermediates.noindex/ArchiveIntermediates/PhoneCleaner/IntermediateBuildFilesPath/PhoneCleaner.build/Release-iphoneos/PhoneCleaner.build/Objects-normal/arm64/PhoneCleaner.swiftmodule -validate-clang-modules-once -clang-build-session-file /Users/runner/Library/Developer/Xcode/DerivedData/ModuleCache.noindex/Session.modulevalidation -Xcc -I/Users/runner/Library/Developer/Xcode/DerivedData/PhoneCleaner-dcdzrjknxopvksduvixuduaydjkh/Build/Intermediates.noindex/ArchiveIntermediates/PhoneCleaner/IntermediateBuildFilesPath/PhoneCleaner.build/Release-iphoneos/PhoneCleaner.build/swift-overrides.hmap -emit-const-values -Xfrontend -const-gather-protocols-file -Xfrontend /Users/runner/Library/Developer/Xcode/DerivedData/PhoneCleaner-dcdzrjknxopvksduvixuduaydjkh/Build/Intermediates.noindex/ArchiveIntermediates/PhoneCleaner/IntermediateBuildFilesPath/PhoneCleaner.build/Release-iphoneos/PhoneCleaner.build/Objects-normal/arm64/PhoneCleaner_const_extract_protocols.json -Xcc -iquote -Xcc /Users/runner/Library/Developer/Xcode/DerivedData/PhoneCleaner-dcdzrjknxopvksduvixuduaydjkh/Build/Intermediates.noindex/ArchiveIntermediates/PhoneCleaner/IntermediateBuildFilesPath/PhoneCleaner.build/Release-iphoneos/PhoneCleaner.build/PhoneCleaner-generated-files.hmap -Xcc -I/Users/runner/Library/Developer/Xcode/DerivedData/PhoneCleaner-dcdzrjknxopvksduvixuduaydjkh/Build/Intermediates.noindex/ArchiveIntermediates/PhoneCleaner/IntermediateBuildFilesPath/PhoneCleaner.build/Release-iphoneos/PhoneCleaner.build/PhoneCleaner-own-target-headers.hmap -Xcc -I/Users/runner/Library/Developer/Xcode/DerivedData/PhoneCleaner-dcdzrjknxopvksduvixuduaydjkh/Build/Intermediates.noindex/ArchiveIntermediates/PhoneCleaner/IntermediateBuildFilesPath/PhoneCleaner.build/Release-iphoneos/PhoneCleaner.build/PhoneCleaner-all-non-framework-target-headers.hmap -Xcc -ivfsoverlay -Xcc /Users/runner/Library/Developer/Xcode/DerivedData/PhoneCleaner-dcdzrjknxopvksduvixuduaydjkh/Build/Intermediates.noindex/ArchiveIntermediates/PhoneCleaner/IntermediateBuildFilesPath/PhoneCleaner.build/Release-iphoneos/PhoneCleaner-9143eb50b9da544b35b9d1ee6b1f2f0c-VFS-iphoneos/all-product-headers.yaml -Xcc -iquote -Xcc /Users/runner/Library/Developer/Xcode/DerivedData/PhoneCleaner-dcdzrjknxopvksduvixuduaydjkh/Build/Intermediates.noindex/ArchiveIntermediates/PhoneCleaner/IntermediateBuildFilesPath/PhoneCleaner.build/Release-iphoneos/PhoneCleaner.build/PhoneCleaner-project-headers.hmap -Xcc -I/Users/runner/Library/Developer/Xcode/DerivedData/PhoneCleaner-dcdzrjknxopvksduvixuduaydjkh/Build/Intermediates.noindex/ArchiveIntermediates/PhoneCleaner/BuildProductsPath/Release-iphoneos/include -Xcc -I/Users/runner/Library/Developer/Xcode/DerivedData/PhoneCleaner-dcdzrjknxopvksduvixuduaydjkh/Build/Intermediates.noindex/ArchiveIntermediates/PhoneCleaner/BuildProductsPath/Release-iphoneos/PlusKit/PlusKit.framework/Headers -Xcc -I/Users/runner/Library/Developer/Xcode/DerivedData/PhoneCleaner-dcdzrjknxopvksduvixuduaydjkh/Build/Intermediates.noindex/ArchiveIntermediates/PhoneCleaner/IntermediateBuildFilesPath/PhoneCleaner.build/Release-iphoneos/PhoneCleaner.build/DerivedSources-normal/arm64 -Xcc -I/Users/runner/Library/Developer/Xcode/DerivedData/PhoneCleaner-dcdzrjknxopvksduvixuduaydjkh/Build/Intermediates.noindex/ArchiveIntermediates/PhoneCleaner/IntermediateBuildFilesPath/PhoneCleaner.build/Release-iphoneos/PhoneCleaner.build/DerivedSources/arm64 -Xcc -I/Users/runner/Library/Developer/Xcode/DerivedData/PhoneCleaner-dcdzrjknxopvksduvixuduaydjkh/Build/Intermediates.noindex/ArchiveIntermediates/PhoneCleaner/IntermediateBuildFilesPath/PhoneCleaner.build/Release-iphoneos/PhoneCleaner.build/DerivedSources -Xcc -DCOCOAPODS\=1 -emit-objc-header -emit-objc-header-path /Users/runner/Library/Developer/Xcode/DerivedData/PhoneCleaner-dcdzrjknxopvksduvixuduaydjkh/Build/Intermediates.noindex/ArchiveIntermediates/PhoneCleaner/IntermediateBuildFilesPath/PhoneCleaner.build/Release-iphoneos/PhoneCleaner.build/Objects-normal/arm64/PhoneCleaner-Swift.h -working-directory /Users/runner/work/Album_Clean/Album_Clean -no-emit-module-separately-wmo

SwiftDriver\ Compilation PhoneCleaner normal arm64 com.apple.xcode.tools.swift.compiler (in target 'PhoneCleaner' from project 'PhoneCleaner')
    cd /Users/runner/work/Album_Clean/Album_Clean
    builtin-Swift-Compilation -- /Applications/Xcode_26.3.app/Contents/Developer/Toolchains/XcodeDefault.xctoolchain/usr/bin/swiftc -module-name PhoneCleaner -O -whole-module-optimization -enforce-exclusivity\=checked @/Users/runner/Library/Developer/Xcode/DerivedData/PhoneCleaner-dcdzrjknxopvksduvixuduaydjkh/Build/Intermediates.noindex/ArchiveIntermediates/PhoneCleaner/IntermediateBuildFilesPath/PhoneCleaner.build/Release-iphoneos/PhoneCleaner.build/Objects-normal/arm64/PhoneCleaner.SwiftFileList -D COCOAPODS -enable-bare-slash-regex -enable-experimental-feature DebugDescriptionMacro -sdk /Applications/Xcode_26.3.app/Contents/Developer/Platforms/iPhoneOS.platform/Developer/SDKs/iPhoneOS26.2.sdk -target arm64-apple-ios16.0 -g -module-cache-path /Users/runner/Library/Developer/Xcode/DerivedData/ModuleCache.noindex -Xfrontend -serialize-debugging-options -swift-version 5 -I /Users/runner/Library/Developer/Xcode/DerivedData/PhoneCleaner-dcdzrjknxopvksduvixuduaydjkh/Build/Intermediates.noindex/ArchiveIntermediates/PhoneCleaner/BuildProductsPath/Release-iphoneos -F /Users/runner/Library/Developer/Xcode/DerivedData/PhoneCleaner-dcdzrjknxopvksduvixuduaydjkh/Build/Intermediates.noindex/ArchiveIntermediates/PhoneCleaner/BuildProductsPath/Release-iphoneos -F /Users/runner/Library/Developer/Xcode/DerivedData/PhoneCleaner-dcdzrjknxopvksduvixuduaydjkh/Build/Intermediates.noindex/ArchiveIntermediates/PhoneCleaner/BuildProductsPath/Release-iphoneos/PlusKit -F /Users/runner/work/Album_Clean/Album_Clean/Pods/UMCommon/UMCommon_7.6.4 -F /Users/runner/work/Album_Clean/Album_Clean/Pods/UMDevice/UMDevice_3.6.0 -F /Users/runner/Library/Developer/Xcode/DerivedData/PhoneCleaner-dcdzrjknxopvksduvixuduaydjkh/Build/Intermediates.noindex/ArchiveIntermediates/PhoneCleaner/BuildProductsPath/Release-iphoneos/XCFrameworkIntermediates/UMCommon -F /Users/runner/Library/Developer/Xcode/DerivedData/PhoneCleaner-dcdzrjknxopvksduvixuduaydjkh/Build/Intermediates.noindex/ArchiveIntermediates/PhoneCleaner/BuildProductsPath/Release-iphoneos/XCFrameworkIntermediates/UMDevice -c -num-threads 3 -Xcc -ivfsstatcache -Xcc /Users/runner/Library/Developer/Xcode/DerivedData/SDKStatCaches.noindex/iphoneos26.2-23C57-dc75598d0054f22ec865fa860f139d722dd23b4ebda140f7210d155ff1243552.sdkstatcache -output-file-map /Users/runner/Library/Developer/Xcode/DerivedData/PhoneCleaner-dcdzrjknxopvksduvixuduaydjkh/Build/Intermediates.noindex/ArchiveIntermediates/PhoneCleaner/IntermediateBuildFilesPath/PhoneCleaner.build/Release-iphoneos/PhoneCleaner.build/Objects-normal/arm64/PhoneCleaner-OutputFileMap.json -use-frontend-parseable-output -save-temps -no-color-diagnostics -explicit-module-build -module-cache-path /Users/runner/Library/Developer/Xcode/DerivedData/PhoneCleaner-dcdzrjknxopvksduvixuduaydjkh/Build/Intermediates.noindex/ArchiveIntermediates/PhoneCleaner/IntermediateBuildFilesPath/SwiftExplicitPrecompiledModules -clang-scanner-module-cache-path /Users/runner/Library/Developer/Xcode/DerivedData/ModuleCache.noindex -sdk-module-cache-path /Users/runner/Library/Developer/Xcode/DerivedData/ModuleCache.noindex -serialize-diagnostics -emit-dependencies -emit-module -emit-module-path /Users/runner/Library/Developer/Xcode/DerivedData/PhoneCleaner-dcdzrjknxopvksduvixuduaydjkh/Build/Intermediates.noindex/ArchiveIntermediates/PhoneCleaner/IntermediateBuildFilesPath/PhoneCleaner.build/Release-iphoneos/PhoneCleaner.build/Objects-normal/arm64/PhoneCleaner.swiftmodule -validate-clang-modules-once -clang-build-session-file /Users/runner/Library/Developer/Xcode/DerivedData/ModuleCache.noindex/Session.modulevalidation -Xcc -I/Users/runner/Library/Developer/Xcode/DerivedData/PhoneCleaner-dcdzrjknxopvksduvixuduaydjkh/Build/Intermediates.noindex/ArchiveIntermediates/PhoneCleaner/IntermediateBuildFilesPath/PhoneCleaner.build/Release-iphoneos/PhoneCleaner.build/swift-overrides.hmap -emit-const-values -Xfrontend -const-gather-protocols-file -Xfrontend /Users/runner/Library/Developer/Xcode/DerivedData/PhoneCleaner-dcdzrjknxopvksduvixuduaydjkh/Build/Intermediates.noindex/ArchiveIntermediates/PhoneCleaner/IntermediateBuildFilesPath/PhoneCleaner.build/Release-iphoneos/PhoneCleaner.build/Objects-normal/arm64/PhoneCleaner_const_extract_protocols.json -Xcc -iquote -Xcc /Users/runner/Library/Developer/Xcode/DerivedData/PhoneCleaner-dcdzrjknxopvksduvixuduaydjkh/Build/Intermediates.noindex/ArchiveIntermediates/PhoneCleaner/IntermediateBuildFilesPath/PhoneCleaner.build/Release-iphoneos/PhoneCleaner.build/PhoneCleaner-generated-files.hmap -Xcc -I/Users/runner/Library/Developer/Xcode/DerivedData/PhoneCleaner-dcdzrjknxopvksduvixuduaydjkh/Build/Intermediates.noindex/ArchiveIntermediates/PhoneCleaner/IntermediateBuildFilesPath/PhoneCleaner.build/Release-iphoneos/PhoneCleaner.build/PhoneCleaner-own-target-headers.hmap -Xcc -I/Users/runner/Library/Developer/Xcode/DerivedData/PhoneCleaner-dcdzrjknxopvksduvixuduaydjkh/Build/Intermediates.noindex/ArchiveIntermediates/PhoneCleaner/IntermediateBuildFilesPath/PhoneCleaner.build/Release-iphoneos/PhoneCleaner.build/PhoneCleaner-all-non-framework-target-headers.hmap -Xcc -ivfsoverlay -Xcc /Users/runner/Library/Developer/Xcode/DerivedData/PhoneCleaner-dcdzrjknxopvksduvixuduaydjkh/Build/Intermediates.noindex/ArchiveIntermediates/PhoneCleaner/IntermediateBuildFilesPath/PhoneCleaner.build/Release-iphoneos/PhoneCleaner-9143eb50b9da544b35b9d1ee6b1f2f0c-VFS-iphoneos/all-product-headers.yaml -Xcc -iquote -Xcc /Users/runner/Library/Developer/Xcode/DerivedData/PhoneCleaner-dcdzrjknxopvksduvixuduaydjkh/Build/Intermediates.noindex/ArchiveIntermediates/PhoneCleaner/IntermediateBuildFilesPath/PhoneCleaner.build/Release-iphoneos/PhoneCleaner.build/PhoneCleaner-project-headers.hmap -Xcc -I/Users/runner/Library/Developer/Xcode/DerivedData/PhoneCleaner-dcdzrjknxopvksduvixuduaydjkh/Build/Intermediates.noindex/ArchiveIntermediates/PhoneCleaner/BuildProductsPath/Release-iphoneos/include -Xcc -I/Users/runner/Library/Developer/Xcode/DerivedData/PhoneCleaner-dcdzrjknxopvksduvixuduaydjkh/Build/Intermediates.noindex/ArchiveIntermediates/PhoneCleaner/BuildProductsPath/Release-iphoneos/PlusKit/PlusKit.framework/Headers -Xcc -I/Users/runner/Library/Developer/Xcode/DerivedData/PhoneCleaner-dcdzrjknxopvksduvixuduaydjkh/Build/Intermediates.noindex/ArchiveIntermediates/PhoneCleaner/IntermediateBuildFilesPath/PhoneCleaner.build/Release-iphoneos/PhoneCleaner.build/DerivedSources-normal/arm64 -Xcc -I/Users/runner/Library/Developer/Xcode/DerivedData/PhoneCleaner-dcdzrjknxopvksduvixuduaydjkh/Build/Intermediates.noindex/ArchiveIntermediates/PhoneCleaner/IntermediateBuildFilesPath/PhoneCleaner.build/Release-iphoneos/PhoneCleaner.build/DerivedSources/arm64 -Xcc -I/Users/runner/Library/Developer/Xcode/DerivedData/PhoneCleaner-dcdzrjknxopvksduvixuduaydjkh/Build/Intermediates.noindex/ArchiveIntermediates/PhoneCleaner/IntermediateBuildFilesPath/PhoneCleaner.build/Release-iphoneos/PhoneCleaner.build/DerivedSources -Xcc -DCOCOAPODS\=1 -emit-objc-header -emit-objc-header-path /Users/runner/Library/Developer/Xcode/DerivedData/PhoneCleaner-dcdzrjknxopvksduvixuduaydjkh/Build/Intermediates.noindex/ArchiveIntermediates/PhoneCleaner/IntermediateBuildFilesPath/PhoneCleaner.build/Release-iphoneos/PhoneCleaner.build/Objects-normal/arm64/PhoneCleaner-Swift.h -working-directory /Users/runner/work/Album_Clean/Album_Clean -no-emit-module-separately-wmo

SwiftExplicitDependencyGeneratePcm arm64 /Users/runner/Library/Developer/Xcode/DerivedData/ModuleCache.noindex/_StoreKit_SwiftUI-1T7X346OILNGBZAAEVX8SSJLU.pcm

SwiftExplicitDependencyGeneratePcm arm64 /Users/runner/Library/Developer/Xcode/DerivedData/ModuleCache.noindex/ptrcheck-4B75TA49T7YAARX5JSPE1KZDM.pcm

SwiftExplicitDependencyGeneratePcm arm64 /Users/runner/Library/Developer/Xcode/DerivedData/ModuleCache.noindex/SwiftShims-36L5TMN9OUCLA1P8DKJP9RN6Y.pcm

SwiftExplicitDependencyGeneratePcm arm64 /Users/runner/Library/Developer/Xcode/DerivedData/ModuleCache.noindex/DeveloperToolsSupport-91M3588X5I450EVJX866G6F37.pcm

SwiftExplicitDependencyGeneratePcm arm64 /Users/runner/Library/Developer/Xcode/DerivedData/ModuleCache.noindex/_SwiftConcurrencyShims-ET20BZ6W4R0387G36PO1KXMLT.pcm

SwiftExplicitDependencyGeneratePcm arm64 /Users/runner/Library/Developer/Xcode/DerivedData/ModuleCache.noindex/_Builtin_float-6Q04N3WJW42GZHXGGCGCMO3V5.pcm

SwiftExplicitDependencyGeneratePcm arm64 /Users/runner/Library/Developer/Xcode/DerivedData/ModuleCache.noindex/_Builtin_stddef-D56B3AOPZILRV5RY4Z7BMDOSL.pcm

SwiftExplicitDependencyGeneratePcm arm64 /Users/runner/Library/Developer/Xcode/DerivedData/ModuleCache.noindex/ptrauth-1Y82ZI8JJINRN1FZ63K8V9FEN.pcm

SwiftExplicitDependencyGeneratePcm arm64 /Users/runner/Library/Developer/Xcode/DerivedData/ModuleCache.noindex/_AvailabilityInternal-B2MJT460RPZK6C0PMHF3AYFHD.pcm

SwiftExplicitDependencyGeneratePcm arm64 /Users/runner/Library/Developer/Xcode/DerivedData/ModuleCache.noindex/_Builtin_stdarg-3UADYY6JF9BGYXF2W3DEH9JXO.pcm

SwiftExplicitDependencyGeneratePcm arm64 /Users/runner/Library/Developer/Xcode/DerivedData/ModuleCache.noindex/_Builtin_stdbool-E4PO5GYSXQ6FUD9MW336XM8CW.pcm

SwiftExplicitDependencyGeneratePcm arm64 /Users/runner/Library/Developer/Xcode/DerivedData/ModuleCache.noindex/_DarwinFoundation1-AXAK9ONW7IKCKKQ7MHOZIUP92.pcm

SwiftExplicitDependencyGeneratePcm arm64 /Users/runner/Library/Developer/Xcode/DerivedData/ModuleCache.noindex/ExtensionFoundation-KBUSF8XO2NYC7SINEFMXG81H.pcm

SwiftExplicitDependencyGeneratePcm arm64 /Users/runner/Library/Developer/Xcode/DerivedData/ModuleCache.noindex/_DarwinFoundation2-1KT0N7QVJW9SSDL0IT59PIDTQ.pcm

SwiftExplicitDependencyGeneratePcm arm64 /Users/runner/Library/Developer/Xcode/DerivedData/ModuleCache.noindex/_Builtin_limits-9C4XWF56YW5VJNE462XX3S291.pcm

SwiftExplicitDependencyGeneratePcm arm64 /Users/runner/Library/Developer/Xcode/DerivedData/ModuleCache.noindex/sys_types-E69JO91901MPSX468XXSJ0DWA.pcm

SwiftExplicitDependencyGeneratePcm arm64 /Users/runner/Library/Developer/Xcode/DerivedData/ModuleCache.noindex/_Builtin_tgmath-1TUS3D6GAQO0OXTADD9NGJMDW.pcm

SwiftExplicitDependencyGeneratePcm arm64 /Users/runner/Library/Developer/Xcode/DerivedData/ModuleCache.noindex/_Builtin_stdint-4ZBGKR1WDBRDOEE3FG0E90DW4.pcm

SwiftExplicitDependencyGeneratePcm arm64 /Users/runner/Library/Developer/Xcode/DerivedData/ModuleCache.noindex/_DarwinFoundation3-D40WAL051S54GZJ60Z168IDIJ.pcm

SwiftExplicitDependencyGeneratePcm arm64 /Users/runner/Library/Developer/Xcode/DerivedData/ModuleCache.noindex/_Builtin_stdatomic-3WK2Z71TFBQKU6QB4L36DE6DC.pcm

SwiftExplicitDependencyGeneratePcm arm64 /Users/runner/Library/Developer/Xcode/DerivedData/ModuleCache.noindex/_Builtin_intrinsics-DJ6QEK45NQG9PH3GWW33QL5IU.pcm

SwiftExplicitDependencyGeneratePcm arm64 /Users/runner/Library/Developer/Xcode/DerivedData/ModuleCache.noindex/_Builtin_inttypes-ASOK1VH4JJGAVQVC810HI7EMV.pcm

SwiftExplicitDependencyGeneratePcm arm64 /Users/runner/Library/Developer/Xcode/DerivedData/ModuleCache.noindex/Darwin-32VBULM4JKW7F2LRJOYBITGQ2.pcm

SwiftExplicitDependencyGeneratePcm arm64 /Users/runner/Library/Developer/Xcode/DerivedData/ModuleCache.noindex/simd-BC09T05ZBP4J6AQ2DW5YSDFJF.pcm

SwiftExplicitDependencyGeneratePcm arm64 /Users/runner/Library/Developer/Xcode/DerivedData/ModuleCache.noindex/ObjectiveC-5TQAA2KKN8UV2ABL3ZGXO1F8F.pcm

SwiftExplicitDependencyGeneratePcm arm64 /Users/runner/Library/Developer/Xcode/DerivedData/ModuleCache.noindex/MachO-XF793000230WFAGL2MUFO2LC.pcm

SwiftExplicitDependencyGeneratePcm arm64 /Users/runner/Library/Developer/Xcode/DerivedData/ModuleCache.noindex/os_object-4HBEW84IMG0SV75KWBGF0RPAH.pcm

SwiftExplicitDependencyGeneratePcm arm64 /Users/runner/Library/Developer/Xcode/DerivedData/ModuleCache.noindex/os_workgroup-9SJQPIK7APJMRV158BIKQV99U.pcm

SwiftExplicitDependencyGeneratePcm arm64 /Users/runner/Library/Developer/Xcode/DerivedData/ModuleCache.noindex/Dispatch-X3CFGJJVQX83YULHXU36K3X3.pcm

SwiftExplicitDependencyGeneratePcm arm64 /Users/runner/Library/Developer/Xcode/DerivedData/ModuleCache.noindex/dnssd-6X08POFDPHALJE4IWLODPAJ27.pcm

SwiftExplicitDependencyGeneratePcm arm64 /Users/runner/Library/Developer/Xcode/DerivedData/ModuleCache.noindex/XPC-89K375CHT9XZ8PGOT4UQAWR3.pcm

SwiftExplicitDependencyGeneratePcm arm64 /Users/runner/Library/Developer/Xcode/DerivedData/ModuleCache.noindex/CoreFoundation-3215T7Y2FPISGZJV8Y4WBJTG5.pcm

SwiftExplicitDependencyGeneratePcm arm64 /Users/runner/Library/Developer/Xcode/DerivedData/ModuleCache.noindex/os-2LE86AEK2RRCEWX1Q6Q5FMR7L.pcm

SwiftExplicitDependencyGeneratePcm arm64 /Users/runner/Library/Developer/Xcode/DerivedData/ModuleCache.noindex/AddressBook-2M3GK22LYEJM9LCD517YKFBIR.pcm

SwiftExplicitDependencyGeneratePcm arm64 /Users/runner/Library/Developer/Xcode/DerivedData/ModuleCache.noindex/CoreGraphics-2UONO584T1RSNICGD46TTIMWI.pcm

SwiftExplicitDependencyGeneratePcm arm64 /Users/runner/Library/Developer/Xcode/DerivedData/ModuleCache.noindex/CoreAudioTypes-37I3J0UPJN8F5N1ZML6I4G9BO.pcm

SwiftExplicitDependencyGeneratePcm arm64 /Users/runner/Library/Developer/Xcode/DerivedData/ModuleCache.noindex/ImageIO-2PE3RSN3EQDR8AB492WCV5KVO.pcm

SwiftExplicitDependencyGeneratePcm arm64 /Users/runner/Library/Developer/Xcode/DerivedData/ModuleCache.noindex/CoreAudio-39J0NGEL7YX2SMOFXZTWIROOZ.pcm

SwiftExplicitDependencyGeneratePcm arm64 /Users/runner/Library/Developer/Xcode/DerivedData/ModuleCache.noindex/CoreText-ASW4JYHOHBTNI9Z1ZJFI18ZJX.pcm

SwiftExplicitDependencyGeneratePcm arm64 /Users/runner/Library/Developer/Xcode/DerivedData/ModuleCache.noindex/CFNetwork-E0B0K6S63NRFXUCN0I248J3I1.pcm

SwiftExplicitDependencyGeneratePcm arm64 /Users/runner/Library/Developer/Xcode/DerivedData/ModuleCache.noindex/Spatial-AVALRA07WHT5QQA2UCIN30PPY.pcm

SwiftExplicitDependencyGeneratePcm arm64 /Users/runner/Library/Developer/Xcode/DerivedData/ModuleCache.noindex/Security-3XET3X1ZVNYOYNNVCH81T0HFO.pcm

SwiftExplicitDependencyGeneratePcm arm64 /Users/runner/Library/Developer/Xcode/DerivedData/ModuleCache.noindex/Foundation-4I2YB51NCVN7PIQ9SOQ65EFCQ.pcm

SwiftExplicitDependencyGeneratePcm arm64 /Users/runner/Library/Developer/Xcode/DerivedData/ModuleCache.noindex/CoreTransferable-F4WNIHYYM49DYNGR39KCJNUHV.pcm

SwiftExplicitDependencyGeneratePcm arm64 /Users/runner/Library/Developer/Xcode/DerivedData/ModuleCache.noindex/FileProvider-14568SSUIUX0NM03XVN13MM7N.pcm

SwiftExplicitDependencyGeneratePcm arm64 /Users/runner/Library/Developer/Xcode/DerivedData/ModuleCache.noindex/Accessibility-7LEZIECK08G19RZT5RG2DPKBJ.pcm

SwiftExplicitDependencyGeneratePcm arm64 /Users/runner/Library/Developer/Xcode/DerivedData/ModuleCache.noindex/CoreMIDI-59M3GLKLQKF9378AHWLCKTCJ7.pcm

SwiftExplicitDependencyGeneratePcm arm64 /Users/runner/Library/Developer/Xcode/DerivedData/ModuleCache.noindex/_LocationEssentials-1VO5GDVADOMSYJ8Z8DSEWBWI2.pcm

SwiftExplicitDependencyGeneratePcm arm64 /Users/runner/Library/Developer/Xcode/DerivedData/ModuleCache.noindex/DataDetection-39C62IC8HT924M4AAX26RK9RF.pcm

SwiftExplicitDependencyGeneratePcm arm64 /Users/runner/Library/Developer/Xcode/DerivedData/ModuleCache.noindex/IOSurface-EITNWS6CD8MHQPUNBQ8E33QS2.pcm

SwiftExplicitDependencyGeneratePcm arm64 /Users/runner/Library/Developer/Xcode/DerivedData/ModuleCache.noindex/AdServices-6YDU60TPP2WNEB4JB21YRCPOV.pcm

SwiftExplicitDependencyGeneratePcm arm64 /Users/runner/Library/Developer/Xcode/DerivedData/ModuleCache.noindex/UniformTypeIdentifiers-3NK19WQD8IY7TNM619XIF67X7.pcm

SwiftExplicitDependencyGeneratePcm arm64 /Users/runner/Library/Developer/Xcode/DerivedData/ModuleCache.noindex/UIUtilities-8DB0XC5PDFUF6Y05HP9HFX70I.pcm

SwiftExplicitDependencyGeneratePcm arm64 /Users/runner/Library/Developer/Xcode/DerivedData/ModuleCache.noindex/AudioToolbox-7DCGNBXVIZY73XMPP2DARH5TF.pcm

SwiftExplicitDependencyGeneratePcm arm64 /Users/runner/Library/Developer/Xcode/DerivedData/ModuleCache.noindex/Symbols-1OMEYTK0D02NE3NWLO9SNQLOB.pcm

SwiftExplicitDependencyGeneratePcm arm64 /Users/runner/Library/Developer/Xcode/DerivedData/ModuleCache.noindex/OSLog-5XPW98X3CH9B5HGSBSNWIPMSG.pcm

SwiftExplicitDependencyGeneratePcm arm64 /Users/runner/Library/Developer/Xcode/DerivedData/ModuleCache.noindex/BackgroundAssets-B6CAMOIX9VY5VPNZTJCK245ZV.pcm

SwiftExplicitDependencyGeneratePcm arm64 /Users/runner/Library/Developer/Xcode/DerivedData/ModuleCache.noindex/CoreLocation-EK5HV73ZA0L5M9GKBO2IBY40K.pcm

SwiftExplicitDependencyGeneratePcm arm64 /Users/runner/Library/Developer/Xcode/DerivedData/ModuleCache.noindex/Contacts-4XMW8PK93DESCY1I93ENVOHSJ.pcm

SwiftExplicitDependencyGeneratePcm arm64 /Users/runner/Library/Developer/Xcode/DerivedData/ModuleCache.noindex/AppIntents-C6XQGA6IS9W8XXE8BK49DA9ET.pcm

SwiftExplicitDependencyGeneratePcm arm64 /Users/runner/Library/Developer/Xcode/DerivedData/ModuleCache.noindex/OpenGLES-5BVFD2P8FW75C0D3OOF1NTSHT.pcm

SwiftExplicitDependencyGeneratePcm arm64 /Users/runner/Library/Developer/Xcode/DerivedData/ModuleCache.noindex/LocalAuthentication-AAGAF3KAMC1OIQ92O0SA543OB.pcm

SwiftExplicitDependencyGeneratePcm arm64 /Users/runner/Library/Developer/Xcode/DerivedData/ModuleCache.noindex/UserNotifications-12M6M0ALNKFG8Y2N3JC30RDHG.pcm

SwiftExplicitDependencyGeneratePcm arm64 /Users/runner/Library/Developer/Xcode/DerivedData/ModuleCache.noindex/Metal-67AOBAU2YZN7OR2TPYHC4AGG9.pcm

SwiftExplicitDependencyGeneratePcm arm64 /Users/runner/Library/Developer/Xcode/DerivedData/ModuleCache.noindex/Network-B9JLTSOQBY04TPX89YOYEDA9W.pcm

SwiftExplicitDependencyGeneratePcm arm64 /Users/runner/Library/Developer/Xcode/DerivedData/ModuleCache.noindex/CoreSpotlight-6IZXV5GVY2N85E2GMKAWR7IPO.pcm

SwiftExplicitDependencyGeneratePcm arm64 /Users/runner/Library/Developer/Xcode/DerivedData/ModuleCache.noindex/AVRouting-ABXJG2DVXNXPTOWNFCJ15ZA61.pcm

SwiftExplicitDependencyGeneratePcm arm64 /Users/runner/Library/Developer/Xcode/DerivedData/ModuleCache.noindex/EventKit-30YJZ5VZSFHYMJAJBGH2DW6LE.pcm

SwiftExplicitDependencyGeneratePcm arm64 /Users/runner/Library/Developer/Xcode/DerivedData/ModuleCache.noindex/RelevanceKit-A1HVY2QJ4ZW4EBRAB04FGO5ET.pcm

SwiftExplicitDependencyGeneratePcm arm64 /Users/runner/Library/Developer/Xcode/DerivedData/ModuleCache.noindex/CoreVideo-71NZJPXNJCTVI17O2717FGKG7.pcm

SwiftExplicitDependencyGeneratePcm arm64 /Users/runner/Library/Developer/Xcode/DerivedData/ModuleCache.noindex/CoreData-BPKV9QIGKFE3W18LLZW84WBW4.pcm

SwiftExplicitDependencyGeneratePcm arm64 /Users/runner/Library/Developer/Xcode/DerivedData/ModuleCache.noindex/Accelerate-9AODM93B14847IIX27PRCXIEJ.pcm

SwiftExplicitDependencyGeneratePcm arm64 /Users/runner/Library/Developer/Xcode/DerivedData/ModuleCache.noindex/CoreImage-BR89QKJ2INPTAV28N88H0K43K.pcm

SwiftExplicitDependencyGeneratePcm arm64 /Users/runner/Library/Developer/Xcode/DerivedData/ModuleCache.noindex/CoreMedia-6N9DTZ3Q28F14GWRS2XJT3D41.pcm

SwiftExplicitDependencyGeneratePcm arm64 /Users/runner/Library/Developer/Xcode/DerivedData/ModuleCache.noindex/QuartzCore-G4VI6MQNGAJ23I08R68TFRFW.pcm

SwiftExplicitDependencyGeneratePcm arm64 /Users/runner/Library/Developer/Xcode/DerivedData/ModuleCache.noindex/MediaToolbox-8P3BWOJONFUNFC4BAFTXD41G8.pcm

SwiftExplicitDependencyGeneratePcm arm64 /Users/runner/Library/Developer/Xcode/DerivedData/ModuleCache.noindex/CoreML-1AZC1A75U33R10CUNTI338ID6.pcm

SwiftExplicitDependencyGeneratePcm arm64 /Users/runner/Library/Developer/Xcode/DerivedData/ModuleCache.noindex/UIKit-EDFPHR8P79JGOAZWB9FIQRHYR.pcm

SwiftExplicitDependencyGeneratePcm arm64 /Users/runner/Library/Developer/Xcode/DerivedData/ModuleCache.noindex/Vision-6BY3R1O650XAWLI6TEB7D5D68.pcm

SwiftExplicitDependencyGeneratePcm arm64 /Users/runner/Library/Developer/Xcode/DerivedData/ModuleCache.noindex/AVFAudio-1EY9IPUZLAM12MRW47Q9FI499.pcm

SwiftExplicitDependencyGeneratePcm arm64 /Users/runner/Library/Developer/Xcode/DerivedData/ModuleCache.noindex/SwiftUICore-5YI9C02NF3MHQBWW995K6KLE7.pcm

SwiftExplicitDependencyGeneratePcm arm64 /Users/runner/Library/Developer/Xcode/DerivedData/ModuleCache.noindex/AVFoundation-CSEOVNEZ793E6KJQMA0U0S8QV.pcm

SwiftExplicitDependencyGeneratePcm arm64 /Users/runner/Library/Developer/Xcode/DerivedData/ModuleCache.noindex/SwiftUI-35WLO3LENPATPT7555CRKKV66.pcm

SwiftExplicitDependencyGeneratePcm arm64 /Users/runner/Library/Developer/Xcode/DerivedData/ModuleCache.noindex/WebKit-4558WC0EZARV96ZM2UM6HDLCH.pcm

SwiftExplicitDependencyGeneratePcm arm64 /Users/runner/Library/Developer/Xcode/DerivedData/ModuleCache.noindex/StoreKit-8F47VSHNHB3TSK9GMBE3VP82Z.pcm

SwiftExplicitDependencyGeneratePcm arm64 /Users/runner/Library/Developer/Xcode/DerivedData/PhoneCleaner-dcdzrjknxopvksduvixuduaydjkh/Build/Intermediates.noindex/ArchiveIntermediates/PhoneCleaner/IntermediateBuildFilesPath/SwiftExplicitPrecompiledModules/UMCommon-DT669OY5U1QECGXP0VXUOCXRH.pcm
<module-includes>:1:9: note: in file included from <module-includes>:1:
1 | #import "Headers/UMCommon.h"
  |         `- note: in file included from <module-includes>:1:
2 | 

/Users/runner/Library/Developer/Xcode/DerivedData/PhoneCleaner-dcdzrjknxopvksduvixuduaydjkh/Build/Intermediates.noindex/ArchiveIntermediates/PhoneCleaner/BuildProductsPath/Release-iphoneos/XCFrameworkIntermediates/UMCommon/UMCommon.framework/Headers/UMCommon.h:19:9: note: in file included from /Users/runner/Library/Developer/Xcode/DerivedData/PhoneCleaner-dcdzrjknxopvksduvixuduaydjkh/Build/Intermediates.noindex/ArchiveIntermediates/PhoneCleaner/BuildProductsPath/Release-iphoneos/XCFrameworkIntermediates/UMCommon/UMCommon.framework/Headers/UMCommon.h:19:
17 | // In this header, you should import all the public headers of your framework using statements like #import <UMCommon/PublicHeader.h>
18 | 
19 | #import <UMCommon/UMConfigure.h>
   |         `- note: in file included from /Users/runner/Library/Developer/Xcode/DerivedData/PhoneCleaner-dcdzrjknxopvksduvixuduaydjkh/Build/Intermediates.noindex/ArchiveIntermediates/PhoneCleaner/BuildProductsPath/Release-iphoneos/XCFrameworkIntermediates/UMCommon/UMCommon.framework/Headers/UMCommon.h:19:
20 | #import <UMCommon/MobClick.h>
21 | #import <UMCommon/UMCommonDeepLink.h>

/Users/runner/Library/Developer/Xcode/DerivedData/PhoneCleaner-dcdzrjknxopvksduvixuduaydjkh/Build/Intermediates.noindex/ArchiveIntermediates/PhoneCleaner/BuildProductsPath/Release-iphoneos/XCFrameworkIntermediates/UMCommon/UMCommon.framework/Headers/UMConfigure.h:22:34: warning: pointer is missing a nullability type specifier (_Nonnull, _Nullable, or _Null_unspecified)
20 |  @param channel 渠道标识，可设置nil表示"App Store".
21 |  */
22 | + (void)initWithAppkey:(NSString *)appKey channel:(NSString *)channel;
   |                                  |- warning: pointer is missing a nullability type specifier (_Nonnull, _Nullable, or _Null_unspecified)
   |                                  |- note: insert '_Nullable' if the pointer may be null
   |                                  `- note: insert '_Nonnull' if the pointer should never be null
23 | 
24 | /** 设置是否在console输出sdk的log信息.

<module-includes>:1:9: note: in file included from <module-includes>:1:
1 | #import "Headers/UMCommon.h"
  |         `- note: in file included from <module-includes>:1:
2 | 

/Users/runner/Library/Developer/Xcode/DerivedData/PhoneCleaner-dcdzrjknxopvksduvixuduaydjkh/Build/Intermediates.noindex/ArchiveIntermediates/PhoneCleaner/BuildProductsPath/Release-iphoneos/XCFrameworkIntermediates/UMCommon/UMCommon.framework/Headers/UMCommon.h:19:9: note: in file included from /Users/runner/Library/Developer/Xcode/DerivedData/PhoneCleaner-dcdzrjknxopvksduvixuduaydjkh/Build/Intermediates.noindex/ArchiveIntermediates/PhoneCleaner/BuildProductsPath/Release-iphoneos/XCFrameworkIntermediates/UMCommon/UMCommon.framework/Headers/UMCommon.h:19:
17 | // In this header, you should import all the public headers of your framework using statements like #import <UMCommon/PublicHeader.h>
18 | 
19 | #import <UMCommon/UMConfigure.h>
   |         `- note: in file included from /Users/runner/Library/Developer/Xcode/DerivedData/PhoneCleaner-dcdzrjknxopvksduvixuduaydjkh/Build/Intermediates.noindex/ArchiveIntermediates/PhoneCleaner/BuildProductsPath/Release-iphoneos/XCFrameworkIntermediates/UMCommon/UMCommon.framework/Headers/UMCommon.h:19:
20 | #import <UMCommon/MobClick.h>
21 | #import <UMCommon/UMCommonDeepLink.h>

/Users/runner/Library/Developer/Xcode/DerivedData/PhoneCleaner-dcdzrjknxopvksduvixuduaydjkh/Build/Intermediates.noindex/ArchiveIntermediates/PhoneCleaner/BuildProductsPath/Release-iphoneos/XCFrameworkIntermediates/UMCommon/UMCommon.framework/Headers/UMConfigure.h:22:61: warning: pointer is missing a nullability type specifier (_Nonnull, _Nullable, or _Null_unspecified)
20 |  @param channel 渠道标识，可设置nil表示"App Store".
21 |  */
22 | + (void)initWithAppkey:(NSString *)appKey channel:(NSString *)channel;
   |                                                             |- warning: pointer is missing a nullability type specifier (_Nonnull, _Nullable, or _Null_unspecified)
   |                                                             |- note: insert '_Nullable' if the pointer may be null
   |                                                             `- note: insert '_Nonnull' if the pointer should never be null
23 | 
24 | /** 设置是否在console输出sdk的log信息.

<module-includes>:1:9: note: in file included from <module-includes>:1:
1 | #import "Headers/UMCommon.h"
  |         `- note: in file included from <module-includes>:1:
2 | 

/Users/runner/Library/Developer/Xcode/DerivedData/PhoneCleaner-dcdzrjknxopvksduvixuduaydjkh/Build/Intermediates.noindex/ArchiveIntermediates/PhoneCleaner/BuildProductsPath/Release-iphoneos/XCFrameworkIntermediates/UMCommon/UMCommon.framework/Headers/UMCommon.h:19:9: note: in file included from /Users/runner/Library/Developer/Xcode/DerivedData/PhoneCleaner-dcdzrjknxopvksduvixuduaydjkh/Build/Intermediates.noindex/ArchiveIntermediates/PhoneCleaner/BuildProductsPath/Release-iphoneos/XCFrameworkIntermediates/UMCommon/UMCommon.framework/Headers/UMCommon.h:19:
17 | // In this header, you should import all the public headers of your framework using statements like #import <UMCommon/PublicHeader.h>
18 | 
19 | #import <UMCommon/UMConfigure.h>
   |         `- note: in file included from /Users/runner/Library/Developer/Xcode/DerivedData/PhoneCleaner-dcdzrjknxopvksduvixuduaydjkh/Build/Intermediates.noindex/ArchiveIntermediates/PhoneCleaner/BuildProductsPath/Release-iphoneos/XCFrameworkIntermediates/UMCommon/UMCommon.framework/Headers/UMCommon.h:19:
20 | #import <UMCommon/MobClick.h>
21 | #import <UMCommon/UMCommonDeepLink.h>

/Users/runner/Library/Developer/Xcode/DerivedData/PhoneCleaner-dcdzrjknxopvksduvixuduaydjkh/Build/Intermediates.noindex/ArchiveIntermediates/PhoneCleaner/BuildProductsPath/Release-iphoneos/XCFrameworkIntermediates/UMCommon/UMCommon.framework/Headers/UMConfigure.h:34:13: warning: pointer is missing a nullability type specifier (_Nonnull, _Nullable, or _Null_unspecified)
32 | + (void)setEncryptEnabled:(BOOL)value;
33 | 
34 | + (NSString *)umidString;
   |             |- warning: pointer is missing a nullability type specifier (_Nonnull, _Nullable, or _Null_unspecified)
   |             |- note: insert '_Nullable' if the pointer may be null
   |             `- note: insert '_Nonnull' if the pointer should never be null
35 | 
36 | /**

<module-includes>:1:9: note: in file included from <module-includes>:1:
1 | #import "Headers/UMCommon.h"
  |         `- note: in file included from <module-includes>:1:
2 | 

/Users/runner/Library/Developer/Xcode/DerivedData/PhoneCleaner-dcdzrjknxopvksduvixuduaydjkh/Build/Intermediates.noindex/ArchiveIntermediates/PhoneCleaner/BuildProductsPath/Release-iphoneos/XCFrameworkIntermediates/UMCommon/UMCommon.framework/Headers/UMCommon.h:19:9: note: in file included from /Users/runner/Library/Developer/Xcode/DerivedData/PhoneCleaner-dcdzrjknxopvksduvixuduaydjkh/Build/Intermediates.noindex/ArchiveIntermediates/PhoneCleaner/BuildProductsPath/Release-iphoneos/XCFrameworkIntermediates/UMCommon/UMCommon.framework/Headers/UMCommon.h:19:
17 | // In this header, you should import all the public headers of your framework using statements like #import <UMCommon/PublicHeader.h>
18 | 
19 | #import <UMCommon/UMConfigure.h>
   |         `- note: in file included from /Users/runner/Library/Developer/Xcode/DerivedData/PhoneCleaner-dcdzrjknxopvksduvixuduaydjkh/Build/Intermediates.noindex/ArchiveIntermediates/PhoneCleaner/BuildProductsPath/Release-iphoneos/XCFrameworkIntermediates/UMCommon/UMCommon.framework/Headers/UMCommon.h:19:
20 | #import <UMCommon/MobClick.h>
21 | #import <UMCommon/UMCommonDeepLink.h>

/Users/runner/Library/Developer/Xcode/DerivedData/PhoneCleaner-dcdzrjknxopvksduvixuduaydjkh/Build/Intermediates.noindex/ArchiveIntermediates/PhoneCleaner/BuildProductsPath/Release-iphoneos/XCFrameworkIntermediates/UMCommon/UMCommon.framework/Headers/UMConfigure.h:39:12: warning: pointer is missing a nullability type specifier (_Nonnull, _Nullable, or _Null_unspecified)
37 |  集成测试需要device_id
38 |  */
39 | + (NSString*)deviceIDForIntegration;
   |            |- warning: pointer is missing a nullability type specifier (_Nonnull, _Nullable, or _Null_unspecified)
   |            |- note: insert '_Nullable' if the pointer may be null
   |            `- note: insert '_Nonnull' if the pointer should never be null
40 | 
41 | /** 是否开启统计，默认为YES(开启状态)

<module-includes>:1:9: note: in file included from <module-includes>:1:
1 | #import "Headers/UMCommon.h"
  |         `- note: in file included from <module-includes>:1:
2 | 

/Users/runner/Library/Developer/Xcode/DerivedData/PhoneCleaner-dcdzrjknxopvksduvixuduaydjkh/Build/Intermediates.noindex/ArchiveIntermediates/PhoneCleaner/BuildProductsPath/Release-iphoneos/XCFrameworkIntermediates/UMCommon/UMCommon.framework/Headers/UMCommon.h:19:9: note: in file included from /Users/runner/Library/Developer/Xcode/DerivedData/PhoneCleaner-dcdzrjknxopvksduvixuduaydjkh/Build/Intermediates.noindex/ArchiveIntermediates/PhoneCleaner/BuildProductsPath/Release-iphoneos/XCFrameworkIntermediates/UMCommon/UMCommon.framework/Headers/UMCommon.h:19:
17 | // In this header, you should import all the public headers of your framework using statements like #import <UMCommon/PublicHeader.h>
18 | 
19 | #import <UMCommon/UMConfigure.h>
   |         `- note: in file included from /Users/runner/Library/Developer/Xcode/DerivedData/PhoneCleaner-dcdzrjknxopvksduvixuduaydjkh/Build/Intermediates.noindex/ArchiveIntermediates/PhoneCleaner/BuildProductsPath/Release-iphoneos/XCFrameworkIntermediates/UMCommon/UMCommon.framework/Headers/UMCommon.h:19:
20 | #import <UMCommon/MobClick.h>
21 | #import <UMCommon/UMCommonDeepLink.h>

/Users/runner/Library/Developer/Xcode/DerivedData/PhoneCleaner-dcdzrjknxopvksduvixuduaydjkh/Build/Intermediates.noindex/ArchiveIntermediates/PhoneCleaner/BuildProductsPath/Release-iphoneos/XCFrameworkIntermediates/UMCommon/UMCommon.framework/Headers/UMConfigure.h:47:13: warning: pointer is missing a nullability type specifier (_Nonnull, _Nullable, or _Null_unspecified)
45 | 
46 | //获取zid
47 | + (NSString *)getUmengZID;
   |             |- warning: pointer is missing a nullability type specifier (_Nonnull, _Nullable, or _Null_unspecified)
   |             |- note: insert '_Nullable' if the pointer may be null
   |             `- note: insert '_Nonnull' if the pointer should never be null
48 | 
49 | //是否发送海外域名，默认为YES发送海外域名

<module-includes>:1:9: note: in file included from <module-includes>:1:
1 | #import "Headers/UMCommon.h"
  |         `- note: in file included from <module-includes>:1:
2 | 

/Users/runner/Library/Developer/Xcode/DerivedData/PhoneCleaner-dcdzrjknxopvksduvixuduaydjkh/Build/Intermediates.noindex/ArchiveIntermediates/PhoneCleaner/BuildProductsPath/Release-iphoneos/XCFrameworkIntermediates/UMCommon/UMCommon.framework/Headers/UMCommon.h:19:9: note: in file included from /Users/runner/Library/Developer/Xcode/DerivedData/PhoneCleaner-dcdzrjknxopvksduvixuduaydjkh/Build/Intermediates.noindex/ArchiveIntermediates/PhoneCleaner/BuildProductsPath/Release-iphoneos/XCFrameworkIntermediates/UMCommon/UMCommon.framework/Headers/UMCommon.h:19:
17 | // In this header, you should import all the public headers of your framework using statements like #import <UMCommon/PublicHeader.h>
18 | 
19 | #import <UMCommon/UMConfigure.h>
   |         `- note: in file included from /Users/runner/Library/Developer/Xcode/DerivedData/PhoneCleaner-dcdzrjknxopvksduvixuduaydjkh/Build/Intermediates.noindex/ArchiveIntermediates/PhoneCleaner/BuildProductsPath/Release-iphoneos/XCFrameworkIntermediates/UMCommon/UMCommon.framework/Headers/UMCommon.h:19:
20 | #import <UMCommon/MobClick.h>
21 | #import <UMCommon/UMCommonDeepLink.h>

/Users/runner/Library/Developer/Xcode/DerivedData/PhoneCleaner-dcdzrjknxopvksduvixuduaydjkh/Build/Intermediates.noindex/ArchiveIntermediates/PhoneCleaner/BuildProductsPath/Release-iphoneos/XCFrameworkIntermediates/UMCommon/UMCommon.framework/Headers/UMConfigure.h:53:13: warning: pointer is missing a nullability type specifier (_Nonnull, _Nullable, or _Null_unspecified)
51 | 
52 | //获取本次SessionID
53 | + (NSString *)getSessionID;
   |             |- warning: pointer is missing a nullability type specifier (_Nonnull, _Nullable, or _Null_unspecified)
   |             |- note: insert '_Nullable' if the pointer may be null
   |             `- note: insert '_Nonnull' if the pointer should never be null
54 | 
55 | + (void)resetStorePrefix:(NSString *)prefix;

<module-includes>:1:9: note: in file included from <module-includes>:1:
1 | #import "Headers/UMCommon.h"
  |         `- note: in file included from <module-includes>:1:
2 | 

/Users/runner/Library/Developer/Xcode/DerivedData/PhoneCleaner-dcdzrjknxopvksduvixuduaydjkh/Build/Intermediates.noindex/ArchiveIntermediates/PhoneCleaner/BuildProductsPath/Release-iphoneos/XCFrameworkIntermediates/UMCommon/UMCommon.framework/Headers/UMCommon.h:19:9: note: in file included from /Users/runner/Library/Developer/Xcode/DerivedData/PhoneCleaner-dcdzrjknxopvksduvixuduaydjkh/Build/Intermediates.noindex/ArchiveIntermediates/PhoneCleaner/BuildProductsPath/Release-iphoneos/XCFrameworkIntermediates/UMCommon/UMCommon.framework/Headers/UMCommon.h:19:
17 | // In this header, you should import all the public headers of your framework using statements like #import <UMCommon/PublicHeader.h>
18 | 
19 | #import <UMCommon/UMConfigure.h>
   |         `- note: in file included from /Users/runner/Library/Developer/Xcode/DerivedData/PhoneCleaner-dcdzrjknxopvksduvixuduaydjkh/Build/Intermediates.noindex/ArchiveIntermediates/PhoneCleaner/BuildProductsPath/Release-iphoneos/XCFrameworkIntermediates/UMCommon/UMCommon.framework/Headers/UMCommon.h:19:
20 | #import <UMCommon/MobClick.h>
21 | #import <UMCommon/UMCommonDeepLink.h>

/Users/runner/Library/Developer/Xcode/DerivedData/PhoneCleaner-dcdzrjknxopvksduvixuduaydjkh/Build/Intermediates.noindex/ArchiveIntermediates/PhoneCleaner/BuildProductsPath/Release-iphoneos/XCFrameworkIntermediates/UMCommon/UMCommon.framework/Headers/UMConfigure.h:55:36: warning: pointer is missing a nullability type specifier (_Nonnull, _Nullable, or _Null_unspecified)
53 | + (NSString *)getSessionID;
54 | 
55 | + (void)resetStorePrefix:(NSString *)prefix;
   |                                    |- warning: pointer is missing a nullability type specifier (_Nonnull, _Nullable, or _Null_unspecified)
   |                                    |- note: insert '_Nullable' if the pointer may be null
   |                                    `- note: insert '_Nonnull' if the pointer should never be null
56 | + (void)resetStorePath;
57 | 

<module-includes>:1:9: note: in file included from <module-includes>:1:
1 | #import "Headers/UMCommon.h"
  |         `- note: in file included from <module-includes>:1:
2 | 

/Users/runner/Library/Developer/Xcode/DerivedData/PhoneCleaner-dcdzrjknxopvksduvixuduaydjkh/Build/Intermediates.noindex/ArchiveIntermediates/PhoneCleaner/BuildProductsPath/Release-iphoneos/XCFrameworkIntermediates/UMCommon/UMCommon.framework/Headers/UMCommon.h:19:9: note: in file included from /Users/runner/Library/Developer/Xcode/DerivedData/PhoneCleaner-dcdzrjknxopvksduvixuduaydjkh/Build/Intermediates.noindex/ArchiveIntermediates/PhoneCleaner/BuildProductsPath/Release-iphoneos/XCFrameworkIntermediates/UMCommon/UMCommon.framework/Headers/UMCommon.h:19:
17 | // In this header, you should import all the public headers of your framework using statements like #import <UMCommon/PublicHeader.h>
18 | 
19 | #import <UMCommon/UMConfigure.h>
   |         `- note: in file included from /Users/runner/Library/Developer/Xcode/DerivedData/PhoneCleaner-dcdzrjknxopvksduvixuduaydjkh/Build/Intermediates.noindex/ArchiveIntermediates/PhoneCleaner/BuildProductsPath/Release-iphoneos/XCFrameworkIntermediates/UMCommon/UMCommon.framework/Headers/UMCommon.h:19:
20 | #import <UMCommon/MobClick.h>
21 | #import <UMCommon/UMCommonDeepLink.h>

/Users/runner/Library/Developer/Xcode/DerivedData/PhoneCleaner-dcdzrjknxopvksduvixuduaydjkh/Build/Intermediates.noindex/ArchiveIntermediates/PhoneCleaner/BuildProductsPath/Release-iphoneos/XCFrameworkIntermediates/UMCommon/UMCommon.framework/Headers/UMConfigure.h:61:29: warning: pointer is missing a nullability type specifier (_Nonnull, _Nullable, or _Null_unspecified)
59 |  @param primaryDomain 传日志的主域名收数地址,参数不能为null或者空串。例如：https://www.umeng.com
60 | */
61 | + (void)setDomain:(NSString *)primaryDomain;
   |                             |- warning: pointer is missing a nullability type specifier (_Nonnull, _Nullable, or _Null_unspecified)
   |                             |- note: insert '_Nullable' if the pointer may be null
   |                             `- note: insert '_Nonnull' if the pointer should never be null
62 | 
63 | /** 进端采集开关

<module-includes>:1:9: note: in file included from <module-includes>:1:
1 | #import "Headers/UMCommon.h"
  |         `- note: in file included from <module-includes>:1:
2 | 

/Users/runner/Library/Developer/Xcode/DerivedData/PhoneCleaner-dcdzrjknxopvksduvixuduaydjkh/Build/Intermediates.noindex/ArchiveIntermediates/PhoneCleaner/BuildProductsPath/Release-iphoneos/XCFrameworkIntermediates/UMCommon/UMCommon.framework/Headers/UMCommon.h:19:9: note: in file included from /Users/runner/Library/Developer/Xcode/DerivedData/PhoneCleaner-dcdzrjknxopvksduvixuduaydjkh/Build/Intermediates.noindex/ArchiveIntermediates/PhoneCleaner/BuildProductsPath/Release-iphoneos/XCFrameworkIntermediates/UMCommon/UMCommon.framework/Headers/UMCommon.h:19:
17 | // In this header, you should import all the public headers of your framework using statements like #import <UMCommon/PublicHeader.h>
18 | 
19 | #import <UMCommon/UMConfigure.h>
   |         `- note: in file included from /Users/runner/Library/Developer/Xcode/DerivedData/PhoneCleaner-dcdzrjknxopvksduvixuduaydjkh/Build/Intermediates.noindex/ArchiveIntermediates/PhoneCleaner/BuildProductsPath/Release-iphoneos/XCFrameworkIntermediates/UMCommon/UMCommon.framework/Headers/UMCommon.h:19:
20 | #import <UMCommon/MobClick.h>
21 | #import <UMCommon/UMCommonDeepLink.h>

9 warnings generated.
/Users/runner/Library/Developer/Xcode/DerivedData/PhoneCleaner-dcdzrjknxopvksduvixuduaydjkh/Build/Intermediates.noindex/ArchiveIntermediates/PhoneCleaner/BuildProductsPath/Release-iphoneos/XCFrameworkIntermediates/UMCommon/UMCommon.framework/Headers/UMConfigure.h:71:44: warning: pointer is missing a nullability type specifier (_Nonnull, _Nullable, or _Null_unspecified)
69 |  @param connectionOptions: UIScene模式下的启动参数
70 | */
71 | + (void)handleSceneWillConnectWithOptions:(id)connectionOptions;
   |                                            |- warning: pointer is missing a nullability type specifier (_Nonnull, _Nullable, or _Null_unspecified)
   |                                            |- note: insert '_Nullable' if the pointer may be null
   |                                            `- note: insert '_Nonnull' if the pointer should never be null
72 | 
73 | /** ASA归因采集开关，默认为YES(开启)。

SwiftExplicitDependencyGeneratePcm arm64 /Users/runner/Library/Developer/Xcode/DerivedData/ModuleCache.noindex/AVKit-33GVYS31T9PILOMW7ILIHNQJG.pcm

SwiftExplicitDependencyGeneratePcm arm64 /Users/runner/Library/Developer/Xcode/DerivedData/ModuleCache.noindex/Photos-4JJQS82U1VPH87RKGZSFU5X8V.pcm

SwiftExplicitDependencyGeneratePcm arm64 /Users/runner/Library/Developer/Xcode/DerivedData/PhoneCleaner-dcdzrjknxopvksduvixuduaydjkh/Build/Intermediates.noindex/ArchiveIntermediates/PhoneCleaner/IntermediateBuildFilesPath/SwiftExplicitPrecompiledModules/PlusKit-98WI0T7FTMADSF1XDX4G5ZH85.pcm

SwiftExplicitDependencyGeneratePcm arm64 /Users/runner/Library/Developer/Xcode/DerivedData/ModuleCache.noindex/ContactsUI-AB36P6JVK8OPCEZZQY5TSUBY8.pcm

SwiftExplicitDependencyGeneratePcm arm64 /Users/runner/Library/Developer/Xcode/DerivedData/ModuleCache.noindex/PhotosUI-7E1L75PCMQUARHM8P3JZVH2HY.pcm

SwiftCompile normal arm64 Compiling\ ASALoadingView.swift,\ AlbumCoverCard.swift,\ AlbumEntities.swift,\ AlbumGateway.swift,\ AlbumGatewayImpl.swift,\ AlbumManageScene.swift,\ AlbumManageSceneModel.swift,\ AppConfig.swift,\ AppCoordinator.swift,\ AppIconView.swift,\ AppIcons.swift,\ AppImages.swift,\ AppInfoScene.swift,\ AppInfoSceneModel.swift,\ ArchiveFolderScene.swift,\ ArchiveFolderSceneModel.swift,\ AsyncPhotoThumbnail.swift,\ AuthorizationScene.swift,\ BottomSheetContainer.swift,\ CalendarCleanScene.swift,\ CalendarCleanSceneModel.swift,\ CalendarService.swift,\ CategoryPreviewScene.swift,\ CategoryPreviewSceneModel.swift,\ ColorHexExt.swift,\ ContactOptimizeScene.swift,\ ContactOptimizeSceneModel.swift,\ ContactRow.swift,\ ContactsService.swift,\ Container.swift,\ DSColors.swift,\ DSGradient.swift,\ DSHaptics.swift,\ DSRadius.swift,\ DSSpacing.swift,\ DSTypography.swift,\ DeviceInfoGateway.swift,\ DeviceInfoGatewayImpl.swift,\ DeviceInfoScene.swift,\ DeviceInfoSceneModel.swift,\ DeviceMetricsService.swift,\ DualActionBar.swift,\ DuplicatePhotoScene.swift,\ DuplicatePhotoSceneModel.swift,\ EmptyStateCard.swift,\ FilledButton.swift,\ FilterEntryListScene.swift,\ FilterEntryListSceneModel.swift,\ FloatingCircleButton.swift,\ Formatters.swift,\ FunctionRow.swift,\ GaugeCard.swift,\ GroupHeaderBar.swift,\ HomeScene.swift,\ HomeSceneModel.swift,\ InfoGroupCard.swift,\ JSONFileManager.swift,\ KeyboardExt.swift,\ MediaEntities.swift,\ MediaScanGateway.swift,\ MediaScanGatewayImpl.swift,\ MediaThumbCell.swift,\ MemberView.swift,\ MonthPreviewScene.swift,\ MonthPreviewSceneModel.swift,\ NavBarIsland.swift,\ NetworkMonitor.swift,\ NotificationService.swift,\ NumericKeypad.swift,\ OnboardingScene.swift,\ OutlineButton.swift,\ PageIndicator.swift,\ PasswordSetupScene.swift,\ PasswordSetupSceneModel.swift,\ PaywallHeroHeader.swift,\ PermissionSheetView.swift,\ PermissionsHelper.swift,\ PhoneCleanerApp.swift,\ PhotoAlbumService.swift,\ PhotoAssetLoader.swift,\ PhotoLargePreview.swift,\ PhotoLibraryService.swift,\ PhotoPreviewScene.swift,\ PhotoPreviewSceneModel.swift,\ PhotoStackPreview.swift,\ PinCodeField.swift,\ PrivacyAlbumScene.swift,\ PrivacyAlbumSceneModel.swift,\ PrivacyContactsScene.swift,\ PrivacyContactsSceneModel.swift,\ PrivacyDetectionScene.swift,\ PrivacyDetectionSceneModel.swift,\ PrivacyEntities.swift,\ PrivacyGateway.swift,\ PrivacyGatewayImpl.swift,\ PrivacyHomeScene.swift,\ PrivacyHomeSceneModel.swift,\ PrivacyScanService.swift,\ PrivateVaultStore.swift,\ ProLockOverlay.swift,\ PurchaseOverlay.swift,\ RatingService.swift,\ RecommendAppsSection.swift,\ RichTextView.swift,\ RingProgress.swift,\ RootContainerView.swift,\ RootTab.swift,\ RootTabScene.swift,\ SMSBlockScene.swift,\ SMSBlockSceneModel.swift,\ SMSFilterGateway.swift,\ SMSFilterGatewayImpl.swift,\ SMSTutorialScene.swift,\ SMSTutorialSceneModel.swift,\ ScreenshotPhotoScene.swift,\ ScreenshotPhotoSceneModel.swift,\ SecurityQuestionScene.swift,\ SecurityQuestionSceneModel.swift,\ SettingRow.swift,\ SettingsScene.swift,\ SettingsSceneModel.swift,\ SimilarPhotoScene.swift,\ SimilarPhotoSceneModel.swift,\ SkeletonView.swift,\ SystemPickers.swift,\ TextInput.swift,\ ThumbPlaceholder.swift,\ ThumbnailStrip.swift,\ ToastCenter.swift,\ ToastView.swift,\ ToolboxEntities.swift,\ ToolboxScene.swift,\ ToolboxSceneModel.swift,\ TrialToggleCard.swift,\ UserAgreementScene.swift,\ UserAgreementSceneModel.swift,\ VIPBannerView.swift,\ VideoCleanScene.swift,\ VideoCleanSceneModel.swift,\ VideoPreviewScene.swift,\ VideoPreviewSceneModel.swift,\ ViewStyleExt.swift,\ WaterfallGrid.swift,\ GeneratedAssetSymbols.swift /Users/runner/work/Album_Clean/Album_Clean/Sources/Presentation/Scenes/Root/ASALoadingView.swift /Users/runner/work/Album_Clean/Album_Clean/Sources/Presentation/Widgets/Cards/AlbumCoverCard.swift /Users/runner/work/Album_Clean/Album_Clean/Sources/Domain/Entities/AlbumEntities.swift /Users/runner/work/Album_Clean/Album_Clean/Sources/Domain/Interfaces/AlbumGateway.swift /Users/runner/work/Album_Clean/Album_Clean/Sources/Data/Gateways/AlbumGatewayImpl.swift /Users/runner/work/Album_Clean/Album_Clean/Sources/Presentation/Scenes/Album/AlbumManageScene.swift /Users/runner/work/Album_Clean/Album_Clean/Sources/Presentation/Scenes/Album/AlbumManageSceneModel.swift /Users/runner/work/Album_Clean/Album_Clean/Sources/Core/Constants/AppConfig.swift /Users/runner/work/Album_Clean/Album_Clean/Sources/Presentation/Navigation/AppCoordinator.swift /Users/runner/work/Album_Clean/Album_Clean/Sources/Presentation/Widgets/Containers/AppIconView.swift /Users/runner/work/Album_Clean/Album_Clean/Sources/Core/Resources/AppIcons.swift /Users/runner/work/Album_Clean/Album_Clean/Sources/Core/Resources/AppImages.swift /Users/runner/work/Album_Clean/Album_Clean/Sources/Presentation/Scenes/Settings/AppInfoScene.swift /Users/runner/work/Album_Clean/Album_Clean/Sources/Presentation/Scenes/Settings/AppInfoSceneModel.swift /Users/runner/work/Album_Clean/Album_Clean/Sources/Presentation/Scenes/Album/ArchiveFolderScene.swift /Users/runner/work/Album_Clean/Album_Clean/Sources/Presentation/Scenes/Album/ArchiveFolderSceneModel.swift /Users/runner/work/Album_Clean/Album_Clean/Sources/Presentation/Widgets/Containers/AsyncPhotoThumbnail.swift /Users/runner/work/Album_Clean/Album_Clean/Sources/Presentation/Scenes/Onboarding/AuthorizationScene.swift /Users/runner/work/Album_Clean/Album_Clean/Sources/Presentation/Widgets/Containers/BottomSheetContainer.swift /Users/runner/work/Album_Clean/Album_Clean/Sources/Presentation/Scenes/Toolbox/CalendarCleanScene.swift /Users/runner/work/Album_Clean/Album_Clean/Sources/Presentation/Scenes/Toolbox/CalendarCleanSceneModel.swift /Users/runner/work/Album_Clean/Album_Clean/Sources/Data/System/CalendarService.swift /Users/runner/work/Album_Clean/Album_Clean/Sources/Presentation/Scenes/Album/CategoryPreviewScene.swift /Users/runner/work/Album_Clean/Album_Clean/Sources/Presentation/Scenes/Album/CategoryPreviewSceneModel.swift /Users/runner/work/Album_Clean/Album_Clean/Sources/Core/Extensions/ColorHexExt.swift /Users/runner/work/Album_Clean/Album_Clean/Sources/Presentation/Scenes/Toolbox/ContactOptimizeScene.swift /Users/runner/work/Album_Clean/Album_Clean/Sources/Presentation/Scenes/Toolbox/ContactOptimizeSceneModel.swift /Users/runner/work/Album_Clean/Album_Clean/Sources/Presentation/Widgets/Lists/ContactRow.swift /Users/runner/work/Album_Clean/Album_Clean/Sources/Data/System/ContactsService.swift /Users/runner/work/Album_Clean/Album_Clean/Sources/Core/DI/Container.swift /Users/runner/work/Album_Clean/Album_Clean/Sources/Presentation/DesignSystem/DSColors.swift /Users/runner/work/Album_Clean/Album_Clean/Sources/Presentation/DesignSystem/DSGradient.swift /Users/runner/work/Album_Clean/Album_Clean/Sources/Presentation/DesignSystem/DSHaptics.swift /Users/runner/work/Album_Clean/Album_Clean/Sources/Presentation/DesignSystem/DSRadius.swift /Users/runner/work/Album_Clean/Album_Clean/Sources/Presentation/DesignSystem/DSSpacing.swift /Users/runner/work/Album_Clean/Album_Clean/Sources/Presentation/DesignSystem/DSTypography.swift /Users/runner/work/Album_Clean/Album_Clean/Sources/Domain/Interfaces/DeviceInfoGateway.swift /Users/runner/work/Album_Clean/Album_Clean/Sources/Data/Gateways/DeviceInfoGatewayImpl.swift /Users/runner/work/Album_Clean/Album_Clean/Sources/Presentation/Scenes/Toolbox/DeviceInfoScene.swift /Users/runner/work/Album_Clean/Album_Clean/Sources/Presentation/Scenes/Toolbox/DeviceInfoSceneModel.swift /Users/runner/work/Album_Clean/Album_Clean/Sources/Data/System/DeviceMetricsService.swift /Users/runner/work/Album_Clean/Album_Clean/Sources/Presentation/Widgets/Buttons/DualActionBar.swift /Users/runner/work/Album_Clean/Album_Clean/Sources/Presentation/Scenes/Home/DuplicatePhotoScene.swift /Users/runner/work/Album_Clean/Album_Clean/Sources/Presentation/Scenes/Home/DuplicatePhotoSceneModel.swift /Users/runner/work/Album_Clean/Album_Clean/Sources/Presentation/Widgets/States/EmptyStateCard.swift /Users/runner/work/Album_Clean/Album_Clean/Sources/Presentation/Widgets/Buttons/FilledButton.swift /Users/runner/work/Album_Clean/Album_Clean/Sources/Presentation/Scenes/Toolbox/FilterEntryListScene.swift /Users/runner/work/Album_Clean/Album_Clean/Sources/Presentation/Scenes/Toolbox/FilterEntryListSceneModel.swift /Users/runner/work/Album_Clean/Album_Clean/Sources/Presentation/Widgets/Buttons/FloatingCircleButton.swift /Users/runner/work/Album_Clean/Album_Clean/Sources/Core/Utils/Formatters.swift /Users/runner/work/Album_Clean/Album_Clean/Sources/Presentation/Widgets/Lists/FunctionRow.swift /Users/runner/work/Album_Clean/Album_Clean/Sources/Presentation/Widgets/Cards/GaugeCard.swift /Users/runner/work/Album_Clean/Album_Clean/Sources/Presentation/Widgets/Lists/GroupHeaderBar.swift /Users/runner/work/Album_Clean/Album_Clean/Sources/Presentation/Scenes/Home/HomeScene.swift /Users/runner/work/Album_Clean/Album_Clean/Sources/Presentation/Scenes/Home/HomeSceneModel.swift /Users/runner/work/Album_Clean/Album_Clean/Sources/Presentation/Widgets/Cards/InfoGroupCard.swift /Users/runner/work/Album_Clean/Album_Clean/Sources/Data/LocalStorage/JSONFileManager.swift /Users/runner/work/Album_Clean/Album_Clean/Sources/Core/Extensions/KeyboardExt.swift /Users/runner/work/Album_Clean/Album_Clean/Sources/Domain/Entities/MediaEntities.swift /Users/runner/work/Album_Clean/Album_Clean/Sources/Domain/Interfaces/MediaScanGateway.swift /Users/runner/work/Album_Clean/Album_Clean/Sources/Data/Gateways/MediaScanGatewayImpl.swift /Users/runner/work/Album_Clean/Album_Clean/Sources/Presentation/Widgets/Cards/MediaThumbCell.swift /Users/runner/work/Album_Clean/Album_Clean/Sources/Presentation/Scenes/Subscription/MemberView.swift /Users/runner/work/Album_Clean/Album_Clean/Sources/Presentation/Scenes/Album/MonthPreviewScene.swift /Users/runner/work/Album_Clean/Album_Clean/Sources/Presentation/Scenes/Album/MonthPreviewSceneModel.swift /Users/runner/work/Album_Clean/Album_Clean/Sources/Presentation/Widgets/Navigation/NavBarIsland.swift /Users/runner/work/Album_Clean/Album_Clean/Sources/Core/Utils/NetworkMonitor.swift /Users/runner/work/Album_Clean/Album_Clean/Sources/Core/Utils/NotificationService.swift /Users/runner/work/Album_Clean/Album_Clean/Sources/Presentation/Widgets/Inputs/NumericKeypad.swift /Users/runner/work/Album_Clean/Album_Clean/Sources/Presentation/Scenes/Onboarding/OnboardingScene.swift /Users/runner/work/Album_Clean/Album_Clean/Sources/Presentation/Widgets/Buttons/OutlineButton.swift /Users/runner/work/Album_Clean/Album_Clean/Sources/Presentation/Widgets/Navigation/PageIndicator.swift /Users/runner/work/Album_Clean/Album_Clean/Sources/Presentation/Scenes/Privacy/PasswordSetupScene.swift /Users/runner/work/Album_Clean/Album_Clean/Sources/Presentation/Scenes/Privacy/PasswordSetupSceneModel.swift /Users/runner/work/Album_Clean/Album_Clean/Sources/Presentation/Widgets/Marketing/PaywallHeroHeader.swift /Users/runner/work/Album_Clean/Album_Clean/Sources/Presentation/Scenes/Onboarding/PermissionSheetView.swift /Users/runner/work/Album_Clean/Album_Clean/Sources/Core/Utils/PermissionsHelper.swift /Users/runner/work/Album_Clean/Album_Clean/Sources/Entry/PhoneCleanerApp.swift /Users/runner/work/Album_Clean/Album_Clean/Sources/Data/System/PhotoAlbumService.swift /Users/runner/work/Album_Clean/Album_Clean/Sources/Data/System/PhotoAssetLoader.swift /Users/runner/work/Album_Clean/Album_Clean/Sources/Presentation/Widgets/Cards/PhotoLargePreview.swift /Users/runner/work/Album_Clean/Album_Clean/Sources/Data/System/PhotoLibraryService.swift /Users/runner/work/Album_Clean/Album_Clean/Sources/Presentation/Scenes/Preview/PhotoPreviewScene.swift /Users/runner/work/Album_Clean/Album_Clean/Sources/Presentation/Scenes/Preview/PhotoPreviewSceneModel.swift /Users/runner/work/Album_Clean/Album_Clean/Sources/Presentation/Widgets/Cards/PhotoStackPreview.swift /Users/runner/work/Album_Clean/Album_Clean/Sources/Presentation/Widgets/Inputs/PinCodeField.swift /Users/runner/work/Album_Clean/Album_Clean/Sources/Presentation/Scenes/Privacy/PrivacyAlbumScene.swift /Users/runner/work/Album_Clean/Album_Clean/Sources/Presentation/Scenes/Privacy/PrivacyAlbumSceneModel.swift /Users/runner/work/Album_Clean/Album_Clean/Sources/Presentation/Scenes/Privacy/PrivacyContactsScene.swift /Users/runner/work/Album_Clean/Album_Clean/Sources/Presentation/Scenes/Privacy/PrivacyContactsSceneModel.swift /Users/runner/work/Album_Clean/Album_Clean/Sources/Presentation/Scenes/Privacy/PrivacyDetectionScene.swift /Users/runner/work/Album_Clean/Album_Clean/Sources/Presentation/Scenes/Privacy/PrivacyDetectionSceneModel.swift /Users/runner/work/Album_Clean/Album_Clean/Sources/Domain/Entities/PrivacyEntities.swift /Users/runner/work/Album_Clean/Album_Clean/Sources/Domain/Interfaces/PrivacyGateway.swift /Users/runner/work/Album_Clean/Album_Clean/Sources/Data/Gateways/PrivacyGatewayImpl.swift /Users/runner/work/Album_Clean/Album_Clean/Sources/Presentation/Scenes/Privacy/PrivacyHomeScene.swift /Users/runner/work/Album_Clean/Album_Clean/Sources/Presentation/Scenes/Privacy/PrivacyHomeSceneModel.swift /Users/runner/work/Album_Clean/Album_Clean/Sources/Data/System/PrivacyScanService.swift /Users/runner/work/Album_Clean/Album_Clean/Sources/Data/System/PrivateVaultStore.swift /Users/runner/work/Album_Clean/Album_Clean/Sources/Presentation/Widgets/Marketing/ProLockOverlay.swift /Users/runner/work/Album_Clean/Album_Clean/Sources/Presentation/Widgets/Feedback/PurchaseOverlay.swift /Users/runner/work/Album_Clean/Album_Clean/Sources/Core/Utils/RatingService.swift /Users/runner/work/Album_Clean/Album_Clean/Sources/Presentation/Scenes/Home/RecommendAppsSection.swift /Users/runner/work/Album_Clean/Album_Clean/Sources/Presentation/Widgets/Lists/RichTextView.swift /Users/runner/work/Album_Clean/Album_Clean/Sources/Presentation/Widgets/Containers/RingProgress.swift /Users/runner/work/Album_Clean/Album_Clean/Sources/Presentation/Scenes/Root/RootContainerView.swift /Users/runner/work/Album_Clean/Album_Clean/Sources/Presentation/Navigation/RootTab.swift /Users/runner/work/Album_Clean/Album_Clean/Sources/Presentation/Scenes/Root/RootTabScene.swift /Users/runner/work/Album_Clean/Album_Clean/Sources/Presentation/Scenes/Toolbox/SMSBlockScene.swift /Users/runner/work/Album_Clean/Album_Clean/Sources/Presentation/Scenes/Toolbox/SMSBlockSceneModel.swift /Users/runner/work/Album_Clean/Album_Clean/Sources/Domain/Interfaces/SMSFilterGateway.swift /Users/runner/work/Album_Clean/Album_Clean/Sources/Data/Gateways/SMSFilterGatewayImpl.swift /Users/runner/work/Album_Clean/Album_Clean/Sources/Presentation/Scenes/Toolbox/SMSTutorialScene.swift /Users/runner/work/Album_Clean/Album_Clean/Sources/Presentation/Scenes/Toolbox/SMSTutorialSceneModel.swift /Users/runner/work/Album_Clean/Album_Clean/Sources/Presentation/Scenes/Home/ScreenshotPhotoScene.swift /Users/runner/work/Album_Clean/Album_Clean/Sources/Presentation/Scenes/Home/ScreenshotPhotoSceneModel.swift /Users/runner/work/Album_Clean/Album_Clean/Sources/Presentation/Scenes/Privacy/SecurityQuestionScene.swift /Users/runner/work/Album_Clean/Album_Clean/Sources/Presentation/Scenes/Privacy/SecurityQuestionSceneModel.swift /Users/runner/work/Album_Clean/Album_Clean/Sources/Presentation/Widgets/Lists/SettingRow.swift /Users/runner/work/Album_Clean/Album_Clean/Sources/Presentation/Scenes/Settings/SettingsScene.swift /Users/runner/work/Album_Clean/Album_Clean/Sources/Presentation/Scenes/Settings/SettingsSceneModel.swift /Users/runner/work/Album_Clean/Album_Clean/Sources/Presentation/Scenes/Home/SimilarPhotoScene.swift /Users/runner/work/Album_Clean/Album_Clean/Sources/Presentation/Scenes/Home/SimilarPhotoSceneModel.swift /Users/runner/work/Album_Clean/Album_Clean/Sources/Presentation/Widgets/States/SkeletonView.swift /Users/runner/work/Album_Clean/Album_Clean/Sources/Presentation/Widgets/Containers/SystemPickers.swift /Users/runner/work/Album_Clean/Album_Clean/Sources/Presentation/Widgets/Inputs/TextInput.swift /Users/runner/work/Album_Clean/Album_Clean/Sources/Presentation/Widgets/Containers/ThumbPlaceholder.swift /Users/runner/work/Album_Clean/Album_Clean/Sources/Presentation/Widgets/Lists/ThumbnailStrip.swift /Users/runner/work/Album_Clean/Album_Clean/Sources/Core/Utils/ToastCenter.swift /Users/runner/work/Album_Clean/Album_Clean/Sources/Presentation/Widgets/Feedback/ToastView.swift /Users/runner/work/Album_Clean/Album_Clean/Sources/Domain/Entities/ToolboxEntities.swift /Users/runner/work/Album_Clean/Album_Clean/Sources/Presentation/Scenes/Toolbox/ToolboxScene.swift /Users/runner/work/Album_Clean/Album_Clean/Sources/Presentation/Scenes/Toolbox/ToolboxSceneModel.swift /Users/runner/work/Album_Clean/Album_Clean/Sources/Presentation/Widgets/Inputs/TrialToggleCard.swift /Users/runner/work/Album_Clean/Album_Clean/Sources/Presentation/Scenes/Settings/UserAgreementScene.swift /Users/runner/work/Album_Clean/Album_Clean/Sources/Presentation/Scenes/Settings/UserAgreementSceneModel.swift /Users/runner/work/Album_Clean/Album_Clean/Sources/Presentation/Widgets/Marketing/VIPBannerView.swift /Users/runner/work/Album_Clean/Album_Clean/Sources/Presentation/Scenes/Home/VideoCleanScene.swift /Users/runner/work/Album_Clean/Album_Clean/Sources/Presentation/Scenes/Home/VideoCleanSceneModel.swift /Users/runner/work/Album_Clean/Album_Clean/Sources/Presentation/Scenes/Home/VideoPreviewScene.swift /Users/runner/work/Album_Clean/Album_Clean/Sources/Presentation/Scenes/Home/VideoPreviewSceneModel.swift /Users/runner/work/Album_Clean/Album_Clean/Sources/Core/Extensions/ViewStyleExt.swift /Users/runner/work/Album_Clean/Album_Clean/Sources/Presentation/Widgets/Lists/WaterfallGrid.swift /Users/runner/Library/Developer/Xcode/DerivedData/PhoneCleaner-dcdzrjknxopvksduvixuduaydjkh/Build/Intermediates.noindex/ArchiveIntermediates/PhoneCleaner/IntermediateBuildFilesPath/PhoneCleaner.build/Release-iphoneos/PhoneCleaner.build/DerivedSources/GeneratedAssetSymbols.swift /Applications/Xcode_26.3.app/Contents/Developer/Toolchains/XcodeDefault.xctoolchain/usr/lib/swift/iphoneos/prebuilt-modules/26.2/UIKit.swiftmodule/arm64e-apple-ios.swiftmodule /Applications/Xcode_26.3.app/Contents/Developer/Toolchains/XcodeDefault.xctoolchain/usr/lib/swift/iphoneos/prebuilt-modules/26.2/Distributed.swiftmodule/arm64e-apple-ios.swiftmodule /Applications/Xcode_26.3.app/Contents/Developer/Toolchains/XcodeDefault.xctoolchain/usr/lib/swift/iphoneos/prebuilt-modules/26.2/CoreVideo.swiftmodule/arm64e-apple-ios.swiftmodule /Applications/Xcode_26.3.app/Contents/Developer/Toolchains/XcodeDefault.xctoolchain/usr/lib/swift/iphoneos/prebuilt-modules/26.2/simd.swiftmodule/arm64e-apple-ios.swiftmodule /Applications/Xcode_26.3.app/Contents/Developer/Toolchains/XcodeDefault.xctoolchain/usr/lib/swift/iphoneos/prebuilt-modules/26.2/AVKit.swiftmodule/arm64e-apple-ios.swiftmodule /Applications/Xcode_26.3.app/Contents/Developer/Toolchains/XcodeDefault.xctoolchain/usr/lib/swift/iphoneos/prebuilt-modules/26.2/Contacts.swiftmodule/arm64e-apple-ios.swiftmodule /Applications/Xcode_26.3.app/Contents/Developer/Toolchains/XcodeDefault.xctoolchain/usr/lib/swift/iphoneos/prebuilt-modules/26.2/Vision.swiftmodule/arm64e-apple-ios.swiftmodule /Applications/Xcode_26.3.app/Contents/Developer/Toolchains/XcodeDefault.xctoolchain/usr/lib/swift/iphoneos/prebuilt-modules/26.2/OSLog.swiftmodule/arm64e-apple-ios.swiftmodule /Applications/Xcode_26.3.app/Contents/Developer/Toolchains/XcodeDefault.xctoolchain/usr/lib/swift/iphoneos/prebuilt-modules/26.2/ExtensionFoundation.swiftmodule/arm64e-apple-ios.swiftmodule /Applications/Xcode_26.3.app/Contents/Developer/Toolchains/XcodeDefault.xctoolchain/usr/lib/swift/iphoneos/prebuilt-modules/26.2/StoreKit.swiftmodule/arm64e-apple-ios.swiftmodule /Applications/Xcode_26.3.app/Contents/Developer/Toolchains/XcodeDefault.xctoolchain/usr/lib/swift/iphoneos/prebuilt-modules/26.2/AVFoundation.swiftmodule/arm64e-apple-ios.swiftmodule /Applications/Xcode_26.3.app/Contents/Developer/Toolchains/XcodeDefault.xctoolchain/usr/lib/swift/iphoneos/prebuilt-modules/26.2/os.swiftmodule/arm64e-apple-ios.swiftmodule /Applications/Xcode_26.3.app/Contents/Developer/Toolchains/XcodeDefault.xctoolchain/usr/lib/swift/iphoneos/prebuilt-modules/26.2/_AVKit_SwiftUI.swiftmodule/arm64e-apple-ios.swiftmodule /Applications/Xcode_26.3.app/Contents/Developer/Toolchains/XcodeDefault.xctoolchain/usr/lib/swift/iphoneos/prebuilt-modules/26.2/Spatial.swiftmodule/arm64e-apple-ios.swiftmodule /Applications/Xcode_26.3.app/Contents/Developer/Toolchains/XcodeDefault.xctoolchain/usr/lib/swift/iphoneos/prebuilt-modules/26.2/CoreML.swiftmodule/arm64e-apple-ios.swiftmodule /Applications/Xcode_26.3.app/Contents/Developer/Toolchains/XcodeDefault.xctoolchain/usr/lib/swift/iphoneos/prebuilt-modules/26.2/Accelerate.swiftmodule/arm64e-apple-ios.swiftmodule /Applications/Xcode_26.3.app/Contents/Developer/Toolchains/XcodeDefault.xctoolchain/usr/lib/swift/iphoneos/prebuilt-modules/26.2/AudioToolbox.swiftmodule/arm64e-apple-ios.swiftmodule /Applications/Xcode_26.3.app/Contents/Developer/Toolchains/XcodeDefault.xctoolchain/usr/lib/swift/iphoneos/prebuilt-modules/26.2/QuartzCore.swiftmodule/arm64e-apple-ios.swiftmodule /Applications/Xcode_26.3.app/Contents/Developer/Toolchains/XcodeDefault.xctoolchain/usr/lib/swift/iphoneos/prebuilt-modules/26.2/CoreText.swiftmodule/arm64e-apple-ios.swiftmodule /Applications/Xcode_26.3.app/Contents/Developer/Toolchains/XcodeDefault.xctoolchain/usr/lib/swift/iphoneos/prebuilt-modules/26.2/EventKit.swiftmodule/arm64e-apple-ios.swiftmodule /Applications/Xcode_26.3.app/Contents/Developer/Toolchains/XcodeDefault.xctoolchain/usr/lib/swift/iphoneos/prebuilt-modules/26.2/CoreAudio.swiftmodule/arm64e-apple-ios.swiftmodule /Applications/Xcode_26.3.app/Contents/Developer/Toolchains/XcodeDefault.xctoolchain/usr/lib/swift/iphoneos/prebuilt-modules/26.2/RelevanceKit.swiftmodule/arm64e-apple-ios.swiftmodule /Applications/Xcode_26.3.app/Contents/Developer/Toolchains/XcodeDefault.xctoolchain/usr/lib/swift/iphoneos/prebuilt-modules/26.2/CoreLocation.swiftmodule/arm64e-apple-ios.swiftmodule /Applications/Xcode_26.3.app/Contents/Developer/Toolchains/XcodeDefault.xctoolchain/usr/lib/swift/iphoneos/prebuilt-modules/26.2/_AppIntents_SwiftUI.swiftmodule/arm64e-apple-ios.swiftmodule /Applications/Xcode_26.3.app/Contents/Developer/Toolchains/XcodeDefault.xctoolchain/usr/lib/swift/iphoneos/prebuilt-modules/26.2/FileProvider.swiftmodule/arm64e-apple-ios.swiftmodule /Applications/Xcode_26.3.app/Contents/Developer/Toolchains/XcodeDefault.xctoolchain/usr/lib/swift/iphoneos/prebuilt-modules/26.2/Combine.swiftmodule/arm64e-apple-ios.swiftmodule /Applications/Xcode_26.3.app/Contents/Developer/Toolchains/XcodeDefault.xctoolchain/usr/lib/swift/iphoneos/prebuilt-modules/26.2/CoreData.swiftmodule/arm64e-apple-ios.swiftmodule /Applications/Xcode_26.3.app/Contents/Developer/Toolchains/XcodeDefault.xctoolchain/usr/lib/swift/iphoneos/prebuilt-modules/26.2/XPC.swiftmodule/arm64e-apple-ios.swiftmodule /Applications/Xcode_26.3.app/Contents/Developer/Toolchains/XcodeDefault.xctoolchain/usr/lib/swift/iphoneos/prebuilt-modules/26.2/Network.swiftmodule/arm64e-apple-ios.swiftmodule /Applications/Xcode_26.3.app/Contents/Developer/Toolchains/XcodeDefault.xctoolchain/usr/lib/swift/iphoneos/prebuilt-modules/26.2/Observation.swiftmodule/arm64e-apple-ios.swiftmodule /Applications/Xcode_26.3.app/Contents/Developer/Toolchains/XcodeDefault.xctoolchain/usr/lib/swift/iphoneos/prebuilt-modules/26.2/Accessibility.swiftmodule/arm64e-apple-ios.swiftmodule /Applications/Xcode_26.3.app/Contents/Developer/Toolchains/XcodeDefault.xctoolchain/usr/lib/swift/iphoneos/prebuilt-modules/26.2/PhotosUI.swiftmodule/arm64e-apple-ios.swiftmodule /Applications/Xcode_26.3.app/Contents/Developer/Toolchains/XcodeDefault.xctoolchain/usr/lib/swift/iphoneos/prebuilt-modules/26.2/SwiftUI.swiftmodule/arm64e-apple-ios.swiftmodule /Applications/Xcode_26.3.app/Contents/Developer/Toolchains/XcodeDefault.xctoolchain/usr/lib/swift/iphoneos/prebuilt-modules/26.2/LocalAuthentication.swiftmodule/arm64e-apple-ios.swiftmodule /Applications/Xcode_26.3.app/Contents/Developer/Toolchains/XcodeDefault.xctoolchain/usr/lib/swift/iphoneos/prebuilt-modules/26.2/CoreMedia.swiftmodule/arm64e-apple-ios.swiftmodule /Applications/Xcode_26.3.app/Contents/Developer/Toolchains/XcodeDefault.xctoolchain/usr/lib/swift/iphoneos/prebuilt-modules/26.2/_DarwinFoundation2.swiftmodule/arm64e-apple-ios.swiftmodule /Applications/Xcode_26.3.app/Contents/Developer/Toolchains/XcodeDefault.xctoolchain/usr/lib/swift/iphoneos/prebuilt-modules/26.2/BackgroundAssets.swiftmodule/arm64e-apple-ios.swiftmodule /Applications/Xcode_26.3.app/Contents/Developer/Toolchains/XcodeDefault.xctoolchain/usr/lib/swift/iphoneos/prebuilt-modules/26.2/DeveloperToolsSupport.swiftmodule/arm64e-apple-ios.swiftmodule /Applications/Xcode_26.3.app/Contents/Developer/Toolchains/XcodeDefault.xctoolchain/usr/lib/swift/iphoneos/prebuilt-modules/26.2/_StringProcessing.swiftmodule/arm64e-apple-ios.swiftmodule /Applications/Xcode_26.3.app/Contents/Developer/Toolchains/XcodeDefault.xctoolchain/usr/lib/swift/iphoneos/prebuilt-modules/26.2/_StoreKit_SwiftUI.swiftmodule/arm64e-apple-ios.swiftmodule /Applications/Xcode_26.3.app/Contents/Developer/Toolchains/XcodeDefault.xctoolchain/usr/lib/swift/iphoneos/prebuilt-modules/26.2/Foundation.swiftmodule/arm64e-apple-ios.swiftmodule /Applications/Xcode_26.3.app/Contents/Developer/Toolchains/XcodeDefault.xctoolchain/usr/lib/swift/iphoneos/prebuilt-modules/26.2/AVFAudio.swiftmodule/arm64e-apple-ios.swiftmodule /Applications/Xcode_26.3.app/Contents/Developer/Toolchains/XcodeDefault.xctoolchain/usr/lib/swift/iphoneos/prebuilt-modules/26.2/CoreTransferable.swiftmodule/arm64e-apple-ios.swiftmodule /Applications/Xcode_26.3.app/Contents/Developer/Toolchains/XcodeDefault.xctoolchain/usr/lib/swift/iphoneos/prebuilt-modules/26.2/TipKit.swiftmodule/arm64e-apple-ios.swiftmodule /Applications/Xcode_26.3.app/Contents/Developer/Toolchains/XcodeDefault.xctoolchain/usr/lib/swift/iphoneos/prebuilt-modules/26.2/CoreFoundation.swiftmodule/arm64e-apple-ios.swiftmodule /Applications/Xcode_26.3.app/Contents/Developer/Toolchains/XcodeDefault.xctoolchain/usr/lib/swift/iphoneos/prebuilt-modules/26.2/_Concurrency.swiftmodule/arm64e-apple-ios.swiftmodule /Applications/Xcode_26.3.app/Contents/Developer/Toolchains/XcodeDefault.xctoolchain/usr/lib/swift/iphoneos/prebuilt-modules/26.2/_Builtin_float.swiftmodule/arm64e-apple-ios.swiftmodule /Applications/Xcode_26.3.app/Contents/Developer/Toolchains/XcodeDefault.xctoolchain/usr/lib/swift/iphoneos/prebuilt-modules/26.2/_DarwinFoundation3.swiftmodule/arm64e-apple-ios.swiftmodule /Applications/Xcode_26.3.app/Contents/Developer/Toolchains/XcodeDefault.xctoolchain/usr/lib/swift/iphoneos/prebuilt-modules/26.2/Synchronization.swiftmodule/arm64e-apple-ios.swiftmodule /Applications/Xcode_26.3.app/Contents/Developer/Toolchains/XcodeDefault.xctoolchain/usr/lib/swift/iphoneos/prebuilt-modules/26.2/WebKit.swiftmodule/arm64e-apple-ios.swiftmodule /Applications/Xcode_26.3.app/Contents/Developer/Toolchains/XcodeDefault.xctoolchain/usr/lib/swift/iphoneos/prebuilt-modules/26.2/_DarwinFoundation1.swiftmodule/arm64e-apple-ios.swiftmodule /Applications/Xcode_26.3.app/Contents/Developer/Toolchains/XcodeDefault.xctoolchain/usr/lib/swift/iphoneos/prebuilt-modules/26.2/ContactsUI.swiftmodule/arm64e-apple-ios.swiftmodule /Applications/Xcode_26.3.app/Contents/Developer/Toolchains/XcodeDefault.xctoolchain/usr/lib/swift/iphoneos/prebuilt-modules/26.2/CoreMIDI.swiftmodule/arm64e-apple-ios.swiftmodule /Applications/Xcode_26.3.app/Contents/Developer/Toolchains/XcodeDefault.xctoolchain/usr/lib/swift/iphoneos/prebuilt-modules/26.2/CoreGraphics.swiftmodule/arm64e-apple-ios.swiftmodule /Applications/Xcode_26.3.app/Contents/Developer/Toolchains/XcodeDefault.xctoolchain/usr/lib/swift/iphoneos/prebuilt-modules/26.2/SwiftUICore.swiftmodule/arm64e-apple-ios.swiftmodule /Applications/Xcode_26.3.app/Contents/Developer/Toolchains/XcodeDefault.xctoolchain/usr/lib/swift/iphoneos/prebuilt-modules/26.2/Symbols.swiftmodule/arm64e-apple-ios.swiftmodule /Applications/Xcode_26.3.app/Contents/Developer/Toolchains/XcodeDefault.xctoolchain/usr/lib/swift/iphoneos/prebuilt-modules/26.2/CoreImage.swiftmodule/arm64e-apple-ios.swiftmodule /Applications/Xcode_26.3.app/Contents/Developer/Toolchains/XcodeDefault.xctoolchain/usr/lib/swift/iphoneos/prebuilt-modules/26.2/Darwin.swiftmodule/arm64e-apple-ios.swiftmodule /Applications/Xcode_26.3.app/Contents/Developer/Toolchains/XcodeDefault.xctoolchain/usr/lib/swift/iphoneos/prebuilt-modules/26.2/Dispatch.swiftmodule/arm64e-apple-ios.swiftmodule /Applications/Xcode_26.3.app/Contents/Developer/Toolchains/XcodeDefault.xctoolchain/usr/lib/swift/iphoneos/prebuilt-modules/26.2/DataDetection.swiftmodule/arm64e-apple-ios.swiftmodule /Users/runner/Library/Developer/Xcode/DerivedData/PhoneCleaner-dcdzrjknxopvksduvixuduaydjkh/Build/Intermediates.noindex/ArchiveIntermediates/PhoneCleaner/BuildProductsPath/Release-iphoneos/PlusKit/PlusKit.framework/Modules/PlusKit.swiftmodule/arm64-apple-ios.swiftmodule /Applications/Xcode_26.3.app/Contents/Developer/Toolchains/XcodeDefault.xctoolchain/usr/lib/swift/iphoneos/prebuilt-modules/26.2/System.swiftmodule/arm64e-apple-ios.swiftmodule /Applications/Xcode_26.3.app/Contents/Developer/Toolchains/XcodeDefault.xctoolchain/usr/lib/swift/iphoneos/prebuilt-modules/26.2/Swift.swiftmodule/arm64e-apple-ios.swiftmodule /Applications/Xcode_26.3.app/Contents/Developer/Toolchains/XcodeDefault.xctoolchain/usr/lib/swift/iphoneos/prebuilt-modules/26.2/UniformTypeIdentifiers.swiftmodule/arm64e-apple-ios.swiftmodule /Applications/Xcode_26.3.app/Contents/Developer/Toolchains/XcodeDefault.xctoolchain/usr/lib/swift/iphoneos/prebuilt-modules/26.2/AppIntents.swiftmodule/arm64e-apple-ios.swiftmodule /Applications/Xcode_26.3.app/Contents/Developer/Toolchains/XcodeDefault.xctoolchain/usr/lib/swift/iphoneos/prebuilt-modules/26.2/ObjectiveC.swiftmodule/arm64e-apple-ios.swiftmodule /Applications/Xcode_26.3.app/Contents/Developer/Toolchains/XcodeDefault.xctoolchain/usr/lib/swift/iphoneos/prebuilt-modules/26.2/CoreSpotlight.swiftmodule/arm64e-apple-ios.swiftmodule /Applications/Xcode_26.3.app/Contents/Developer/Toolchains/XcodeDefault.xctoolchain/usr/lib/swift/iphoneos/prebuilt-modules/26.2/Metal.swiftmodule/arm64e-apple-ios.swiftmodule /Applications/Xcode_26.3.app/Contents/Developer/Toolchains/XcodeDefault.xctoolchain/usr/lib/swift/iphoneos/prebuilt-modules/26.2/Photos.swiftmodule/arm64e-apple-ios.swiftmodule /Applications/Xcode_26.3.app/Contents/Developer/Toolchains/XcodeDefault.xctoolchain/usr/lib/swift/iphoneos/prebuilt-modules/26.2/_PhotosUI_SwiftUI.swiftmodule/arm64e-apple-ios.swiftmodule /Applications/Xcode_26.3.app/Contents/Developer/Toolchains/XcodeDefault.xctoolchain/usr/lib/swift/iphoneos/prebuilt-modules/26.2/CryptoKit.swiftmodule/arm64e-apple-ios.swiftmodule /Users/runner/Library/Developer/Xcode/DerivedData/ModuleCache.noindex/ExtensionFoundation-KBUSF8XO2NYC7SINEFMXG81H.pcm /Users/runner/Library/Developer/Xcode/DerivedData/ModuleCache.noindex/_Builtin_tgmath-1TUS3D6GAQO0OXTADD9NGJMDW.pcm /Users/runner/Library/Developer/Xcode/DerivedData/ModuleCache.noindex/AVRouting-ABXJG2DVXNXPTOWNFCJ15ZA61.pcm /Users/runner/Library/Developer/Xcode/DerivedData/ModuleCache.noindex/_AvailabilityInternal-B2MJT460RPZK6C0PMHF3AYFHD.pcm /Users/runner/Library/Developer/Xcode/DerivedData/ModuleCache.noindex/os_workgroup-9SJQPIK7APJMRV158BIKQV99U.pcm /Users/runner/Library/Developer/Xcode/DerivedData/ModuleCache.noindex/WebKit-4558WC0EZARV96ZM2UM6HDLCH.pcm /Users/runner/Library/Developer/Xcode/DerivedData/ModuleCache.noindex/_Builtin_inttypes-ASOK1VH4JJGAVQVC810HI7EMV.pcm /Users/runner/Library/Developer/Xcode/DerivedData/ModuleCache.noindex/EventKit-30YJZ5VZSFHYMJAJBGH2DW6LE.pcm /Users/runner/Library/Developer/Xcode/DerivedData/ModuleCache.noindex/PhotosUI-7E1L75PCMQUARHM8P3JZVH2HY.pcm /Users/runner/Library/Developer/Xcode/DerivedData/ModuleCache.noindex/_Builtin_limits-9C4XWF56YW5VJNE462XX3S291.pcm /Users/runner/Library/Developer/Xcode/DerivedData/ModuleCache.noindex/CoreML-1AZC1A75U33R10CUNTI338ID6.pcm /Users/runner/Library/Developer/Xcode/DerivedData/ModuleCache.noindex/_SwiftConcurrencyShims-ET20BZ6W4R0387G36PO1KXMLT.pcm /Users/runner/Library/Developer/Xcode/DerivedData/ModuleCache.noindex/_StoreKit_SwiftUI-1T7X346OILNGBZAAEVX8SSJLU.pcm /Users/runner/Library/Developer/Xcode/DerivedData/ModuleCache.noindex/AdServices-6YDU60TPP2WNEB4JB21YRCPOV.pcm /Users/runner/Library/Developer/Xcode/DerivedData/ModuleCache.noindex/CoreText-ASW4JYHOHBTNI9Z1ZJFI18ZJX.pcm /Users/runner/Library/Developer/Xcode/DerivedData/ModuleCache.noindex/UserNotifications-12M6M0ALNKFG8Y2N3JC30RDHG.pcm /Users/runner/Library/Developer/Xcode/DerivedData/ModuleCache.noindex/Photos-4JJQS82U1VPH87RKGZSFU5X8V.pcm /Users/runner/Library/Developer/Xcode/DerivedData/ModuleCache.noindex/_Builtin_stdarg-3UADYY6JF9BGYXF2W3DEH9JXO.pcm /Users/runner/Library/Developer/Xcode/DerivedData/ModuleCache.noindex/os_object-4HBEW84IMG0SV75KWBGF0RPAH.pcm /Users/runner/Library/Developer/Xcode/DerivedData/ModuleCache.noindex/_Builtin_stdatomic-3WK2Z71TFBQKU6QB4L36DE6DC.pcm /Users/runner/Library/Developer/Xcode/DerivedData/ModuleCache.noindex/_DarwinFoundation2-1KT0N7QVJW9SSDL0IT59PIDTQ.pcm /Users/runner/Library/Developer/Xcode/DerivedData/ModuleCache.noindex/AudioToolbox-7DCGNBXVIZY73XMPP2DARH5TF.pcm /Users/runner/Library/Developer/Xcode/DerivedData/ModuleCache.noindex/Accelerate-9AODM93B14847IIX27PRCXIEJ.pcm /Users/runner/Library/Developer/Xcode/DerivedData/ModuleCache.noindex/ptrcheck-4B75TA49T7YAARX5JSPE1KZDM.pcm /Users/runner/Library/Developer/Xcode/DerivedData/ModuleCache.noindex/AVKit-33GVYS31T9PILOMW7ILIHNQJG.pcm /Users/runner/Library/Developer/Xcode/DerivedData/ModuleCache.noindex/AddressBook-2M3GK22LYEJM9LCD517YKFBIR.pcm /Users/runner/Library/Developer/Xcode/DerivedData/ModuleCache.noindex/CoreTransferable-F4WNIHYYM49DYNGR39KCJNUHV.pcm /Users/runner/Library/Developer/Xcode/DerivedData/ModuleCache.noindex/OSLog-5XPW98X3CH9B5HGSBSNWIPMSG.pcm /Users/runner/Library/Developer/Xcode/DerivedData/ModuleCache.noindex/dnssd-6X08POFDPHALJE4IWLODPAJ27.pcm /Users/runner/Library/Developer/Xcode/DerivedData/ModuleCache.noindex/Spatial-AVALRA07WHT5QQA2UCIN30PPY.pcm /Users/runner/Library/Developer/Xcode/DerivedData/PhoneCleaner-dcdzrjknxopvksduvixuduaydjkh/Build/Intermediates.noindex/ArchiveIntermediates/PhoneCleaner/IntermediateBuildFilesPath/SwiftExplicitPrecompiledModules/PlusKit-98WI0T7FTMADSF1XDX4G5ZH85.pcm /Users/runner/Library/Developer/Xcode/DerivedData/ModuleCache.noindex/Security-3XET3X1ZVNYOYNNVCH81T0HFO.pcm /Users/runner/Library/Developer/Xcode/DerivedData/ModuleCache.noindex/SwiftUI-35WLO3LENPATPT7555CRKKV66.pcm /Users/runner/Library/Developer/Xcode/DerivedData/ModuleCache.noindex/AppIntents-C6XQGA6IS9W8XXE8BK49DA9ET.pcm /Users/runner/Library/Developer/Xcode/DerivedData/ModuleCache.noindex/XPC-89K375CHT9XZ8PGOT4UQAWR3.pcm /Users/runner/Library/Developer/Xcode/DerivedData/ModuleCache.noindex/CoreFoundation-3215T7Y2FPISGZJV8Y4WBJTG5.pcm /Users/runner/Library/Developer/Xcode/DerivedData/ModuleCache.noindex/simd-BC09T05ZBP4J6AQ2DW5YSDFJF.pcm /Users/runner/Library/Developer/Xcode/DerivedData/ModuleCache.noindex/DataDetection-39C62IC8HT924M4AAX26RK9RF.pcm /Users/runner/Library/Developer/Xcode/DerivedData/ModuleCache.noindex/MachO-XF793000230WFAGL2MUFO2LC.pcm /Users/runner/Library/Developer/Xcode/DerivedData/ModuleCache.noindex/Vision-6BY3R1O650XAWLI6TEB7D5D68.pcm /Users/runner/Library/Developer/Xcode/DerivedData/ModuleCache.noindex/Metal-67AOBAU2YZN7OR2TPYHC4AGG9.pcm /Users/runner/Library/Developer/Xcode/DerivedData/ModuleCache.noindex/Foundation-4I2YB51NCVN7PIQ9SOQ65EFCQ.pcm /Users/runner/Library/Developer/Xcode/DerivedData/ModuleCache.noindex/_LocationEssentials-1VO5GDVADOMSYJ8Z8DSEWBWI2.pcm /Users/runner/Library/Developer/Xcode/DerivedData/ModuleCache.noindex/CoreVideo-71NZJPXNJCTVI17O2717FGKG7.pcm /Users/runner/Library/Developer/Xcode/DerivedData/ModuleCache.noindex/StoreKit-8F47VSHNHB3TSK9GMBE3VP82Z.pcm /Users/runner/Library/Developer/Xcode/DerivedData/ModuleCache.noindex/AVFoundation-CSEOVNEZ793E6KJQMA0U0S8QV.pcm /Users/runner/Library/Developer/Xcode/DerivedData/ModuleCache.noindex/sys_types-E69JO91901MPSX468XXSJ0DWA.pcm /Users/runner/Library/Developer/Xcode/DerivedData/ModuleCache.noindex/Dispatch-X3CFGJJVQX83YULHXU36K3X3.pcm /Users/runner/Library/Developer/Xcode/DerivedData/ModuleCache.noindex/Symbols-1OMEYTK0D02NE3NWLO9SNQLOB.pcm /Users/runner/Library/Developer/Xcode/DerivedData/PhoneCleaner-dcdzrjknxopvksduvixuduaydjkh/Build/Intermediates.noindex/ArchiveIntermediates/PhoneCleaner/IntermediateBuildFilesPath/SwiftExplicitPrecompiledModules/UMCommon-DT669OY5U1QECGXP0VXUOCXRH.pcm /Users/runner/Library/Developer/Xcode/DerivedData/ModuleCache.noindex/UIUtilities-8DB0XC5PDFUF6Y05HP9HFX70I.pcm /Users/runner/Library/Developer/Xcode/DerivedData/ModuleCache.noindex/QuartzCore-G4VI6MQNGAJ23I08R68TFRFW.pcm /Users/runner/Library/Developer/Xcode/DerivedData/ModuleCache.noindex/_Builtin_float-6Q04N3WJW42GZHXGGCGCMO3V5.pcm /Users/runner/Library/Developer/Xcode/DerivedData/ModuleCache.noindex/_Builtin_stddef-D56B3AOPZILRV5RY4Z7BMDOSL.pcm /Users/runner/Library/Developer/Xcode/DerivedData/ModuleCache.noindex/BackgroundAssets-B6CAMOIX9VY5VPNZTJCK245ZV.pcm /Users/runner/Library/Developer/Xcode/DerivedData/ModuleCache.noindex/ptrauth-1Y82ZI8JJINRN1FZ63K8V9FEN.pcm /Users/runner/Library/Developer/Xcode/DerivedData/ModuleCache.noindex/Network-B9JLTSOQBY04TPX89YOYEDA9W.pcm /Users/runner/Library/Developer/Xcode/DerivedData/ModuleCache.noindex/CoreMIDI-59M3GLKLQKF9378AHWLCKTCJ7.pcm /Users/runner/Library/Developer/Xcode/DerivedData/ModuleCache.noindex/ObjectiveC-5TQAA2KKN8UV2ABL3ZGXO1F8F.pcm /Users/runner/Library/Developer/Xcode/DerivedData/ModuleCache.noindex/_Builtin_intrinsics-DJ6QEK45NQG9PH3GWW33QL5IU.pcm /Users/runner/Library/Developer/Xcode/DerivedData/ModuleCache.noindex/FileProvider-14568SSUIUX0NM03XVN13MM7N.pcm /Users/runner/Library/Developer/Xcode/DerivedData/ModuleCache.noindex/CoreAudio-39J0NGEL7YX2SMOFXZTWIROOZ.pcm /Users/runner/Library/Developer/Xcode/DerivedData/ModuleCache.noindex/RelevanceKit-A1HVY2QJ4ZW4EBRAB04FGO5ET.pcm /Users/runner/Library/Developer/Xcode/DerivedData/ModuleCache.noindex/ContactsUI-AB36P6JVK8OPCEZZQY5TSUBY8.pcm /Users/runner/Library/Developer/Xcode/DerivedData/ModuleCache.noindex/CoreData-BPKV9QIGKFE3W18LLZW84WBW4.pcm /Users/runner/Library/Developer/Xcode/DerivedData/ModuleCache.noindex/CoreGraphics-2UONO584T1RSNICGD46TTIMWI.pcm /Users/runner/Library/Developer/Xcode/DerivedData/ModuleCache.noindex/OpenGLES-5BVFD2P8FW75C0D3OOF1NTSHT.pcm /Users/runner/Library/Developer/Xcode/DerivedData/ModuleCache.noindex/_Builtin_stdbool-E4PO5GYSXQ6FUD9MW336XM8CW.pcm /Users/runner/Library/Developer/Xcode/DerivedData/ModuleCache.noindex/CoreImage-BR89QKJ2INPTAV28N88H0K43K.pcm /Users/runner/Library/Developer/Xcode/DerivedData/ModuleCache.noindex/UIKit-EDFPHR8P79JGOAZWB9FIQRHYR.pcm /Users/runner/Library/Developer/Xcode/DerivedData/ModuleCache.noindex/CoreAudioTypes-37I3J0UPJN8F5N1ZML6I4G9BO.pcm /Users/runner/Library/Developer/Xcode/DerivedData/ModuleCache.noindex/CoreSpotlight-6IZXV5GVY2N85E2GMKAWR7IPO.pcm /Users/runner/Library/Developer/Xcode/DerivedData/ModuleCache.noindex/CoreLocation-EK5HV73ZA0L5M9GKBO2IBY40K.pcm /Users/runner/Library/Developer/Xcode/DerivedData/ModuleCache.noindex/MediaToolbox-8P3BWOJONFUNFC4BAFTXD41G8.pcm /Users/runner/Library/Developer/Xcode/DerivedData/ModuleCache.noindex/CFNetwork-E0B0K6S63NRFXUCN0I248J3I1.pcm /Users/runner/Library/Developer/Xcode/DerivedData/ModuleCache.noindex/SwiftUICore-5YI9C02NF3MHQBWW995K6KLE7.pcm /Users/runner/Library/Developer/Xcode/DerivedData/ModuleCache.noindex/UniformTypeIdentifiers-3NK19WQD8IY7TNM619XIF67X7.pcm /Users/runner/Library/Developer/Xcode/DerivedData/ModuleCache.noindex/SwiftShims-36L5TMN9OUCLA1P8DKJP9RN6Y.pcm /Users/runner/Library/Developer/Xcode/DerivedData/ModuleCache.noindex/os-2LE86AEK2RRCEWX1Q6Q5FMR7L.pcm /Users/runner/Library/Developer/Xcode/DerivedData/ModuleCache.noindex/_DarwinFoundation3-D40WAL051S54GZJ60Z168IDIJ.pcm /Users/runner/Library/Developer/Xcode/DerivedData/ModuleCache.noindex/IOSurface-EITNWS6CD8MHQPUNBQ8E33QS2.pcm /Users/runner/Library/Developer/Xcode/DerivedData/ModuleCache.noindex/Contacts-4XMW8PK93DESCY1I93ENVOHSJ.pcm /Users/runner/Library/Developer/Xcode/DerivedData/ModuleCache.noindex/_DarwinFoundation1-AXAK9ONW7IKCKKQ7MHOZIUP92.pcm /Users/runner/Library/Developer/Xcode/DerivedData/ModuleCache.noindex/_Builtin_stdint-4ZBGKR1WDBRDOEE3FG0E90DW4.pcm /Users/runner/Library/Developer/Xcode/DerivedData/ModuleCache.noindex/CoreMedia-6N9DTZ3Q28F14GWRS2XJT3D41.pcm /Users/runner/Library/Developer/Xcode/DerivedData/ModuleCache.noindex/DeveloperToolsSupport-91M3588X5I450EVJX866G6F37.pcm /Users/runner/Library/Developer/Xcode/DerivedData/ModuleCache.noindex/LocalAuthentication-AAGAF3KAMC1OIQ92O0SA543OB.pcm /Users/runner/Library/Developer/Xcode/DerivedData/ModuleCache.noindex/Darwin-32VBULM4JKW7F2LRJOYBITGQ2.pcm /Users/runner/Library/Developer/Xcode/DerivedData/ModuleCache.noindex/AVFAudio-1EY9IPUZLAM12MRW47Q9FI499.pcm /Users/runner/Library/Developer/Xcode/DerivedData/ModuleCache.noindex/ImageIO-2PE3RSN3EQDR8AB492WCV5KVO.pcm /Users/runner/Library/Developer/Xcode/DerivedData/ModuleCache.noindex/Accessibility-7LEZIECK08G19RZT5RG2DPKBJ.pcm /Users/runner/Library/Developer/Xcode/DerivedData/PhoneCleaner-dcdzrjknxopvksduvixuduaydjkh/Build/Intermediates.noindex/ArchiveIntermediates/PhoneCleaner/IntermediateBuildFilesPath/PhoneCleaner.build/Release-iphoneos/PhoneCleaner.build/Objects-normal/arm64/PhoneCleaner-dependencies-1.json (in target 'PhoneCleaner' from project 'PhoneCleaner')
CompileSwift normal arm64 (in target 'PhoneCleaner' from project 'PhoneCleaner')
    cd /Users/runner/work/Album_Clean/Album_Clean
    
/Users/runner/work/Album_Clean/Album_Clean/Sources/Data/System/PhotoAlbumService.swift:133:47: warning: conditional downcast from '[VNClassificationObservation]?' to '[VNClassificationObservation]' does nothing
        let labels = (classifyRequest.results as? [VNClassificationObservation])?
                      ~~~~~~~~~~~~~~~~~~~~~~~~^~~~~~~~~~~~~~~~~~~~~~~~~~~~~~~~~
                                             

LinkAssetCatalog /Users/runner/work/Album_Clean/Album_Clean/Sources/Resources/Assets.xcassets (in target 'PhoneCleaner' from project 'PhoneCleaner')
    cd /Users/runner/work/Album_Clean/Album_Clean
    builtin-linkAssetCatalog --thinned /Users/runner/Library/Developer/Xcode/DerivedData/PhoneCleaner-dcdzrjknxopvksduvixuduaydjkh/Build/Intermediates.noindex/ArchiveIntermediates/PhoneCleaner/IntermediateBuildFilesPath/PhoneCleaner.build/Release-iphoneos/PhoneCleaner.build/assetcatalog_output/thinned --thinned-dependencies /Users/runner/Library/Developer/Xcode/DerivedData/PhoneCleaner-dcdzrjknxopvksduvixuduaydjkh/Build/Intermediates.noindex/ArchiveIntermediates/PhoneCleaner/IntermediateBuildFilesPath/PhoneCleaner.build/Release-iphoneos/PhoneCleaner.build/assetcatalog_dependencies_thinned --thinned-info-plist-content /Users/runner/Library/Developer/Xcode/DerivedData/PhoneCleaner-dcdzrjknxopvksduvixuduaydjkh/Build/Intermediates.noindex/ArchiveIntermediates/PhoneCleaner/IntermediateBuildFilesPath/PhoneCleaner.build/Release-iphoneos/PhoneCleaner.build/assetcatalog_generated_info.plist_thinned --unthinned /Users/runner/Library/Developer/Xcode/DerivedData/PhoneCleaner-dcdzrjknxopvksduvixuduaydjkh/Build/Intermediates.noindex/ArchiveIntermediates/PhoneCleaner/IntermediateBuildFilesPath/PhoneCleaner.build/Release-iphoneos/PhoneCleaner.build/assetcatalog_output/unthinned --unthinned-dependencies /Users/runner/Library/Developer/Xcode/DerivedData/PhoneCleaner-dcdzrjknxopvksduvixuduaydjkh/Build/Intermediates.noindex/ArchiveIntermediates/PhoneCleaner/IntermediateBuildFilesPath/PhoneCleaner.build/Release-iphoneos/PhoneCleaner.build/assetcatalog_dependencies_unthinned --unthinned-info-plist-content /Users/runner/Library/Developer/Xcode/DerivedData/PhoneCleaner-dcdzrjknxopvksduvixuduaydjkh/Build/Intermediates.noindex/ArchiveIntermediates/PhoneCleaner/IntermediateBuildFilesPath/PhoneCleaner.build/Release-iphoneos/PhoneCleaner.build/assetcatalog_generated_info.plist_unthinned --output /Users/runner/Library/Developer/Xcode/DerivedData/PhoneCleaner-dcdzrjknxopvksduvixuduaydjkh/Build/Intermediates.noindex/ArchiveIntermediates/PhoneCleaner/InstallationBuildProductsLocation/Applications/PhoneCleaner.app --plist-output /Users/runner/Library/Developer/Xcode/DerivedData/PhoneCleaner-dcdzrjknxopvksduvixuduaydjkh/Build/Intermediates.noindex/ArchiveIntermediates/PhoneCleaner/IntermediateBuildFilesPath/PhoneCleaner.build/Release-iphoneos/PhoneCleaner.build/assetcatalog_generated_info.plist
note: Emplaced /Users/runner/Library/Developer/Xcode/DerivedData/PhoneCleaner-dcdzrjknxopvksduvixuduaydjkh/Build/Intermediates.noindex/ArchiveIntermediates/PhoneCleaner/InstallationBuildProductsLocation/Applications/PhoneCleaner.app/Assets.car (in target 'PhoneCleaner' from project 'PhoneCleaner')
note: Emplaced /Users/runner/Library/Developer/Xcode/DerivedData/PhoneCleaner-dcdzrjknxopvksduvixuduaydjkh/Build/Intermediates.noindex/ArchiveIntermediates/PhoneCleaner/InstallationBuildProductsLocation/Applications/PhoneCleaner.app/AppIcon76x76@2x~ipad.png (in target 'PhoneCleaner' from project 'PhoneCleaner')
note: Emplaced /Users/runner/Library/Developer/Xcode/DerivedData/PhoneCleaner-dcdzrjknxopvksduvixuduaydjkh/Build/Intermediates.noindex/ArchiveIntermediates/PhoneCleaner/InstallationBuildProductsLocation/Applications/PhoneCleaner.app/AppIcon60x60@2x.png (in target 'PhoneCleaner' from project 'PhoneCleaner')

ProcessInfoPlistFile /Users/runner/Library/Developer/Xcode/DerivedData/PhoneCleaner-dcdzrjknxopvksduvixuduaydjkh/Build/Intermediates.noindex/ArchiveIntermediates/PhoneCleaner/InstallationBuildProductsLocation/Applications/PhoneCleaner.app/Info.plist /Users/runner/work/Album_Clean/Album_Clean/Sources/Resources/Info.plist (in target 'PhoneCleaner' from project 'PhoneCleaner')
    cd /Users/runner/work/Album_Clean/Album_Clean
    builtin-infoPlistUtility /Users/runner/work/Album_Clean/Album_Clean/Sources/Resources/Info.plist -producttype com.apple.product-type.application -genpkginfo /Users/runner/Library/Developer/Xcode/DerivedData/PhoneCleaner-dcdzrjknxopvksduvixuduaydjkh/Build/Intermediates.noindex/ArchiveIntermediates/PhoneCleaner/InstallationBuildProductsLocation/Applications/PhoneCleaner.app/PkgInfo -expandbuildsettings -format binary -platform iphoneos -additionalcontentfile /Users/runner/Library/Developer/Xcode/DerivedData/PhoneCleaner-dcdzrjknxopvksduvixuduaydjkh/Build/Intermediates.noindex/ArchiveIntermediates/PhoneCleaner/IntermediateBuildFilesPath/PhoneCleaner.build/Release-iphoneos/PhoneCleaner.build/assetcatalog_generated_info.plist -requiredArchitecture arm64 -o /Users/runner/Library/Developer/Xcode/DerivedData/PhoneCleaner-dcdzrjknxopvksduvixuduaydjkh/Build/Intermediates.noindex/ArchiveIntermediates/PhoneCleaner/InstallationBuildProductsLocation/Applications/PhoneCleaner.app/Info.plist

SwiftDriverJobDiscovery normal arm64 Compiling ASALoadingView.swift, AlbumCoverCard.swift, AlbumEntities.swift, AlbumGateway.swift, AlbumGatewayImpl.swift, AlbumManageScene.swift, AlbumManageSceneModel.swift, AppConfig.swift, AppCoordinator.swift, AppIconView.swift, AppIcons.swift, AppImages.swift, AppInfoScene.swift, AppInfoSceneModel.swift, ArchiveFolderScene.swift, ArchiveFolderSceneModel.swift, AsyncPhotoThumbnail.swift, AuthorizationScene.swift, BottomSheetContainer.swift, CalendarCleanScene.swift, CalendarCleanSceneModel.swift, CalendarService.swift, CategoryPreviewScene.swift, CategoryPreviewSceneModel.swift, ColorHexExt.swift, ContactOptimizeScene.swift, ContactOptimizeSceneModel.swift, ContactRow.swift, ContactsService.swift, Container.swift, DSColors.swift, DSGradient.swift, DSHaptics.swift, DSRadius.swift, DSSpacing.swift, DSTypography.swift, DeviceInfoGateway.swift, DeviceInfoGatewayImpl.swift, DeviceInfoScene.swift, DeviceInfoSceneModel.swift, DeviceMetricsService.swift, DualActionBar.swift, DuplicatePhotoScene.swift, DuplicatePhotoSceneModel.swift, EmptyStateCard.swift, FilledButton.swift, FilterEntryListScene.swift, FilterEntryListSceneModel.swift, FloatingCircleButton.swift, Formatters.swift, FunctionRow.swift, GaugeCard.swift, GroupHeaderBar.swift, HomeScene.swift, HomeSceneModel.swift, InfoGroupCard.swift, JSONFileManager.swift, KeyboardExt.swift, MediaEntities.swift, MediaScanGateway.swift, MediaScanGatewayImpl.swift, MediaThumbCell.swift, MemberView.swift, MonthPreviewScene.swift, MonthPreviewSceneModel.swift, NavBarIsland.swift, NetworkMonitor.swift, NotificationService.swift, NumericKeypad.swift, OnboardingScene.swift, OutlineButton.swift, PageIndicator.swift, PasswordSetupScene.swift, PasswordSetupSceneModel.swift, PaywallHeroHeader.swift, PermissionSheetView.swift, PermissionsHelper.swift, PhoneCleanerApp.swift, PhotoAlbumService.swift, PhotoAssetLoader.swift, PhotoLargePreview.swift, PhotoLibraryService.swift, PhotoPreviewScene.swift, PhotoPreviewSceneModel.swift, PhotoStackPreview.swift, PinCodeField.swift, PrivacyAlbumScene.swift, PrivacyAlbumSceneModel.swift, PrivacyContactsScene.swift, PrivacyContactsSceneModel.swift, PrivacyDetectionScene.swift, PrivacyDetectionSceneModel.swift, PrivacyEntities.swift, PrivacyGateway.swift, PrivacyGatewayImpl.swift, PrivacyHomeScene.swift, PrivacyHomeSceneModel.swift, PrivacyScanService.swift, PrivateVaultStore.swift, ProLockOverlay.swift, PurchaseOverlay.swift, RatingService.swift, RecommendAppsSection.swift, RichTextView.swift, RingProgress.swift, RootContainerView.swift, RootTab.swift, RootTabScene.swift, SMSBlockScene.swift, SMSBlockSceneModel.swift, SMSFilterGateway.swift, SMSFilterGatewayImpl.swift, SMSTutorialScene.swift, SMSTutorialSceneModel.swift, ScreenshotPhotoScene.swift, ScreenshotPhotoSceneModel.swift, SecurityQuestionScene.swift, SecurityQuestionSceneModel.swift, SettingRow.swift, SettingsScene.swift, SettingsSceneModel.swift, SimilarPhotoScene.swift, SimilarPhotoSceneModel.swift, SkeletonView.swift, SystemPickers.swift, TextInput.swift, ThumbPlaceholder.swift, ThumbnailStrip.swift, ToastCenter.swift, ToastView.swift, ToolboxEntities.swift, ToolboxScene.swift, ToolboxSceneModel.swift, TrialToggleCard.swift, UserAgreementScene.swift, UserAgreementSceneModel.swift, VIPBannerView.swift, VideoCleanScene.swift, VideoCleanSceneModel.swift, VideoPreviewScene.swift, VideoPreviewSceneModel.swift, ViewStyleExt.swift, WaterfallGrid.swift, GeneratedAssetSymbols.swift (in target 'PhoneCleaner' from project 'PhoneCleaner')

SwiftDriver\ Compilation\ Requirements PhoneCleaner normal arm64 com.apple.xcode.tools.swift.compiler (in target 'PhoneCleaner' from project 'PhoneCleaner')
    cd /Users/runner/work/Album_Clean/Album_Clean
    builtin-Swift-Compilation-Requirements -- /Applications/Xcode_26.3.app/Contents/Developer/Toolchains/XcodeDefault.xctoolchain/usr/bin/swiftc -module-name PhoneCleaner -O -whole-module-optimization -enforce-exclusivity\=checked @/Users/runner/Library/Developer/Xcode/DerivedData/PhoneCleaner-dcdzrjknxopvksduvixuduaydjkh/Build/Intermediates.noindex/ArchiveIntermediates/PhoneCleaner/IntermediateBuildFilesPath/PhoneCleaner.build/Release-iphoneos/PhoneCleaner.build/Objects-normal/arm64/PhoneCleaner.SwiftFileList -D COCOAPODS -enable-bare-slash-regex -enable-experimental-feature DebugDescriptionMacro -sdk /Applications/Xcode_26.3.app/Contents/Developer/Platforms/iPhoneOS.platform/Developer/SDKs/iPhoneOS26.2.sdk -target arm64-apple-ios16.0 -g -module-cache-path /Users/runner/Library/Developer/Xcode/DerivedData/ModuleCache.noindex -Xfrontend -serialize-debugging-options -swift-version 5 -I /Users/runner/Library/Developer/Xcode/DerivedData/PhoneCleaner-dcdzrjknxopvksduvixuduaydjkh/Build/Intermediates.noindex/ArchiveIntermediates/PhoneCleaner/BuildProductsPath/Release-iphoneos -F /Users/runner/Library/Developer/Xcode/DerivedData/PhoneCleaner-dcdzrjknxopvksduvixuduaydjkh/Build/Intermediates.noindex/ArchiveIntermediates/PhoneCleaner/BuildProductsPath/Release-iphoneos -F /Users/runner/Library/Developer/Xcode/DerivedData/PhoneCleaner-dcdzrjknxopvksduvixuduaydjkh/Build/Intermediates.noindex/ArchiveIntermediates/PhoneCleaner/BuildProductsPath/Release-iphoneos/PlusKit -F /Users/runner/work/Album_Clean/Album_Clean/Pods/UMCommon/UMCommon_7.6.4 -F /Users/runner/work/Album_Clean/Album_Clean/Pods/UMDevice/UMDevice_3.6.0 -F /Users/runner/Library/Developer/Xcode/DerivedData/PhoneCleaner-dcdzrjknxopvksduvixuduaydjkh/Build/Intermediates.noindex/ArchiveIntermediates/PhoneCleaner/BuildProductsPath/Release-iphoneos/XCFrameworkIntermediates/UMCommon -F /Users/runner/Library/Developer/Xcode/DerivedData/PhoneCleaner-dcdzrjknxopvksduvixuduaydjkh/Build/Intermediates.noindex/ArchiveIntermediates/PhoneCleaner/BuildProductsPath/Release-iphoneos/XCFrameworkIntermediates/UMDevice -c -num-threads 3 -Xcc -ivfsstatcache -Xcc /Users/runner/Library/Developer/Xcode/DerivedData/SDKStatCaches.noindex/iphoneos26.2-23C57-dc75598d0054f22ec865fa860f139d722dd23b4ebda140f7210d155ff1243552.sdkstatcache -output-file-map /Users/runner/Library/Developer/Xcode/DerivedData/PhoneCleaner-dcdzrjknxopvksduvixuduaydjkh/Build/Intermediates.noindex/ArchiveIntermediates/PhoneCleaner/IntermediateBuildFilesPath/PhoneCleaner.build/Release-iphoneos/PhoneCleaner.build/Objects-normal/arm64/PhoneCleaner-OutputFileMap.json -use-frontend-parseable-output -save-temps -no-color-diagnostics -explicit-module-build -module-cache-path /Users/runner/Library/Developer/Xcode/DerivedData/PhoneCleaner-dcdzrjknxopvksduvixuduaydjkh/Build/Intermediates.noindex/ArchiveIntermediates/PhoneCleaner/IntermediateBuildFilesPath/SwiftExplicitPrecompiledModules -clang-scanner-module-cache-path /Users/runner/Library/Developer/Xcode/DerivedData/ModuleCache.noindex -sdk-module-cache-path /Users/runner/Library/Developer/Xcode/DerivedData/ModuleCache.noindex -serialize-diagnostics -emit-dependencies -emit-module -emit-module-path /Users/runner/Library/Developer/Xcode/DerivedData/PhoneCleaner-dcdzrjknxopvksduvixuduaydjkh/Build/Intermediates.noindex/ArchiveIntermediates/PhoneCleaner/IntermediateBuildFilesPath/PhoneCleaner.build/Release-iphoneos/PhoneCleaner.build/Objects-normal/arm64/PhoneCleaner.swiftmodule -validate-clang-modules-once -clang-build-session-file /Users/runner/Library/Developer/Xcode/DerivedData/ModuleCache.noindex/Session.modulevalidation -Xcc -I/Users/runner/Library/Developer/Xcode/DerivedData/PhoneCleaner-dcdzrjknxopvksduvixuduaydjkh/Build/Intermediates.noindex/ArchiveIntermediates/PhoneCleaner/IntermediateBuildFilesPath/PhoneCleaner.build/Release-iphoneos/PhoneCleaner.build/swift-overrides.hmap -emit-const-values -Xfrontend -const-gather-protocols-file -Xfrontend /Users/runner/Library/Developer/Xcode/DerivedData/PhoneCleaner-dcdzrjknxopvksduvixuduaydjkh/Build/Intermediates.noindex/ArchiveIntermediates/PhoneCleaner/IntermediateBuildFilesPath/PhoneCleaner.build/Release-iphoneos/PhoneCleaner.build/Objects-normal/arm64/PhoneCleaner_const_extract_protocols.json -Xcc -iquote -Xcc /Users/runner/Library/Developer/Xcode/DerivedData/PhoneCleaner-dcdzrjknxopvksduvixuduaydjkh/Build/Intermediates.noindex/ArchiveIntermediates/PhoneCleaner/IntermediateBuildFilesPath/PhoneCleaner.build/Release-iphoneos/PhoneCleaner.build/PhoneCleaner-generated-files.hmap -Xcc -I/Users/runner/Library/Developer/Xcode/DerivedData/PhoneCleaner-dcdzrjknxopvksduvixuduaydjkh/Build/Intermediates.noindex/ArchiveIntermediates/PhoneCleaner/IntermediateBuildFilesPath/PhoneCleaner.build/Release-iphoneos/PhoneCleaner.build/PhoneCleaner-own-target-headers.hmap -Xcc -I/Users/runner/Library/Developer/Xcode/DerivedData/PhoneCleaner-dcdzrjknxopvksduvixuduaydjkh/Build/Intermediates.noindex/ArchiveIntermediates/PhoneCleaner/IntermediateBuildFilesPath/PhoneCleaner.build/Release-iphoneos/PhoneCleaner.build/PhoneCleaner-all-non-framework-target-headers.hmap -Xcc -ivfsoverlay -Xcc /Users/runner/Library/Developer/Xcode/DerivedData/PhoneCleaner-dcdzrjknxopvksduvixuduaydjkh/Build/Intermediates.noindex/ArchiveIntermediates/PhoneCleaner/IntermediateBuildFilesPath/PhoneCleaner.build/Release-iphoneos/PhoneCleaner-9143eb50b9da544b35b9d1ee6b1f2f0c-VFS-iphoneos/all-product-headers.yaml -Xcc -iquote -Xcc /Users/runner/Library/Developer/Xcode/DerivedData/PhoneCleaner-dcdzrjknxopvksduvixuduaydjkh/Build/Intermediates.noindex/ArchiveIntermediates/PhoneCleaner/IntermediateBuildFilesPath/PhoneCleaner.build/Release-iphoneos/PhoneCleaner.build/PhoneCleaner-project-headers.hmap -Xcc -I/Users/runner/Library/Developer/Xcode/DerivedData/PhoneCleaner-dcdzrjknxopvksduvixuduaydjkh/Build/Intermediates.noindex/ArchiveIntermediates/PhoneCleaner/BuildProductsPath/Release-iphoneos/include -Xcc -I/Users/runner/Library/Developer/Xcode/DerivedData/PhoneCleaner-dcdzrjknxopvksduvixuduaydjkh/Build/Intermediates.noindex/ArchiveIntermediates/PhoneCleaner/BuildProductsPath/Release-iphoneos/PlusKit/PlusKit.framework/Headers -Xcc -I/Users/runner/Library/Developer/Xcode/DerivedData/PhoneCleaner-dcdzrjknxopvksduvixuduaydjkh/Build/Intermediates.noindex/ArchiveIntermediates/PhoneCleaner/IntermediateBuildFilesPath/PhoneCleaner.build/Release-iphoneos/PhoneCleaner.build/DerivedSources-normal/arm64 -Xcc -I/Users/runner/Library/Developer/Xcode/DerivedData/PhoneCleaner-dcdzrjknxopvksduvixuduaydjkh/Build/Intermediates.noindex/ArchiveIntermediates/PhoneCleaner/IntermediateBuildFilesPath/PhoneCleaner.build/Release-iphoneos/PhoneCleaner.build/DerivedSources/arm64 -Xcc -I/Users/runner/Library/Developer/Xcode/DerivedData/PhoneCleaner-dcdzrjknxopvksduvixuduaydjkh/Build/Intermediates.noindex/ArchiveIntermediates/PhoneCleaner/IntermediateBuildFilesPath/PhoneCleaner.build/Release-iphoneos/PhoneCleaner.build/DerivedSources -Xcc -DCOCOAPODS\=1 -emit-objc-header -emit-objc-header-path /Users/runner/Library/Developer/Xcode/DerivedData/PhoneCleaner-dcdzrjknxopvksduvixuduaydjkh/Build/Intermediates.noindex/ArchiveIntermediates/PhoneCleaner/IntermediateBuildFilesPath/PhoneCleaner.build/Release-iphoneos/PhoneCleaner.build/Objects-normal/arm64/PhoneCleaner-Swift.h -working-directory /Users/runner/work/Album_Clean/Album_Clean -no-emit-module-separately-wmo

SwiftMergeGeneratedHeaders /Users/runner/Library/Developer/Xcode/DerivedData/PhoneCleaner-dcdzrjknxopvksduvixuduaydjkh/Build/Intermediates.noindex/ArchiveIntermediates/PhoneCleaner/IntermediateBuildFilesPath/PhoneCleaner.build/Release-iphoneos/PhoneCleaner.build/DerivedSources/PhoneCleaner-Swift.h /Users/runner/Library/Developer/Xcode/DerivedData/PhoneCleaner-dcdzrjknxopvksduvixuduaydjkh/Build/Intermediates.noindex/ArchiveIntermediates/PhoneCleaner/IntermediateBuildFilesPath/PhoneCleaner.build/Release-iphoneos/PhoneCleaner.build/Objects-normal/arm64/PhoneCleaner-Swift.h (in target 'PhoneCleaner' from project 'PhoneCleaner')
    cd /Users/runner/work/Album_Clean/Album_Clean
    builtin-swiftHeaderTool -arch arm64 /Users/runner/Library/Developer/Xcode/DerivedData/PhoneCleaner-dcdzrjknxopvksduvixuduaydjkh/Build/Intermediates.noindex/ArchiveIntermediates/PhoneCleaner/IntermediateBuildFilesPath/PhoneCleaner.build/Release-iphoneos/PhoneCleaner.build/Objects-normal/arm64/PhoneCleaner-Swift.h -o /Users/runner/Library/Developer/Xcode/DerivedData/PhoneCleaner-dcdzrjknxopvksduvixuduaydjkh/Build/Intermediates.noindex/ArchiveIntermediates/PhoneCleaner/IntermediateBuildFilesPath/PhoneCleaner.build/Release-iphoneos/PhoneCleaner.build/DerivedSources/PhoneCleaner-Swift.h

Copy /Users/runner/Library/Developer/Xcode/DerivedData/PhoneCleaner-dcdzrjknxopvksduvixuduaydjkh/Build/Intermediates.noindex/ArchiveIntermediates/PhoneCleaner/BuildProductsPath/Release-iphoneos/PhoneCleaner.swiftmodule/arm64-apple-ios.swiftdoc /Users/runner/Library/Developer/Xcode/DerivedData/PhoneCleaner-dcdzrjknxopvksduvixuduaydjkh/Build/Intermediates.noindex/ArchiveIntermediates/PhoneCleaner/IntermediateBuildFilesPath/PhoneCleaner.build/Release-iphoneos/PhoneCleaner.build/Objects-normal/arm64/PhoneCleaner.swiftdoc (in target 'PhoneCleaner' from project 'PhoneCleaner')
    cd /Users/runner/work/Album_Clean/Album_Clean
    builtin-copy -exclude .DS_Store -exclude CVS -exclude .svn -exclude .git -exclude .hg -resolve-src-symlinks -rename /Users/runner/Library/Developer/Xcode/DerivedData/PhoneCleaner-dcdzrjknxopvksduvixuduaydjkh/Build/Intermediates.noindex/ArchiveIntermediates/PhoneCleaner/IntermediateBuildFilesPath/PhoneCleaner.build/Release-iphoneos/PhoneCleaner.build/Objects-normal/arm64/PhoneCleaner.swiftdoc /Users/runner/Library/Developer/Xcode/DerivedData/PhoneCleaner-dcdzrjknxopvksduvixuduaydjkh/Build/Intermediates.noindex/ArchiveIntermediates/PhoneCleaner/BuildProductsPath/Release-iphoneos/PhoneCleaner.swiftmodule/arm64-apple-ios.swiftdoc

Copy /Users/runner/Library/Developer/Xcode/DerivedData/PhoneCleaner-dcdzrjknxopvksduvixuduaydjkh/Build/Intermediates.noindex/ArchiveIntermediates/PhoneCleaner/BuildProductsPath/Release-iphoneos/PhoneCleaner.swiftmodule/arm64-apple-ios.swiftmodule /Users/runner/Library/Developer/Xcode/DerivedData/PhoneCleaner-dcdzrjknxopvksduvixuduaydjkh/Build/Intermediates.noindex/ArchiveIntermediates/PhoneCleaner/IntermediateBuildFilesPath/PhoneCleaner.build/Release-iphoneos/PhoneCleaner.build/Objects-normal/arm64/PhoneCleaner.swiftmodule (in target 'PhoneCleaner' from project 'PhoneCleaner')
    cd /Users/runner/work/Album_Clean/Album_Clean
    builtin-copy -exclude .DS_Store -exclude CVS -exclude .svn -exclude .git -exclude .hg -resolve-src-symlinks -rename /Users/runner/Library/Developer/Xcode/DerivedData/PhoneCleaner-dcdzrjknxopvksduvixuduaydjkh/Build/Intermediates.noindex/ArchiveIntermediates/PhoneCleaner/IntermediateBuildFilesPath/PhoneCleaner.build/Release-iphoneos/PhoneCleaner.build/Objects-normal/arm64/PhoneCleaner.swiftmodule /Users/runner/Library/Developer/Xcode/DerivedData/PhoneCleaner-dcdzrjknxopvksduvixuduaydjkh/Build/Intermediates.noindex/ArchiveIntermediates/PhoneCleaner/BuildProductsPath/Release-iphoneos/PhoneCleaner.swiftmodule/arm64-apple-ios.swiftmodule

Copy /Users/runner/Library/Developer/Xcode/DerivedData/PhoneCleaner-dcdzrjknxopvksduvixuduaydjkh/Build/Intermediates.noindex/ArchiveIntermediates/PhoneCleaner/BuildProductsPath/Release-iphoneos/PhoneCleaner.swiftmodule/arm64-apple-ios.abi.json /Users/runner/Library/Developer/Xcode/DerivedData/PhoneCleaner-dcdzrjknxopvksduvixuduaydjkh/Build/Intermediates.noindex/ArchiveIntermediates/PhoneCleaner/IntermediateBuildFilesPath/PhoneCleaner.build/Release-iphoneos/PhoneCleaner.build/Objects-normal/arm64/PhoneCleaner.abi.json (in target 'PhoneCleaner' from project 'PhoneCleaner')
    cd /Users/runner/work/Album_Clean/Album_Clean
    builtin-copy -exclude .DS_Store -exclude CVS -exclude .svn -exclude .git -exclude .hg -resolve-src-symlinks -rename /Users/runner/Library/Developer/Xcode/DerivedData/PhoneCleaner-dcdzrjknxopvksduvixuduaydjkh/Build/Intermediates.noindex/ArchiveIntermediates/PhoneCleaner/IntermediateBuildFilesPath/PhoneCleaner.build/Release-iphoneos/PhoneCleaner.build/Objects-normal/arm64/PhoneCleaner.abi.json /Users/runner/Library/Developer/Xcode/DerivedData/PhoneCleaner-dcdzrjknxopvksduvixuduaydjkh/Build/Intermediates.noindex/ArchiveIntermediates/PhoneCleaner/BuildProductsPath/Release-iphoneos/PhoneCleaner.swiftmodule/arm64-apple-ios.abi.json

ScanDependencies /Users/runner/Library/Developer/Xcode/DerivedData/PhoneCleaner-dcdzrjknxopvksduvixuduaydjkh/Build/Intermediates.noindex/ArchiveIntermediates/PhoneCleaner/IntermediateBuildFilesPath/PhoneCleaner.build/Release-iphoneos/PhoneCleaner.build/Objects-normal/arm64/PhoneCleaner_vers.o /Users/runner/Library/Developer/Xcode/DerivedData/PhoneCleaner-dcdzrjknxopvksduvixuduaydjkh/Build/Intermediates.noindex/ArchiveIntermediates/PhoneCleaner/IntermediateBuildFilesPath/PhoneCleaner.build/Release-iphoneos/PhoneCleaner.build/DerivedSources/PhoneCleaner_vers.c normal arm64 c com.apple.compilers.llvm.clang.1_0.compiler (in target 'PhoneCleaner' from project 'PhoneCleaner')
    cd /Users/runner/work/Album_Clean/Album_Clean
    
    Using response file: /Users/runner/Library/Developer/Xcode/DerivedData/PhoneCleaner-dcdzrjknxopvksduvixuduaydjkh/Build/Intermediates.noindex/ArchiveIntermediates/PhoneCleaner/IntermediateBuildFilesPath/PhoneCleaner.build/Release-iphoneos/PhoneCleaner.build/Objects-normal/arm64/7187679823f38a2a940e0043cdf9d637-common-args.resp
    
    builtin-ScanDependencies -o /Users/runner/Library/Developer/Xcode/DerivedData/PhoneCleaner-dcdzrjknxopvksduvixuduaydjkh/Build/Intermediates.noindex/ArchiveIntermediates/PhoneCleaner/IntermediateBuildFilesPath/PhoneCleaner.build/Release-iphoneos/PhoneCleaner.build/Objects-normal/arm64/PhoneCleaner_vers.o.scan -- /Applications/Xcode_26.3.app/Contents/Developer/Toolchains/XcodeDefault.xctoolchain/usr/bin/clang -x c -ivfsstatcache /Users/runner/Library/Developer/Xcode/DerivedData/SDKStatCaches.noindex/iphoneos26.2-23C57-dc75598d0054f22ec865fa860f139d722dd23b4ebda140f7210d155ff1243552.sdkstatcache -fmessage-length\=0 -fdiagnostics-show-note-include-stack -fmacro-backtrace-limit\=0 -fno-color-diagnostics -fmodules-prune-interval\=86400 -fmodules-prune-after\=345600 -fbuild-session-file\=/Users/runner/Library/Developer/Xcode/DerivedData/ModuleCache.noindex/Session.modulevalidation -fmodules-validate-once-per-build-session -Wnon-modular-include-in-framework-module -Werror\=non-modular-include-in-framework-module -Wno-trigraphs -Wno-missing-field-initializers -Wno-missing-prototypes -Werror\=return-type -Wdocumentation -Wunreachable-code -Werror\=deprecated-objc-isa-usage -Werror\=objc-root-class -Wno-missing-braces -Wparentheses -Wswitch -Wunused-function -Wno-unused-label -Wno-unused-parameter -Wunused-variable -Wunused-value -Wempty-body -Wuninitialized -Wconditional-uninitialized -Wno-unknown-pragmas -Wno-shadow -Wno-four-char-constants -Wno-conversion -Wconstant-conversion -Wint-conversion -Wbool-conversion -Wenum-conversion -Wno-float-conversion -Wnon-literal-null-conversion -Wobjc-literal-conversion -Wshorten-64-to-32 -Wpointer-sign -Wno-newline-eof -Wno-implicit-fallthrough -fstrict-aliasing -Wdeprecated-declarations -Wno-sign-conversion -Winfinite-recursion -Wcomma -Wblock-capture-autoreleasing -Wstrict-prototypes -Wno-semicolon-before-method-body -Wunguarded-availability @/Users/runner/Library/Developer/Xcode/DerivedData/PhoneCleaner-dcdzrjknxopvksduvixuduaydjkh/Build/Intermediates.noindex/ArchiveIntermediates/PhoneCleaner/IntermediateBuildFilesPath/PhoneCleaner.build/Release-iphoneos/PhoneCleaner.build/Objects-normal/arm64/7187679823f38a2a940e0043cdf9d637-common-args.resp -MMD -MT dependencies -MF /Users/runner/Library/Developer/Xcode/DerivedData/PhoneCleaner-dcdzrjknxopvksduvixuduaydjkh/Build/Intermediates.noindex/ArchiveIntermediates/PhoneCleaner/IntermediateBuildFilesPath/PhoneCleaner.build/Release-iphoneos/PhoneCleaner.build/Objects-normal/arm64/PhoneCleaner_vers.d --serialize-diagnostics /Users/runner/Library/Developer/Xcode/DerivedData/PhoneCleaner-dcdzrjknxopvksduvixuduaydjkh/Build/Intermediates.noindex/ArchiveIntermediates/PhoneCleaner/IntermediateBuildFilesPath/PhoneCleaner.build/Release-iphoneos/PhoneCleaner.build/Objects-normal/arm64/PhoneCleaner_vers.dia -c /Users/runner/Library/Developer/Xcode/DerivedData/PhoneCleaner-dcdzrjknxopvksduvixuduaydjkh/Build/Intermediates.noindex/ArchiveIntermediates/PhoneCleaner/IntermediateBuildFilesPath/PhoneCleaner.build/Release-iphoneos/PhoneCleaner.build/DerivedSources/PhoneCleaner_vers.c -o /Users/runner/Library/Developer/Xcode/DerivedData/PhoneCleaner-dcdzrjknxopvksduvixuduaydjkh/Build/Intermediates.noindex/ArchiveIntermediates/PhoneCleaner/IntermediateBuildFilesPath/PhoneCleaner.build/Release-iphoneos/PhoneCleaner.build/Objects-normal/arm64/PhoneCleaner_vers.o

CompileC /Users/runner/Library/Developer/Xcode/DerivedData/PhoneCleaner-dcdzrjknxopvksduvixuduaydjkh/Build/Intermediates.noindex/ArchiveIntermediates/PhoneCleaner/IntermediateBuildFilesPath/PhoneCleaner.build/Release-iphoneos/PhoneCleaner.build/Objects-normal/arm64/PhoneCleaner_vers.o /Users/runner/Library/Developer/Xcode/DerivedData/PhoneCleaner-dcdzrjknxopvksduvixuduaydjkh/Build/Intermediates.noindex/ArchiveIntermediates/PhoneCleaner/IntermediateBuildFilesPath/PhoneCleaner.build/Release-iphoneos/PhoneCleaner.build/DerivedSources/PhoneCleaner_vers.c normal arm64 c com.apple.compilers.llvm.clang.1_0.compiler (in target 'PhoneCleaner' from project 'PhoneCleaner')
    cd /Users/runner/work/Album_Clean/Album_Clean
    
    Using response file: /Users/runner/Library/Developer/Xcode/DerivedData/PhoneCleaner-dcdzrjknxopvksduvixuduaydjkh/Build/Intermediates.noindex/ArchiveIntermediates/PhoneCleaner/IntermediateBuildFilesPath/PhoneCleaner.build/Release-iphoneos/PhoneCleaner.build/Objects-normal/arm64/7187679823f38a2a940e0043cdf9d637-common-args.resp
    
    /Applications/Xcode_26.3.app/Contents/Developer/Toolchains/XcodeDefault.xctoolchain/usr/bin/clang -x c -ivfsstatcache /Users/runner/Library/Developer/Xcode/DerivedData/SDKStatCaches.noindex/iphoneos26.2-23C57-dc75598d0054f22ec865fa860f139d722dd23b4ebda140f7210d155ff1243552.sdkstatcache -fmessage-length\=0 -fdiagnostics-show-note-include-stack -fmacro-backtrace-limit\=0 -fno-color-diagnostics -fmodules-prune-interval\=86400 -fmodules-prune-after\=345600 -fbuild-session-file\=/Users/runner/Library/Developer/Xcode/DerivedData/ModuleCache.noindex/Session.modulevalidation -fmodules-validate-once-per-build-session -Wnon-modular-include-in-framework-module -Werror\=non-modular-include-in-framework-module -Wno-trigraphs -Wno-missing-field-initializers -Wno-missing-prototypes -Werror\=return-type -Wdocumentation -Wunreachable-code -Werror\=deprecated-objc-isa-usage -Werror\=objc-root-class -Wno-missing-braces -Wparentheses -Wswitch -Wunused-function -Wno-unused-label -Wno-unused-parameter -Wunused-variable -Wunused-value -Wempty-body -Wuninitialized -Wconditional-uninitialized -Wno-unknown-pragmas -Wno-shadow -Wno-four-char-constants -Wno-conversion -Wconstant-conversion -Wint-conversion -Wbool-conversion -Wenum-conversion -Wno-float-conversion -Wnon-literal-null-conversion -Wobjc-literal-conversion -Wshorten-64-to-32 -Wpointer-sign -Wno-newline-eof -Wno-implicit-fallthrough -fstrict-aliasing -Wdeprecated-declarations -Wno-sign-conversion -Winfinite-recursion -Wcomma -Wblock-capture-autoreleasing -Wstrict-prototypes -Wno-semicolon-before-method-body -Wunguarded-availability @/Users/runner/Library/Developer/Xcode/DerivedData/PhoneCleaner-dcdzrjknxopvksduvixuduaydjkh/Build/Intermediates.noindex/ArchiveIntermediates/PhoneCleaner/IntermediateBuildFilesPath/PhoneCleaner.build/Release-iphoneos/PhoneCleaner.build/Objects-normal/arm64/7187679823f38a2a940e0043cdf9d637-common-args.resp -MMD -MT dependencies -MF /Users/runner/Library/Developer/Xcode/DerivedData/PhoneCleaner-dcdzrjknxopvksduvixuduaydjkh/Build/Intermediates.noindex/ArchiveIntermediates/PhoneCleaner/IntermediateBuildFilesPath/PhoneCleaner.build/Release-iphoneos/PhoneCleaner.build/Objects-normal/arm64/PhoneCleaner_vers.d --serialize-diagnostics /Users/runner/Library/Developer/Xcode/DerivedData/PhoneCleaner-dcdzrjknxopvksduvixuduaydjkh/Build/Intermediates.noindex/ArchiveIntermediates/PhoneCleaner/IntermediateBuildFilesPath/PhoneCleaner.build/Release-iphoneos/PhoneCleaner.build/Objects-normal/arm64/PhoneCleaner_vers.dia -c /Users/runner/Library/Developer/Xcode/DerivedData/PhoneCleaner-dcdzrjknxopvksduvixuduaydjkh/Build/Intermediates.noindex/ArchiveIntermediates/PhoneCleaner/IntermediateBuildFilesPath/PhoneCleaner.build/Release-iphoneos/PhoneCleaner.build/DerivedSources/PhoneCleaner_vers.c -o /Users/runner/Library/Developer/Xcode/DerivedData/PhoneCleaner-dcdzrjknxopvksduvixuduaydjkh/Build/Intermediates.noindex/ArchiveIntermediates/PhoneCleaner/IntermediateBuildFilesPath/PhoneCleaner.build/Release-iphoneos/PhoneCleaner.build/Objects-normal/arm64/PhoneCleaner_vers.o

Ld /Users/runner/Library/Developer/Xcode/DerivedData/PhoneCleaner-dcdzrjknxopvksduvixuduaydjkh/Build/Intermediates.noindex/ArchiveIntermediates/PhoneCleaner/InstallationBuildProductsLocation/Applications/PhoneCleaner.app/PhoneCleaner normal (in target 'PhoneCleaner' from project 'PhoneCleaner')
    cd /Users/runner/work/Album_Clean/Album_Clean
    /Applications/Xcode_26.3.app/Contents/Developer/Toolchains/XcodeDefault.xctoolchain/usr/bin/clang -Xlinker -reproducible -target arm64-apple-ios16.0 -isysroot /Applications/Xcode_26.3.app/Contents/Developer/Platforms/iPhoneOS.platform/Developer/SDKs/iPhoneOS26.2.sdk -Os -L/Users/runner/Library/Developer/Xcode/DerivedData/PhoneCleaner-dcdzrjknxopvksduvixuduaydjkh/Build/Intermediates.noindex/ArchiveIntermediates/PhoneCleaner/IntermediateBuildFilesPath/EagerLinkingTBDs/Release-iphoneos -L/Users/runner/Library/Developer/Xcode/DerivedData/PhoneCleaner-dcdzrjknxopvksduvixuduaydjkh/Build/Intermediates.noindex/ArchiveIntermediates/PhoneCleaner/BuildProductsPath/Release-iphoneos -L/var/run/com.apple.security.cryptexd/mnt/com.apple.MobileAsset.MetalToolchain-v17.3.7003.10.0ISSnU/Metal.xctoolchain/usr/lib/swift/iphoneos -L/Applications/Xcode_26.3.app/Contents/Developer/Platforms/iPhoneOS.platform/Developer/SDKs/iPhoneOS26.2.sdk/usr/lib/swift -F/Users/runner/Library/Developer/Xcode/DerivedData/PhoneCleaner-dcdzrjknxopvksduvixuduaydjkh/Build/Intermediates.noindex/ArchiveIntermediates/PhoneCleaner/IntermediateBuildFilesPath/EagerLinkingTBDs/Release-iphoneos -F/Users/runner/Library/Developer/Xcode/DerivedData/PhoneCleaner-dcdzrjknxopvksduvixuduaydjkh/Build/Intermediates.noindex/ArchiveIntermediates/PhoneCleaner/BuildProductsPath/Release-iphoneos -F/Users/runner/Library/Developer/Xcode/DerivedData/PhoneCleaner-dcdzrjknxopvksduvixuduaydjkh/Build/Intermediates.noindex/ArchiveIntermediates/PhoneCleaner/BuildProductsPath/Release-iphoneos/PlusKit -F/Users/runner/work/Album_Clean/Album_Clean/Pods/UMCommon/UMCommon_7.6.4 -F/Users/runner/work/Album_Clean/Album_Clean/Pods/UMDevice/UMDevice_3.6.0 -F/Users/runner/Library/Developer/Xcode/DerivedData/PhoneCleaner-dcdzrjknxopvksduvixuduaydjkh/Build/Intermediates.noindex/ArchiveIntermediates/PhoneCleaner/BuildProductsPath/Release-iphoneos/XCFrameworkIntermediates/UMCommon -F/Users/runner/Library/Developer/Xcode/DerivedData/PhoneCleaner-dcdzrjknxopvksduvixuduaydjkh/Build/Intermediates.noindex/ArchiveIntermediates/PhoneCleaner/BuildProductsPath/Release-iphoneos/XCFrameworkIntermediates/UMDevice -filelist /Users/runner/Library/Developer/Xcode/DerivedData/PhoneCleaner-dcdzrjknxopvksduvixuduaydjkh/Build/Intermediates.noindex/ArchiveIntermediates/PhoneCleaner/IntermediateBuildFilesPath/PhoneCleaner.build/Release-iphoneos/PhoneCleaner.build/Objects-normal/arm64/PhoneCleaner.LinkFileList -Xlinker -rpath -Xlinker /usr/lib/swift -Xlinker -rpath -Xlinker @executable_path/Frameworks -Xlinker -rpath -Xlinker @loader_path/Frameworks -dead_strip -Xlinker -object_path_lto -Xlinker /Users/runner/Library/Developer/Xcode/DerivedData/PhoneCleaner-dcdzrjknxopvksduvixuduaydjkh/Build/Intermediates.noindex/ArchiveIntermediates/PhoneCleaner/IntermediateBuildFilesPath/PhoneCleaner.build/Release-iphoneos/PhoneCleaner.build/Objects-normal/arm64/PhoneCleaner_lto.o -Xlinker -final_output -Xlinker /Applications/PhoneCleaner.app/PhoneCleaner -Xlinker -dependency_info -Xlinker /Users/runner/Library/Developer/Xcode/DerivedData/PhoneCleaner-dcdzrjknxopvksduvixuduaydjkh/Build/Intermediates.noindex/ArchiveIntermediates/PhoneCleaner/IntermediateBuildFilesPath/PhoneCleaner.build/Release-iphoneos/PhoneCleaner.build/Objects-normal/arm64/PhoneCleaner_dependency_info.dat -fobjc-link-runtime -L/Applications/Xcode_26.3.app/Contents/Developer/Toolchains/XcodeDefault.xctoolchain/usr/lib/swift/iphoneos -L/usr/lib/swift -Xlinker -add_ast_path -Xlinker /Users/runner/Library/Developer/Xcode/DerivedData/PhoneCleaner-dcdzrjknxopvksduvixuduaydjkh/Build/Intermediates.noindex/ArchiveIntermediates/PhoneCleaner/IntermediateBuildFilesPath/PhoneCleaner.build/Release-iphoneos/PhoneCleaner.build/Objects-normal/arm64/PhoneCleaner.swiftmodule @/Users/runner/Library/Developer/Xcode/DerivedData/PhoneCleaner-dcdzrjknxopvksduvixuduaydjkh/Build/Intermediates.noindex/ArchiveIntermediates/PhoneCleaner/IntermediateBuildFilesPath/PhoneCleaner.build/Release-iphoneos/PhoneCleaner.build/Objects-normal/arm64/PhoneCleaner-linker-args.resp -ObjC -lsqlite3 -lz -framework AdServices -framework CoreTelephony -framework Foundation -framework PlusKit -framework Security -framework StoreKit -framework SystemConfiguration -framework UMCommon -framework UMDevice -framework WebKit -framework Pods_PhoneCleaner -Xlinker -no_adhoc_codesign -o /Users/runner/Library/Developer/Xcode/DerivedData/PhoneCleaner-dcdzrjknxopvksduvixuduaydjkh/Build/Intermediates.noindex/ArchiveIntermediates/PhoneCleaner/InstallationBuildProductsLocation/Applications/PhoneCleaner.app/PhoneCleaner
ld: warning: search path '/var/run/com.apple.security.cryptexd/mnt/com.apple.MobileAsset.MetalToolchain-v17.3.7003.10.0ISSnU/Metal.xctoolchain/usr/lib/swift/iphoneos' not found

GenerateDSYMFile /Users/runner/Library/Developer/Xcode/DerivedData/PhoneCleaner-dcdzrjknxopvksduvixuduaydjkh/Build/Intermediates.noindex/ArchiveIntermediates/PhoneCleaner/BuildProductsPath/Release-iphoneos/PhoneCleaner.app.dSYM /Users/runner/Library/Developer/Xcode/DerivedData/PhoneCleaner-dcdzrjknxopvksduvixuduaydjkh/Build/Intermediates.noindex/ArchiveIntermediates/PhoneCleaner/InstallationBuildProductsLocation/Applications/PhoneCleaner.app/PhoneCleaner (in target 'PhoneCleaner' from project 'PhoneCleaner')
    cd /Users/runner/work/Album_Clean/Album_Clean
    /Applications/Xcode_26.3.app/Contents/Developer/Toolchains/XcodeDefault.xctoolchain/usr/bin/dsymutil /Users/runner/Library/Developer/Xcode/DerivedData/PhoneCleaner-dcdzrjknxopvksduvixuduaydjkh/Build/Intermediates.noindex/ArchiveIntermediates/PhoneCleaner/InstallationBuildProductsLocation/Applications/PhoneCleaner.app/PhoneCleaner -o /Users/runner/Library/Developer/Xcode/DerivedData/PhoneCleaner-dcdzrjknxopvksduvixuduaydjkh/Build/Intermediates.noindex/ArchiveIntermediates/PhoneCleaner/BuildProductsPath/Release-iphoneos/PhoneCleaner.app.dSYM

CopySwiftLibs /Users/runner/Library/Developer/Xcode/DerivedData/PhoneCleaner-dcdzrjknxopvksduvixuduaydjkh/Build/Intermediates.noindex/ArchiveIntermediates/PhoneCleaner/InstallationBuildProductsLocation/Applications/PhoneCleaner.app (in target 'PhoneCleaner' from project 'PhoneCleaner')
    cd /Users/runner/work/Album_Clean/Album_Clean
    builtin-swiftStdLibTool --copy --verbose --sign 5A6768E79E658AF58BCF1234FF7D215D81235F01 --scan-executable /Users/runner/Library/Developer/Xcode/DerivedData/PhoneCleaner-dcdzrjknxopvksduvixuduaydjkh/Build/Intermediates.noindex/ArchiveIntermediates/PhoneCleaner/InstallationBuildProductsLocation/Applications/PhoneCleaner.app/PhoneCleaner --scan-folder /Users/runner/Library/Developer/Xcode/DerivedData/PhoneCleaner-dcdzrjknxopvksduvixuduaydjkh/Build/Intermediates.noindex/ArchiveIntermediates/PhoneCleaner/InstallationBuildProductsLocation/Applications/PhoneCleaner.app/Frameworks --scan-folder /Users/runner/Library/Developer/Xcode/DerivedData/PhoneCleaner-dcdzrjknxopvksduvixuduaydjkh/Build/Intermediates.noindex/ArchiveIntermediates/PhoneCleaner/InstallationBuildProductsLocation/Applications/PhoneCleaner.app/PlugIns --scan-folder /Users/runner/Library/Developer/Xcode/DerivedData/PhoneCleaner-dcdzrjknxopvksduvixuduaydjkh/Build/Intermediates.noindex/ArchiveIntermediates/PhoneCleaner/InstallationBuildProductsLocation/Applications/PhoneCleaner.app/SystemExtensions --scan-folder /Users/runner/Library/Developer/Xcode/DerivedData/PhoneCleaner-dcdzrjknxopvksduvixuduaydjkh/Build/Intermediates.noindex/ArchiveIntermediates/PhoneCleaner/InstallationBuildProductsLocation/Applications/PhoneCleaner.app/Extensions --scan-folder /Users/runner/Library/Developer/Xcode/DerivedData/PhoneCleaner-dcdzrjknxopvksduvixuduaydjkh/Build/Intermediates.noindex/ArchiveIntermediates/PhoneCleaner/BuildProductsPath/Release-iphoneos/Pods_PhoneCleaner.framework --platform iphoneos --toolchain /var/run/com.apple.security.cryptexd/mnt/com.apple.MobileAsset.MetalToolchain-v17.3.7003.10.0ISSnU/Metal.xctoolchain --toolchain /Applications/Xcode_26.3.app/Contents/Developer/Toolchains/XcodeDefault.xctoolchain --destination /Users/runner/Library/Developer/Xcode/DerivedData/PhoneCleaner-dcdzrjknxopvksduvixuduaydjkh/Build/Intermediates.noindex/ArchiveIntermediates/PhoneCleaner/InstallationBuildProductsLocation/Applications/PhoneCleaner.app/Frameworks --unsigned-destination /Users/runner/Library/Developer/Xcode/DerivedData/PhoneCleaner-dcdzrjknxopvksduvixuduaydjkh/Build/Intermediates.noindex/ArchiveIntermediates/PhoneCleaner/BuildProductsPath/SwiftSupport --strip-bitcode --strip-bitcode-tool /Applications/Xcode_26.3.app/Contents/Developer/Toolchains/XcodeDefault.xctoolchain/usr/bin/bitcode_strip --emit-dependency-info /Users/runner/Library/Developer/Xcode/DerivedData/PhoneCleaner-dcdzrjknxopvksduvixuduaydjkh/Build/Intermediates.noindex/ArchiveIntermediates/PhoneCleaner/IntermediateBuildFilesPath/PhoneCleaner.build/Release-iphoneos/PhoneCleaner.build/SwiftStdLibToolInputDependencies.dep --filter-for-swift-os --back-deploy-swift-span

ExtractAppIntentsMetadata (in target 'PhoneCleaner' from project 'PhoneCleaner')
    cd /Users/runner/work/Album_Clean/Album_Clean
    /Applications/Xcode_26.3.app/Contents/Developer/Toolchains/XcodeDefault.xctoolchain/usr/bin/appintentsmetadataprocessor --toolchain-dir /var/run/com.apple.security.cryptexd/mnt/com.apple.MobileAsset.MetalToolchain-v17.3.7003.10.0ISSnU/Metal.xctoolchain --module-name PhoneCleaner --sdk-root /Applications/Xcode_26.3.app/Contents/Developer/Platforms/iPhoneOS.platform/Developer/SDKs/iPhoneOS26.2.sdk --xcode-version 17C529 --platform-family iOS --deployment-target 16.0 --bundle-identifier com.smz.yrk.pxf --output /Users/runner/Library/Developer/Xcode/DerivedData/PhoneCleaner-dcdzrjknxopvksduvixuduaydjkh/Build/Intermediates.noindex/ArchiveIntermediates/PhoneCleaner/InstallationBuildProductsLocation/Applications/PhoneCleaner.app --target-triple arm64-apple-ios16.0 --binary-file /Users/runner/Library/Developer/Xcode/DerivedData/PhoneCleaner-dcdzrjknxopvksduvixuduaydjkh/Build/Intermediates.noindex/ArchiveIntermediates/PhoneCleaner/InstallationBuildProductsLocation/Applications/PhoneCleaner.app/PhoneCleaner --dependency-file /Users/runner/Library/Developer/Xcode/DerivedData/PhoneCleaner-dcdzrjknxopvksduvixuduaydjkh/Build/Intermediates.noindex/ArchiveIntermediates/PhoneCleaner/IntermediateBuildFilesPath/PhoneCleaner.build/Release-iphoneos/PhoneCleaner.build/Objects-normal/arm64/PhoneCleaner_dependency_info.dat --stringsdata-file /Users/runner/Library/Developer/Xcode/DerivedData/PhoneCleaner-dcdzrjknxopvksduvixuduaydjkh/Build/Intermediates.noindex/ArchiveIntermediates/PhoneCleaner/IntermediateBuildFilesPath/PhoneCleaner.build/Release-iphoneos/PhoneCleaner.build/Objects-normal/arm64/ExtractedAppShortcutsMetadata.stringsdata --source-file-list /Users/runner/Library/Developer/Xcode/DerivedData/PhoneCleaner-dcdzrjknxopvksduvixuduaydjkh/Build/Intermediates.noindex/ArchiveIntermediates/PhoneCleaner/IntermediateBuildFilesPath/PhoneCleaner.build/Release-iphoneos/PhoneCleaner.build/Objects-normal/arm64/PhoneCleaner.SwiftFileList --metadata-file-list /Users/runner/Library/Developer/Xcode/DerivedData/PhoneCleaner-dcdzrjknxopvksduvixuduaydjkh/Build/Intermediates.noindex/ArchiveIntermediates/PhoneCleaner/IntermediateBuildFilesPath/PhoneCleaner.build/Release-iphoneos/PhoneCleaner.build/PhoneCleaner.DependencyMetadataFileList --static-metadata-file-list /Users/runner/Library/Developer/Xcode/DerivedData/PhoneCleaner-dcdzrjknxopvksduvixuduaydjkh/Build/Intermediates.noindex/ArchiveIntermediates/PhoneCleaner/IntermediateBuildFilesPath/PhoneCleaner.build/Release-iphoneos/PhoneCleaner.build/PhoneCleaner.DependencyStaticMetadataFileList --swift-const-vals-list /Users/runner/Library/Developer/Xcode/DerivedData/PhoneCleaner-dcdzrjknxopvksduvixuduaydjkh/Build/Intermediates.noindex/ArchiveIntermediates/PhoneCleaner/IntermediateBuildFilesPath/PhoneCleaner.build/Release-iphoneos/PhoneCleaner.build/Objects-normal/arm64/PhoneCleaner.SwiftConstValuesFileList --compile-time-extraction --deployment-aware-processing --validate-assistant-intents --no-app-shortcuts-localization
2026-07-24 01:40:56.429 appintentsmetadataprocessor[7950:27354] Starting appintentsmetadataprocessor export
2026-07-24 01:40:56.551 appintentsmetadataprocessor[7950:27354] Extracted no relevant App Intents symbols, skipping writing output

AppIntentsSSUTraining (in target 'PhoneCleaner' from project 'PhoneCleaner')
    cd /Users/runner/work/Album_Clean/Album_Clean
    /Applications/Xcode_26.3.app/Contents/Developer/Toolchains/XcodeDefault.xctoolchain/usr/bin/appintentsnltrainingprocessor --infoplist-path /Users/runner/Library/Developer/Xcode/DerivedData/PhoneCleaner-dcdzrjknxopvksduvixuduaydjkh/Build/Intermediates.noindex/ArchiveIntermediates/PhoneCleaner/InstallationBuildProductsLocation/Applications/PhoneCleaner.app/Info.plist --temp-dir-path /Users/runner/Library/Developer/Xcode/DerivedData/PhoneCleaner-dcdzrjknxopvksduvixuduaydjkh/Build/Intermediates.noindex/ArchiveIntermediates/PhoneCleaner/IntermediateBuildFilesPath/PhoneCleaner.build/Release-iphoneos/PhoneCleaner.build/ssu --bundle-id com.smz.yrk.pxf --product-path /Users/runner/Library/Developer/Xcode/DerivedData/PhoneCleaner-dcdzrjknxopvksduvixuduaydjkh/Build/Intermediates.noindex/ArchiveIntermediates/PhoneCleaner/InstallationBuildProductsLocation/Applications/PhoneCleaner.app --extracted-metadata-path /Users/runner/Library/Developer/Xcode/DerivedData/PhoneCleaner-dcdzrjknxopvksduvixuduaydjkh/Build/Intermediates.noindex/ArchiveIntermediates/PhoneCleaner/InstallationBuildProductsLocation/Applications/PhoneCleaner.app/Metadata.appintents --deployment-postprocessing --metadata-file-list /Users/runner/Library/Developer/Xcode/DerivedData/PhoneCleaner-dcdzrjknxopvksduvixuduaydjkh/Build/Intermediates.noindex/ArchiveIntermediates/PhoneCleaner/IntermediateBuildFilesPath/PhoneCleaner.build/Release-iphoneos/PhoneCleaner.build/PhoneCleaner.DependencyMetadataFileList --archive-ssu-assets
2026-07-24 01:40:56.581 appintentsnltrainingprocessor[7953:27363] Parsing options for appintentsnltrainingprocessor
2026-07-24 01:40:56.582 appintentsnltrainingprocessor[7953:27363] No AppShortcuts found - Skipping.

Strip /Users/runner/Library/Developer/Xcode/DerivedData/PhoneCleaner-dcdzrjknxopvksduvixuduaydjkh/Build/Intermediates.noindex/ArchiveIntermediates/PhoneCleaner/InstallationBuildProductsLocation/Applications/PhoneCleaner.app/PhoneCleaner (in target 'PhoneCleaner' from project 'PhoneCleaner')
    cd /Users/runner/work/Album_Clean/Album_Clean
    /Applications/Xcode_26.3.app/Contents/Developer/Toolchains/XcodeDefault.xctoolchain/usr/bin/strip -D /Users/runner/Library/Developer/Xcode/DerivedData/PhoneCleaner-dcdzrjknxopvksduvixuduaydjkh/Build/Intermediates.noindex/ArchiveIntermediates/PhoneCleaner/InstallationBuildProductsLocation/Applications/PhoneCleaner.app/PhoneCleaner

SetOwnerAndGroup runner:staff /Users/runner/Library/Developer/Xcode/DerivedData/PhoneCleaner-dcdzrjknxopvksduvixuduaydjkh/Build/Intermediates.noindex/ArchiveIntermediates/PhoneCleaner/InstallationBuildProductsLocation/Applications/PhoneCleaner.app (in target 'PhoneCleaner' from project 'PhoneCleaner')
    cd /Users/runner/work/Album_Clean/Album_Clean
    /usr/sbin/chown -RH runner:staff /Users/runner/Library/Developer/Xcode/DerivedData/PhoneCleaner-dcdzrjknxopvksduvixuduaydjkh/Build/Intermediates.noindex/ArchiveIntermediates/PhoneCleaner/InstallationBuildProductsLocation/Applications/PhoneCleaner.app

SetMode u+w,go-w,a+rX /Users/runner/Library/Developer/Xcode/DerivedData/PhoneCleaner-dcdzrjknxopvksduvixuduaydjkh/Build/Intermediates.noindex/ArchiveIntermediates/PhoneCleaner/InstallationBuildProductsLocation/Applications/PhoneCleaner.app (in target 'PhoneCleaner' from project 'PhoneCleaner')
    cd /Users/runner/work/Album_Clean/Album_Clean
    /bin/chmod -RH u+w,go-w,a+rX /Users/runner/Library/Developer/Xcode/DerivedData/PhoneCleaner-dcdzrjknxopvksduvixuduaydjkh/Build/Intermediates.noindex/ArchiveIntermediates/PhoneCleaner/InstallationBuildProductsLocation/Applications/PhoneCleaner.app

CodeSign /Users/runner/Library/Developer/Xcode/DerivedData/PhoneCleaner-dcdzrjknxopvksduvixuduaydjkh/Build/Intermediates.noindex/ArchiveIntermediates/PhoneCleaner/InstallationBuildProductsLocation/Applications/PhoneCleaner.app (in target 'PhoneCleaner' from project 'PhoneCleaner')
    cd /Users/runner/work/Album_Clean/Album_Clean
    
    Signing Identity:     "Apple Distribution: GERMANY CRAZYART TECHNOLOGY GROUP CO. LIMITED (9ZBSSQVZ6Z)"
    Provisioning Profile: "appstore-com.smz.yrk.pxf-20260724013954234"
                          (8e1a8d45-5175-4f83-953b-fd3a1046e52a)
    
    /usr/bin/codesign --force --sign 5A6768E79E658AF58BCF1234FF7D215D81235F01 --entitlements /Users/runner/Library/Developer/Xcode/DerivedData/PhoneCleaner-dcdzrjknxopvksduvixuduaydjkh/Build/Intermediates.noindex/ArchiveIntermediates/PhoneCleaner/IntermediateBuildFilesPath/PhoneCleaner.build/Release-iphoneos/PhoneCleaner.build/PhoneCleaner.app.xcent --generate-entitlement-der /Users/runner/Library/Developer/Xcode/DerivedData/PhoneCleaner-dcdzrjknxopvksduvixuduaydjkh/Build/Intermediates.noindex/ArchiveIntermediates/PhoneCleaner/InstallationBuildProductsLocation/Applications/PhoneCleaner.app

RegisterExecutionPolicyException /Users/runner/Library/Developer/Xcode/DerivedData/PhoneCleaner-dcdzrjknxopvksduvixuduaydjkh/Build/Intermediates.noindex/ArchiveIntermediates/PhoneCleaner/InstallationBuildProductsLocation/Applications/PhoneCleaner.app (in target 'PhoneCleaner' from project 'PhoneCleaner')
    cd /Users/runner/work/Album_Clean/Album_Clean
    builtin-RegisterExecutionPolicyException /Users/runner/Library/Developer/Xcode/DerivedData/PhoneCleaner-dcdzrjknxopvksduvixuduaydjkh/Build/Intermediates.noindex/ArchiveIntermediates/PhoneCleaner/InstallationBuildProductsLocation/Applications/PhoneCleaner.app

Validate /Users/runner/Library/Developer/Xcode/DerivedData/PhoneCleaner-dcdzrjknxopvksduvixuduaydjkh/Build/Intermediates.noindex/ArchiveIntermediates/PhoneCleaner/InstallationBuildProductsLocation/Applications/PhoneCleaner.app (in target 'PhoneCleaner' from project 'PhoneCleaner')
    cd /Users/runner/work/Album_Clean/Album_Clean
    builtin-validationUtility /Users/runner/Library/Developer/Xcode/DerivedData/PhoneCleaner-dcdzrjknxopvksduvixuduaydjkh/Build/Intermediates.noindex/ArchiveIntermediates/PhoneCleaner/InstallationBuildProductsLocation/Applications/PhoneCleaner.app -shallow-bundle -infoplist-subpath Info.plist

Touch /Users/runner/Library/Developer/Xcode/DerivedData/PhoneCleaner-dcdzrjknxopvksduvixuduaydjkh/Build/Intermediates.noindex/ArchiveIntermediates/PhoneCleaner/InstallationBuildProductsLocation/Applications/PhoneCleaner.app (in target 'PhoneCleaner' from project 'PhoneCleaner')
    cd /Users/runner/work/Album_Clean/Album_Clean
    /usr/bin/touch -c /Users/runner/Library/Developer/Xcode/DerivedData/PhoneCleaner-dcdzrjknxopvksduvixuduaydjkh/Build/Intermediates.noindex/ArchiveIntermediates/PhoneCleaner/InstallationBuildProductsLocation/Applications/PhoneCleaner.app

/Users/runner/work/Album_Clean/Album_Clean/Pods/Pods.xcodeproj: warning: The iOS deployment target 'IPHONEOS_DEPLOYMENT_TARGET' is set to 9.0, but the range of supported deployment target versions is 12.0 to 26.2.99. (in target 'UMDevice' from project 'Pods')
/Users/runner/work/Album_Clean/Album_Clean/Pods/Pods.xcodeproj: warning: The iOS deployment target 'IPHONEOS_DEPLOYMENT_TARGET' is set to 9.0, but the range of supported deployment target versions is 12.0 to 26.2.99. (in target 'UMCommon' from project 'Pods')
** ARCHIVE SUCCEEDED **

